,1INCHUSDT,A2ZUSDT,AAVEUSDT,ACHUSDT,ADAUSDT,ADXUSDT,AIXBTUSDT,ALGOUSDT,ALICEUSDT,ALPINEUSDT,ANIMEUSDT,ANKRUSDT,APEUSDT,API3USDT,APTUSDT,ARBUSDT,ASTERUSDT,ASTRUSDT,ATOMUSDT,AUDIOUSDT,AUSDT,AVAXUSDT,AVNTUSDT,AXLUSDT,AXSUSDT,BANDUSDT,BATUSDT,BCHUSDT,BICOUSDT,BLURUSDT,BMTUSDT,BNBUSDT,BNTUSDT,BONKUSDT,BTCUSDT,CAKEUSDT,CELOUSDT,CELRUSDT,CHZUSDT,COMPUSDT,COTIUSDT,CRVUSDT,CTSIUSDT,DASHUSDT,DGBUSDT,DIAUSDT,DOGEUSDT,DOTUSDT,DUSDT,DUSKUSDT,EGLDUSDT,EIGENUSDT,ENAUSDT,ENJUSDT,ENSUSDT,ETCUSDT,ETHUSDT,FETUSDT,FILUSDT,FLOKIUSDT,FLOWUSDT,FLUXUSDT,FORTHUSDT,GALAUSDT,GASUSDT,GLMUSDT,GRTUSDT,GTCUSDT,GUSDT,HBARUSDT,ICPUSDT,ICXUSDT,ILVUSDT,IMXUSDT,IOSTUSDT,IOTAUSDT,IOTXUSDT,JASMYUSDT,JTOUSDT,JUPUSDT,KAITOUSDT,KAVAUSDT,KNCUSDT,KSMUSDT,LAYERUSDT,LAZIOUSDT,LDOUSDT,LINKUSDT,LPTUSDT,LRCUSDT,LSKUSDT,LTCUSDT,MAGICUSDT,MANAUSDT,MASKUSDT,METISUSDT,MEUSDT,NEARUSDT,NEIROUSDT,NEOUSDT,NMRUSDT,OGNUSDT,ONDOUSDT,ONEUSDT,ONGUSDT,ONTUSDT,OPUSDT,ORCAUSDT,OXTUSDT,PAXGUSDT,PENGUUSDT,PEPEUSDT,PNUTUSDT,POLUSDT,POLYXUSDT,PONDUSDT,PORTOUSDT,PROMUSDT,PUMPUSDT,QNTUSDT,QTUMUSDT,RADUSDT,RAREUSDT,RENDERUSDT,REQUSDT,RLCUSDT,ROSEUSDT,RVNUSDT,SANDUSDT,SANTOSUSDT,SEIUSDT,SHIBUSDT,SKLUSDT,SKYUSDT,SLPUSDT,SNXUSDT,SOLUSDT,SPELLUSDT,STGUSDT,STORJUSDT,SUIUSDT,SUSDT,SUSHIUSDT,SYSUSDT,TFUELUSDT,THETAUSDT,TIAUSDT,TLMUSDT,TRUMPUSDT,TRXUSDT,TURBOUSDT,TUSDT,TUSDUSDT,TWTUSDT,UNIUSDT,USD1USDT,USDCUSDT,VETUSDT,VIRTUALUSDT,VTHOUSDT,WAXPUSDT,WIFUSDT,WLDUSDT,WLFIUSDT,XECUSDT,XLMUSDT,XNOUSDT,XRPUSDT,XTZUSDT,YFIUSDT,ZECUSDT,ZENUSDT,ZILUSDT,ZRXUSDT
1INCHUSDT,1.0,0.1650210932374881,0.874953086410609,0.7795874341896086,0.8903863709917401,0.21518740540935508,0.5832607840442504,0.4063515916049305,0.5025766689939195,0.5752792689942208,0.44752947813168736,-0.0488126550928133,0.816215965502772,0.8319882974619888,0.600997260583701,0.8326840238039819,0.6000908120165593,0.7794727652104109,0.7568818400433771,0.6103325536262622,0.7797896734901825,0.9132548197573771,0.5776735044987262,0.7418645792865743,0.5317252445992058,0.7263079439178384,0.7323201542780395,0.4795582873699471,0.5643286921635086,0.40274712484158587,0.582553138184991,0.9009747541158818,0.9610328042094847,0.8892714715935016,0.9401703904510429,0.7848586705675711,0.4986832424376021,0.6860759600542601,0.5112337748469103,0.45667474028245897,0.5781110865937846,0.817972892294768,-0.18768288557366142,0.5407667436725889,0.7082252068978917,0.608959770062942,0.8629239782813299,0.632685672720945,0.1791769858206717,0.28258999880284197,0.877387989538449,0.8538225884608132,0.8169488934384365,-0.2031895267401654,0.9180562038991353,0.8091082730533772,0.9527699168962155,0.7797891568745087,0.8308599951512076,0.8605177575482433,0.18182650893739968,0.4143903867871411,0.3430256807345183,0.8177572673266793,0.4042910618420201,0.7004325408941475,0.8184561035079758,0.28650168137282256,0.4958783171710578,0.8563433607259624,0.6430326732563438,0.617737098688205,0.577211616395956,0.7493277604907175,0.8356253073604868,0.5974976437512445,0.3957130627897514,0.7727665237186635,0.6272292359168737,0.7158012605960091,0.2453520173403275,0.38633529341738554,0.24310258570517523,0.7966051882384545,0.8386883050415316,0.4975916792466715,0.7899984591888696,0.9444894986464837,0.7161692712047533,0.42436866115038635,0.8060581353381304,0.9031666663004462,0.7220525982260844,0.8729279755588917,0.5821642016245389,0.828250349034675,0.8488505752364086,0.7143653221808007,0.8355484888183611,0.6516931301796223,0.4985238667124472,0.2187395199737128,0.7787184971611804,0.5805131476291071,0.21550829065545965,0.26607166888237893,0.8621914549158115,0.8760684654966641,0.30942743972527137,0.49687028051135046,0.9416095726340985,0.7405470615113493,0.9049881835627064,0.6998295910361714,0.3032666285049086,0.7029057023371497,0.7006431785706301,0.3290946586468086,0.7616464166288603,0.12064947175342453,0.6611004409053498,0.6537935133808785,0.7788418080561734,0.5848415596969582,0.7180024526651247,0.7577219853260394,0.7383089527813687,0.6991133603289881,0.9198440523401822,0.36563789473433356,0.6819533339482324,0.8096086328583165,0.5976851245814621,0.5162119795283392,0.501798061912423,0.6933010543216239,0.9045247716207753,0.8194390756808332,0.18478328668885002,0.6318707159807431,0.9002828609061276,0.8064101568636444,0.9120481146668019,0.3590473894046593,0.6798326619691678,0.6840595697373169,0.9106330535811554,0.6539455241940105,0.39342664635777336,-0.03491048824609649,0.33067791006557634,0.8059049625950788,0.12412094951765179,0.34594246310953997,0.8818361486870899,-0.06868909595698092,-0.01838101166245719,0.7275889771174077,0.8668372021100111,0.7855924134686428,0.3461973442146434,0.7943497226972981,0.794439261312075,0.47284776709667775,0.7900074969529035,0.7602191949602446,0.6302194749736828,0.8975077107168868,0.7904648523960286,0.7019433167348968,0.7186154251857275,0.8200560901583096,0.8401522647088254,0.831698360033124
A2ZUSDT,0.1650210932374881,1.0,0.09523854356138499,0.050855916528006966,0.24015476038642175,0.24960983156703265,0.0929772853535448,-0.12874008144787186,0.006115666693573891,0.12712185042500287,0.18585952301097008,-0.09828904466509363,0.1908764345796102,-0.07318469921335057,0.0007970664215399952,0.18040968945629068,0.3548921792964621,0.12702702674247465,-0.03296500048291211,0.20939589194721459,0.21407596061912115,0.20171088875849652,0.11589831032690691,0.09035396756397344,0.06876491548173258,0.03693467180090335,-0.007894165990365737,0.049559149797958724,0.07195493771635178,0.12743940102938017,0.15242390324010957,0.0725860132932848,0.10108948343289942,0.12973352133152272,0.19831606107018648,0.15860552621675295,0.2106410780704354,0.02032725242283402,0.16768022510528394,0.06670509607877463,0.1661913998973133,0.07611070012734122,0.05068301436936686,0.18577254982654573,0.03073131560471024,-0.027546818781951497,0.16202982440998345,0.10512057667131815,0.12954409761381167,0.08115347965746567,0.14191735854310927,0.139382345882156,0.18488059015147995,-0.0319668892881072,0.19017467085309342,0.10446714609286888,0.12911856252717654,0.15678463692761327,0.1652636932615458,0.15277721665059577,0.2311545332839815,-0.21063011597837802,0.5936113461297562,0.07002740517074056,-0.0304998230771962,0.13674069153081547,0.1047402748370276,0.029493787666951977,0.11749123831666816,0.14671371907869887,0.08158247623829872,-0.009531740664009903,-0.21001689464344017,0.2897298982272573,-0.11957117786350692,0.23126434533829412,0.14213495729759346,0.09138009310292713,0.13467052319394496,-0.027053595794581588,0.24732629733350692,0.11544380861682227,-0.0031108516741902626,0.11532541238817896,0.20321972589312984,-0.045625773613527945,0.021717552011008386,0.17428117622957537,0.07136370551299707,0.24522465430894905,0.08441680556781243,0.11611603413672165,0.08430875107521263,0.11366219470710659,0.22976047196948396,0.27419585210285896,0.29422129284800574,0.2297144049530461,0.207557799430489,0.08641407355608213,0.2122530422234251,-0.042612236625398134,-0.017741843216161977,0.10638278540475193,0.14658243228253884,-0.13095113831277883,0.034170113645830474,-0.034788090483474476,-0.017262068428480198,-0.2967747492776287,0.1140699367848285,0.08188402613716698,0.20046804694131667,0.20846516571800186,0.15560290176662922,0.20567165212267505,0.024955360878334987,0.16005357046620886,0.1584393262524219,-0.20524145541622812,-0.18293044530506214,0.05331506287754455,0.13644288552805825,0.009465056421067835,0.1695992519927769,0.0478808648648325,0.19539274444511198,0.12246085512417458,0.10172294943766942,0.1287321129317373,0.3581877243533796,0.16190690480668274,-0.44108118733932355,0.11468378504730455,0.031024906563311732,0.053989438719743266,0.24058871674430843,0.28978598701700536,-0.00029958026100149367,0.17733160432794015,0.13635047300772082,0.2708984989875418,0.17022217065385278,0.004837352629982344,0.12305353010063504,0.19109202634620315,0.16549003851752414,0.0662956962196391,-0.024206396849418697,0.3052615624557351,0.21072724740288346,0.07038124723483537,0.4281997706769687,0.6232741530889155,0.09571251261039337,-0.10935691745219737,-0.331834919067726,0.08618410622321901,0.0003938136881090047,0.09707435769034363,0.092860291056776,0.18786011567290573,0.2152663084330826,0.06350197079739456,0.14058215397290205,0.00987875769764233,-0.024568247900193466,0.23902486048132351,0.0037220550755834515,-0.05124069743452429,0.015480125161295419,0.05509053993414152,0.1599702061221445,-0.0018593852093016995
AAVEUSDT,0.874953086410609,0.09523854356138499,1.0,0.7825189893606108,0.8511015330320001,0.24071778905791025,0.4829363960911421,0.40560080866108417,0.4051579320385203,0.4796735795834696,0.3338841101293317,-0.033965612723464086,0.6719473305165182,0.7478830282065556,0.6778680275162594,0.8028718620377765,0.4808293395353657,0.738363493106547,0.6522507198603982,0.5610915542964662,0.798622655877764,0.8525471740656787,0.4318421029472441,0.6325123153898344,0.4419450401082142,0.5557634948154304,0.8003114099124203,0.3625330370967207,0.47183797469147354,0.31027031878436734,0.5381636874958223,0.8064098071769085,0.8819984119898566,0.8409277980513316,0.8632930607549574,0.7383059255816734,0.49304535580677183,0.7184683254633656,0.3863200544634547,0.35134576024608266,0.5759457880662381,0.8070302392421154,-0.08659553297084667,0.5976168143356253,0.6694038550256055,0.5790987422809981,0.8628392117405191,0.6095634966172594,0.15100945718918027,0.3791437265027363,0.7862579885974138,0.8636584726909826,0.738390857564532,-0.22116784321179458,0.8463581519278894,0.7910559128483259,0.9095223825445774,0.7870775284645593,0.8090921596615094,0.8559800615001519,0.1036416462561118,0.3396118003167547,0.2069038618086979,0.7561823717645562,0.495479817501796,0.5509454798783061,0.7398625690539629,0.23606354218890746,0.5230722420294233,0.8354631654331874,0.446144323559044,0.515383957245509,0.5571252558260151,0.6324025779492859,0.8079390581891069,0.6266577680647645,0.4078101017828402,0.7079740628077045,0.5754378502470318,0.702969631264119,0.33248827595727365,0.34928061348148437,0.15720893096598998,0.8102153481760677,0.6662730766918517,0.42893771822316196,0.6995851970919666,0.9078829055479544,0.814061931543089,0.3406013021840229,0.7186715767632822,0.8449903337818059,0.697222433501776,0.7614811811810979,0.5410348828065531,0.806728720668188,0.8034800083436041,0.6825328583223089,0.7612012748778698,0.6672093386151994,0.41007778495651354,0.029146847968785798,0.7026613776526093,0.5962594740523893,0.26418037050754833,0.32703883638397074,0.7860332655629556,0.7743956533616977,0.19338169965633004,0.35879080905518645,0.8992052268944534,0.7763522240007044,0.8082474285394594,0.6850525985649887,0.22118135430838812,0.5925389077255824,0.6292979157167166,0.31985586574300795,0.7147792368303842,0.3408674591019017,0.6551546879055228,0.6055795185643742,0.6778793480807934,0.5542707274248814,0.5622698243747112,0.6824595603405629,0.73890357299279,0.5650212763360012,0.8648329800291664,0.1937045926889185,0.6745390075199407,0.7891349980575525,0.4999751577176096,0.4264070655030594,0.5167928325423494,0.6012008879567626,0.877031588052268,0.740537154495193,0.1753218683313596,0.6233275299296006,0.8234900759517501,0.7161071813800853,0.8238219762294278,0.2981971286949571,0.581495679251365,0.5636903590622039,0.8392152471487921,0.6322258352708839,0.3158972289102652,-0.17648743399751576,0.31387475575339563,0.726597537236496,0.17708900039075537,0.4098161494442991,0.7953997907737885,-0.13308994290716156,0.00784496684987027,0.7348739314812263,0.8778281344849975,0.7476095157144385,0.28944515690308326,0.7505232377516935,0.774186181968169,0.39555977675698584,0.773867221851876,0.783057455371468,0.559708339809204,0.861148020977935,0.8352329329341065,0.7128659530409067,0.629616574582406,0.8167960242704569,0.7689298298959891,0.8069416097466158
ACHUSDT,0.7795874341896086,0.050855916528006966,0.7825189893606108,1.0,0.8184519910399851,0.033030315313998665,0.6328861004031022,0.5077668831725708,0.4108588656492987,0.3618051518405443,0.32294616248689034,0.04446345686032477,0.8339667152928091,0.7311078096366953,0.6188044271722172,0.687539927492498,0.4794207731557788,0.6750061198168458,0.7104254321854254,0.44997111872326173,0.6877837214226736,0.7808036277996874,0.4486864020462441,0.5154736824672721,0.4642274040763871,0.5811220823089868,0.6473428959265005,0.4838381187058056,0.5699956230674909,0.2836127789022617,0.34942221823438824,0.730506813569053,0.8039262449628481,0.8282488399493281,0.7130292758655308,0.5567065075931716,0.540537138017109,0.5974418995555659,0.5279930673958317,0.4503357772344069,0.6730872237649146,0.641947107088901,-0.15792139999980276,0.4645108969168049,0.5708063220765317,0.6123424384112458,0.7734196981409089,0.7250684318674948,0.047722772234434455,0.2984116323702657,0.8129479219938741,0.7600545962779606,0.6159100570138818,-0.21117162190440233,0.7945757399325283,0.7118334916861098,0.8107250973869412,0.7895678337555211,0.7851956318780884,0.7613744627436668,0.05722144735117628,0.42167848547484155,0.22050704462669066,0.7503257047419813,0.635498690664391,0.6624363520287324,0.6867788628849152,0.10541209339028342,0.6126677224691831,0.7371625017396939,0.5036613702669086,0.684254871449319,0.48966166780337234,0.7546921542525995,0.8420024493081045,0.6668046501823285,0.32183195129333897,0.7608254136127923,0.44545147900398196,0.7275781595604326,0.027689859971210172,0.4142842613224463,0.3446148109558789,0.760704352663212,0.637173813554529,0.3464008366880142,0.7065672760727763,0.7670580373141307,0.658031780461278,0.32629791800514335,0.721598046921926,0.8597687225680232,0.7677307032311242,0.7528571116288061,0.5447943661896503,0.7227497139938602,0.7654781520957233,0.6840163074924024,0.7291083277743747,0.6592084067335885,0.20723008913292026,0.17180211820320465,0.7976938641120652,0.6545819941085975,0.44767488172341835,0.20858434995307965,0.8130368015796213,0.6572020819048394,0.1394733449524235,0.366629235878739,0.8030724153689106,0.7801979071238813,0.8065150958238441,0.6193474627324667,0.19274447040105042,0.5459664137760243,0.7324730577064441,0.2865243810690804,0.6482135227215976,0.20641201119527613,0.7023281808765788,0.506912498642212,0.7065613745560632,0.4117650562822194,0.4802652091917256,0.6502202074910383,0.6242002006751093,0.6447815636476789,0.8683972851164377,0.33665665710135684,0.5813176394229241,0.7212556312028,0.5121366657871861,0.3990307724346668,0.4246821117686494,0.6021978258849375,0.8044213173217939,0.7063737993257376,0.23838398923126314,0.5183201447230563,0.7603831867830982,0.6696457286235858,0.8060288069728896,0.28409666424735647,0.6454964390871794,0.5655565153953981,0.8371683600276055,0.5475716286565984,0.20589014723353527,-0.18923497566649417,0.24374203205854278,0.7224654575139537,0.2938192552279411,0.2539784424609695,0.719178658020383,0.15444062143295403,0.23373161511110999,0.6478132350526635,0.7440810072839423,0.7001598994100916,0.3180578501020255,0.7392467419439273,0.6407798719956062,0.37439110264873227,0.6800125671342867,0.6564403538174952,0.39502683282578865,0.8224460478793774,0.7390896447873286,0.703552651808461,0.6315548375047048,0.8093379885551705,0.7803003888240941,0.7384967241523218
ADAUSDT,0.8903863709917401,0.24015476038642175,0.8511015330320001,0.8184519910399851,1.0,0.24376527849327312,0.5918019288724087,0.4239002511039243,0.4444145862772018,0.5661539270595862,0.35405860314038357,0.030362631623182833,0.8449142413700458,0.7428118748227206,0.6417004352347976,0.7813879407613107,0.5897704758149134,0.7355528388064114,0.7372239934315277,0.6662511839190626,0.7745315054619866,0.9463458020458126,0.42199389173805973,0.644069432441579,0.5842061613624105,0.6237560202302358,0.7697410657251686,0.41486611034022475,0.4946255821868642,0.4698752216043782,0.4912537897948191,0.7911699099912722,0.889353146035606,0.9278538487087349,0.841936149736491,0.6901397283876622,0.5245281894511833,0.7149152064321929,0.5644566786927085,0.36842907148925264,0.5679505560382359,0.8488595013076049,-0.07622062539441522,0.48107805954095484,0.702833089164231,0.6098871401586601,0.8986093942732581,0.7176238030631795,0.30286504224989585,0.36063063397997885,0.8134685286518046,0.8025653628156092,0.7688053131484817,-0.22677265015860454,0.9065572000261528,0.861470359217807,0.8960571525054623,0.870901123686572,0.8595221516561555,0.88401276223838,0.14280479811658547,0.39571266231649593,0.30410234196859787,0.813446076622323,0.6033391465121897,0.7407766479297119,0.7856978994579407,0.2254146842148649,0.5759117382302923,0.9002256748954336,0.5554432077429103,0.625289412078472,0.37745197790221036,0.7389477086889482,0.8105693729583905,0.746668568810794,0.3106940870869578,0.7682883947367743,0.5767335547610254,0.7195954889341402,0.20603583903136105,0.4873313202656939,0.3817665404652437,0.8005027043521403,0.7404584654456112,0.5330273501965763,0.7776238868950354,0.9132123473018993,0.6136309154430888,0.44930130963850207,0.7336531114321009,0.920663995087296,0.7605778143348753,0.8990913571679406,0.6328791085909726,0.7565416515901305,0.887832243696137,0.7440265104713851,0.8080125091968826,0.6026167911893712,0.41574990319646715,0.10557933436797666,0.7574042462685644,0.5906223619714068,0.43838529586973557,0.3846970465705647,0.8056624381455717,0.6940573712026986,0.18700517180105397,0.4607349501692323,0.9174149569740325,0.8178577907771537,0.9113403421644274,0.7538612171340776,0.3165444124015729,0.6206566572235721,0.6684567187415386,0.33802738753381817,0.8274089032813242,0.25906157062806623,0.6440512875379442,0.6521414186479234,0.8065248587917505,0.5630826047557859,0.6042151335756278,0.6816551508270682,0.6781914082462726,0.6487241093714243,0.9216409356357073,0.39198477774329105,0.7905086600448497,0.8419649782751849,0.39404997152848126,0.44551766473951354,0.5055725710936289,0.5996956825945267,0.8697195273402538,0.8437072823812976,0.15093191939805617,0.5901246574885376,0.8711132684767162,0.817198777731366,0.8666265717512796,0.24180470460211245,0.706763076662762,0.7478300866464017,0.9098949057921704,0.6645850050189109,0.2830592298318376,-0.028014927637860162,0.30728667702274054,0.8084963477117766,0.2504662733850828,0.533974360573318,0.7780049893794133,-0.07311786261296738,0.0056852084384509454,0.8214461160288514,0.8844157998504321,0.7705979957933423,0.28859388835825794,0.8322977644797287,0.762186862248495,0.49254516781353375,0.842462140377316,0.8224445988152221,0.6081711099978521,0.8925821142829994,0.7818503252977549,0.6599098239584935,0.7157770439359548,0.7643966447619236,0.8175105145314397,0.7978997958089967
ADXUSDT,0.21518740540935508,0.24960983156703265,0.24071778905791025,0.033030315313998665,0.24376527849327312,1.0,0.015227957426185105,0.04653165131337917,0.23164212322137265,0.3142950558085396,0.017101181357946887,0.14238046179426822,0.04841667408825599,0.19698005881794187,0.06273222317162813,0.2754507044219444,0.2690092039425052,0.11103628466962653,0.25119091850939457,0.1752663629328375,0.29010170957182313,0.26947603576066465,0.2073649946693271,0.0030930006122212696,0.16205274252852417,0.37273971621937113,0.22805033761257693,0.05725704835969444,0.4070053499128419,0.07891115222588534,0.5480954984643899,0.04237161392538151,0.24180077411388862,0.16128794775464175,0.2887754400202049,0.1649699378087002,0.1911072090471434,0.4279776863507212,0.1072355564841982,0.12835451285056992,0.30255873068885086,0.22150255054660997,0.5648038595480216,0.1771306858767659,0.041709385147417385,0.29900128499680545,0.1769496871132648,0.2017910401880188,0.05992038023479411,0.09969028672725028,0.18743918983548036,0.12941709174946947,0.0779120907882341,-0.04187804393295922,0.19599146942041326,0.14605632274279343,0.2397564914622208,0.09877435406420174,0.30200978479206997,0.1685846143102879,0.07244474450541674,0.16583966350236115,0.24997633327452168,0.2827427712582484,0.14599264990993913,0.10810970542102896,0.1922138977088506,0.1293781491554945,0.13259518120789685,0.2640815267391923,0.358094409533981,0.26639753258508,0.015392843539194614,0.21768713908735632,0.10362465053721866,0.29371466138516505,-0.0693702128172392,0.27685604491059923,0.11039077626669248,0.24718191539325915,0.4422555434703737,0.25935003412637997,0.045075357297821556,0.3390894962206779,0.19249158696419758,0.3570757345280981,0.20545257733510752,0.29475113688083915,0.14321475060141617,0.12109633046212363,0.15829262820507248,0.14221613955619644,0.15615840803640318,0.3545990697403751,0.5069684547702821,0.2851759905406252,0.38893179883952617,0.15166506579439323,0.1643135701240146,0.1443508318352758,0.5593979698765691,0.193326617991472,-0.01700378204181187,0.4303192389628893,0.11542492872091904,0.3565148990159866,0.1997046208095658,0.09543421994566272,0.2778486828979173,0.13465724271012747,0.2384570137290818,0.20157949018099877,0.21329916906952673,0.2763330908905606,0.058379809347039555,0.46478778341979465,0.3086360000987714,0.14680805466144556,0.20745595221211607,0.16882578989486763,0.018902439275189118,0.41812285586283965,0.16836544996358352,0.2829513937769936,0.15882631831310037,0.2707139102417461,0.09211852757299048,0.12409811226600197,0.17620752471935722,-0.007997519228966804,0.07451368665873824,0.19522329002810565,-0.04216716999834138,0.14124397835815056,0.11822793003975873,0.23260409356721737,0.24307999186670137,0.24482817489906075,0.23638119716703082,0.31146653403953833,0.2890331284024571,0.14352289129894297,0.20248683645320595,0.19901493725504685,0.074073888892594,0.19198390309235017,0.2413638034655361,-0.007432906495795078,-0.07893832532311752,-0.007219420990771471,-0.17531818427571005,0.2185288188080463,0.4329437742586289,0.4071406777803333,0.017232672078739443,-0.16415240381461663,-0.3039643381871342,0.22578820275409853,0.16930383127147192,0.3698258122566414,0.11269350817726019,0.22018652585850657,0.261779665817008,0.13679519587612343,0.33600882086224876,0.1407826557945633,0.3036995430068139,0.22890752429344674,0.1992453393321983,0.2249202180017422,0.22798586992236222,0.12653992388173235,0.2996463771718395,0.16738242299165404
AIXBTUSDT,0.5832607840442504,0.0929772853535448,0.4829363960911421,0.6328861004031022,0.5918019288724087,0.015227957426185105,1.0,0.3423067409515756,0.3792949486604569,0.34714939421194435,0.1920915318411962,0.2367258907925705,0.6402457832603785,0.6824258033948079,0.4140245719657849,0.6181192069236393,0.21257491531565625,0.6143684642563704,0.6146805269666777,0.5220787740502576,0.4296268417125979,0.6073969449402097,0.5140105500226243,0.5864613434686777,0.33119287603240505,0.5821374699492952,0.5330136240194486,0.4212316338186729,0.5132189626114328,0.39854804896793994,0.205417324607336,0.5668699419354682,0.5741698430550635,0.5674374169439855,0.5405417211757495,0.33367133479840627,0.21544990472561348,0.32078791198174306,0.3398006587436755,0.5272972319610469,0.2174262852920717,0.4667923251573676,-0.2646704969773189,0.251641207583499,0.44989893115987234,0.5904684474539414,0.5321374448805175,0.5843797836721816,0.14454766466232322,0.10732235055117162,0.604405878545682,0.5891225886935332,0.5823805157640726,0.0670531708368365,0.4998172406060747,0.48908316202947316,0.5755687691570098,0.6709956919698478,0.6516029193253351,0.6038499966229697,0.05285077319203188,0.31143570127343984,0.2606009367036478,0.5309891625853459,0.44564763493427567,0.38650756078217796,0.6262681047539347,0.2677870402544954,0.5456482931231572,0.5257638318998115,0.6987219271163579,0.5692409303888475,0.3589565496055969,0.6528761754394848,0.5496450728568917,0.5046912148582977,0.2168297020061507,0.4922330471612847,0.43360314755232077,0.3083015636637241,0.002685266608449225,0.17770267172379567,0.2534914927071084,0.4807506198366117,0.5830706813566553,0.5220127073881696,0.4620298721571227,0.5035442824713081,0.3401936391370334,0.4940251554054199,0.4620941194286415,0.6582307144921525,0.7154309302833207,0.6089925873062267,0.3383283974222253,0.47719220185831623,0.5417003927740736,0.6623209359499331,0.6896059492058751,0.35480330617853684,0.23286681874604978,0.4098222123248124,0.5317086545118259,0.2799723716812453,0.35022712331730865,0.111172452472948,0.5478658245019483,0.4382146912914607,0.24287945670587807,0.25269291466121757,0.5989947237142668,0.5674186911293474,0.6356217303757785,0.5460280339775739,-0.021050356065687087,0.4585332834087628,0.46740369464477394,0.5287718868821455,0.6240188624011518,0.12767607080895363,0.42103882981880425,0.4530224385380333,0.6103862633210784,0.4039521719710413,0.5368284510180021,0.29938840558109486,0.5312382892228537,0.40037645365244445,0.6649601248918797,0.3089293325477438,0.5244099701615246,0.5758859550340942,0.316339850537678,0.6207819838031661,0.36216274822468353,0.34279857213915516,0.5354616628655261,0.5972138903575992,-0.08184336321330728,0.33940226819999714,0.6063991602055281,0.4685520951592117,0.597652500352763,0.35564065735536665,0.5753895739232278,0.455730115560468,0.6898458027024449,0.4475200303628625,0.06962962304862427,-0.002811020430441082,0.4123013373788355,0.5384156029552264,0.25723276424668123,0.24866737215764953,0.5620085644782765,0.07583997690675266,0.1525097715148068,0.4780296549951275,0.4894189715321603,0.5331125383461759,0.33218063146726734,0.5595368192859282,0.4802481336185189,0.24313244306953852,0.47366337414628495,0.44475664970874607,0.3623901826400512,0.5292463662654118,0.49363969642140787,0.40299095693724807,0.4185083275235689,0.4876290606237264,0.6236231117817896,0.45500593419854557
ALGOUSDT,0.4063515916049305,-0.12874008144787186,0.40560080866108417,0.5077668831725708,0.4239002511039243,0.04653165131337917,0.3423067409515756,1.0,0.2689617162630045,0.2206611761823792,0.1654548323684722,-0.1489761328908729,0.5092897873776228,0.3763612678035245,0.17883656363648273,0.3008332609122729,0.13305818960180732,0.31918079803524996,0.33254012422192075,0.2226653554905468,0.543037256640038,0.4290802603816685,0.07649059285864611,0.1732516048149885,0.19076837177464226,0.3680388428680069,0.3391590901051237,0.10504247746775613,0.43890812797529233,0.31375015725596994,0.31293038366142945,0.2941568546784977,0.43743545638779124,0.36215152999930916,0.3536163733394078,0.17038393607869204,0.3932801936198971,0.34616444173520233,0.11907457331747803,0.0759593886847891,0.32803291800019246,0.2961124052901938,0.24293675202708526,-0.027336650235407264,0.439082907835127,0.5027363727209329,0.4473877618975172,0.2567100345095347,0.3468095877603145,0.10921820571459982,0.4250895866711528,0.23424201088231006,0.12171789506261811,-0.196882508318565,0.3597185651837482,0.39110423079349843,0.40553047920073143,0.370566893813056,0.3546336675715838,0.2865600748610162,0.2203218864463518,0.2929388272989301,-0.05007581892297648,0.3959274298487015,0.5140693656853302,0.23359381662460071,0.3640586728692463,0.03333273168748223,0.27841740293175554,0.35240484119525456,0.2111085084594563,0.5010813895724928,0.3697362290355526,0.16662047566823335,0.6084077504556306,0.7165589431733442,0.15248252647542138,0.31291097043412586,0.08079505179009935,0.5201627684202612,0.07751400029084868,0.004215038457107886,-0.14322888407722148,0.36846779490160547,0.3508677274900681,0.28835895701958697,0.2540937903255809,0.3763723540749312,0.29210172381460703,0.16438895110262508,0.41637864603856856,0.42715440869257565,0.5046217285070166,0.46497432882792467,0.5208836730117798,0.2815615653304379,0.4008147675400801,0.4204757320908579,0.39748260831986304,0.4412881421091846,0.2642569777843415,0.03243903589148726,0.3726583154208082,0.5214089751302329,0.49877471862222245,0.20799732750967798,0.5039755795763806,0.29595645346123206,0.1710460125807211,0.27413176495265446,0.3410213302639156,0.3691351697511519,0.5071388716840235,0.3496854778951088,0.005820126129556207,0.4683152994357662,0.5021555005997301,0.26821612116771526,0.2457048312910902,0.21727121941330116,0.744331745054625,0.25031590135046994,0.5119108214584263,0.4512127318104263,0.3401684251650974,0.42858291576206436,0.2871643096082697,0.16029061971208625,0.5699338067563068,0.12150934677022847,0.4939110769499894,0.40804821366793637,0.51998855808157,0.2522561924690665,0.22536212492580981,0.3470364653872992,0.3267332508316372,0.3246247442621338,-0.13027226695197264,0.302641863644514,0.3521164886575397,0.38648359542315,0.44333930975783653,0.14342903561721004,0.3844436481500982,0.14166397170132666,0.37634481216003285,0.42497738814771846,0.24527655576438365,-0.22615010440442396,0.21365947363418342,0.3869982555202565,0.3402539729754668,-0.022675834955890622,0.30679960191925626,0.014247277570301359,0.01798621099135118,0.48539089342463687,0.32330095767416683,0.39971854195796336,0.1765464883947472,0.3118897199176788,0.2776078810927325,0.30358057714013237,0.32927804710532993,0.2852692724310199,0.23016559082516885,0.37947165287492796,0.381867110573999,0.3085441848079452,0.1436300290837561,0.31025739439281846,0.4663483030507164,0.4874341328005347
ALICEUSDT,0.5025766689939195,0.006115666693573891,0.4051579320385203,0.4108588656492987,0.4444145862772018,0.23164212322137265,0.3792949486604569,0.2689617162630045,1.0,0.3535323688085425,0.00880646476393017,0.26912926832722067,0.4566928951716771,0.5164855955982067,0.4241238104357556,0.5163451972243039,0.38749044678199884,0.6255909660596845,0.5189649156379941,0.3212494803096732,0.44365082500405295,0.5240569102867291,0.38717993875191936,0.3658787369253718,0.41617310431800986,0.4164731202216768,0.31127287029376005,0.596688962284554,0.3022538175892349,0.3184901078682687,0.41604544338510596,0.4564179973583345,0.4868090817199513,0.4175020031716971,0.5106825602646851,0.3717748498180373,0.1405809994169287,0.3990164681870117,0.25832469294878846,0.17625897815432065,0.30631314702720636,0.3721316209525291,0.028591644317558857,0.34095538871732783,0.24864066367500876,0.3631236554626723,0.47272975875828555,0.2897493584465817,0.2074363253569991,0.08652659406798706,0.6101020046356491,0.37985255221614384,0.34907752346714405,-0.177532869991324,0.49994433569229324,0.4648861768953618,0.4939422983403551,0.3885399265434295,0.47073416367913445,0.41252998854142464,0.19000701279337218,0.4541785250879287,-0.07503286926156202,0.5680061445672304,0.20160641594281206,0.46968296963743117,0.44268393546093204,-0.044156604529374026,0.24087579205630022,0.466805032377291,0.35829551991912034,0.43318583295432705,0.288516259369216,0.5051906901983328,0.4515449019656529,0.40465683049955314,0.1576362862643182,0.49296405088760964,0.39556988072160465,0.3942150337897336,0.13139405000343898,0.3797817323635521,0.27274536414563116,0.47153598202449554,0.44022723130232905,0.22606997812702376,0.511131140881451,0.5328069842836355,0.4249444257453603,0.03900979595151216,0.543784752678984,0.5265523524668685,0.47308886049532795,0.5084057409840759,0.41463662908703525,0.5508251294449432,0.5024617197692169,0.24914743606249362,0.2804124942399378,0.3366958836733276,0.5658176103988103,0.16094480966975108,0.46065467434652035,0.48833485129712095,0.13926634643608646,0.1561822118385733,0.5818264781183671,0.48807858327897247,0.18096601935532278,0.1523392790880649,0.5191952114868671,0.37719825105279986,0.4845238475411945,0.5461612246374135,0.1292249806419478,0.32272083840523613,0.45330212257736785,0.08086465027856975,0.404647243678399,0.30875782198929397,0.34053051061024925,0.530928993538869,0.3095402750111456,0.340464190066727,0.21627424642942966,0.3398079085236152,0.36136448988683684,0.37486763758421093,0.5200168301131376,0.06590375269039866,0.3365871773902166,0.5090636704547047,0.25209212901699635,0.40820108882510947,0.7246890829912672,0.28407903348314506,0.4825403472368309,0.33920049476425107,0.13428488388934895,0.30740663430397697,0.5729839545657468,0.44403757571857855,0.5250931311446836,0.2181277492415758,0.4698844586631875,0.3732498770010873,0.5151646391899919,0.5581944920196252,0.2848775529021293,0.0348511727678552,-0.07563183305092448,0.6623364520452321,0.08934071361203491,0.2165836299397345,0.4901159198333105,0.24008209305538697,-0.06286195785961544,0.40599958719986695,0.4144660657302797,0.5833295164758705,0.8326876122508176,0.4187753290603262,0.24983516513300105,0.21587008733394322,0.40628963481628644,0.3700794841783894,0.42688503831475344,0.454839139036664,0.6095471955257026,0.5321858282935739,0.41578204351297815,0.36487629112519426,0.43946696664432056,0.501870233367822
ALPINEUSDT,0.5752792689942208,0.12712185042500287,0.4796735795834696,0.3618051518405443,0.5661539270595862,0.3142950558085396,0.34714939421194435,0.2206611761823792,0.3535323688085425,1.0,0.24248728298793054,-0.11738350299912707,0.3883242967210758,0.6102830744009912,0.3196100629511698,0.5125131135783756,0.41681474038860394,0.45200841248466184,0.6280434585658587,0.5329862157471786,0.3001903158630935,0.5729513063628017,0.440820232151097,0.5146642823023213,0.5384705065146458,0.5048994534603535,0.44312023300223247,0.36271008849255226,0.3506161405208199,0.2692618123895397,0.4841584406006821,0.5056451142194286,0.5794513291910974,0.5627334010451035,0.5971838972294238,0.41464911623953965,0.009749925693621124,0.41127331572579795,0.47763555131624547,0.12522279195120709,0.5545763940389146,0.4866165092109679,0.14015272832056727,0.36350666045147456,0.4513485630360163,0.4171535834320066,0.5808549213591914,0.37347135190846636,0.09317537266380586,0.25001204535339355,0.43699765545043917,0.430259353128381,0.5779070269711187,-0.19977889026130163,0.5081672835341092,0.40668242455461806,0.5665991574366942,0.5697493747039312,0.4836455130727114,0.506669654513814,-0.009851384296643688,0.1142135538157569,0.2889601268298162,0.3547990038393958,0.12924773104795437,0.3970792420811862,0.5957809690631168,0.2743660717363627,0.3070542769236558,0.6187506828581536,0.5459111167223321,0.3081783992884918,0.3378025551780579,0.5071431327238628,0.43191939097894533,0.4489874137949872,0.11279166598356831,0.5314673275601134,0.39309235907237655,0.43889389623553626,0.25498748166240576,0.22129021799512885,-0.0070023965211244155,0.43399074895808676,0.4234084323502274,0.5692148495889832,0.47961491195491135,0.5427263104685685,0.4116596527902105,0.3399567714585385,0.35806026650438905,0.483913779035457,0.4302094328300836,0.5272455525493588,0.36122832303450964,0.5382735991519221,0.5676202046091917,0.4821154835130926,0.5736577464613665,0.16218076979086757,0.6097106182396288,0.07666022289785124,0.5641608471852247,0.5048660829316993,0.159055300666326,0.27128003517627797,0.493154268639198,0.4256104000902436,0.31541315024867017,0.34672892956448165,0.6398250026870818,0.49052018821502597,0.5954685236724462,0.6176858149814567,0.08267746379618815,0.44531023932848834,0.4870120458059759,0.3620095938628949,0.7009080547102112,0.26147931969902655,0.18404385675582893,0.42790342789841096,0.44955479931188713,0.6271382544820645,0.5714587213916189,0.5628306572386383,0.5775389416388846,0.37954986572275834,0.5168500323875319,0.4102260226866911,0.4173271351219178,0.48553445927391603,0.29636685524779893,0.2552738804389679,0.4664120506445586,0.12962389014869113,0.45914217049428147,0.5094561300050697,0.13631071746797438,0.08117558523425421,0.595715532759664,0.5030291594980701,0.5233344634966373,0.2515902429657091,0.3266683319637906,0.46267915395140763,0.5814766517985344,0.3811282318273274,0.2108576450183265,0.14404653603245623,0.25291330239840043,0.5267381569396455,0.2352803056558203,0.3152996340239775,0.44614571833740135,0.06110812607429238,-0.02847724793385141,0.38295583278072054,0.5815490890102002,0.5238804058808646,0.2865728201263059,0.6306638712957371,0.7186551587087369,0.4046956644941177,0.35203225469880683,0.5632282419613441,0.5844940679502204,0.5298553123349165,0.4348334578023376,0.4042315660626339,0.41044627335194045,0.47208795004885784,0.4280353883894974,0.4685471431266717
ANIMEUSDT,0.44752947813168736,0.18585952301097008,0.3338841101293317,0.32294616248689034,0.35405860314038357,0.017101181357946887,0.1920915318411962,0.1654548323684722,0.00880646476393017,0.24248728298793054,1.0,0.08112718377007595,0.2987126611427331,0.3425345719068077,0.18421521447243058,0.2533990678851531,0.4506310003198156,0.47446121610121716,0.35865214614133906,0.3107329953929206,0.19867696432239587,0.2724866201254586,0.19327047673465236,0.4593464393695621,0.03386574746184724,0.3484471825590401,0.23600586474777432,0.13738555620118578,0.15126210371197807,0.058096952434261155,0.262809428290247,0.31584174668193776,0.3722590484311131,0.43193881081558266,0.35276682720267194,0.16782298334316592,0.37642973694852816,0.3009113616118436,0.12322000563555469,0.15303520503719065,0.2680849750664068,0.3308636237180119,-0.05688731727935211,0.24450877172123903,0.32306322979983165,0.2626226303852658,0.25341181594120255,0.265968537666706,-0.019082296648433226,-0.056348646802596075,0.2798013568005777,0.32344743221812816,0.3692659770495868,-0.2129238565215583,0.3899243878636528,0.259343077032818,0.35648588783505036,0.3261210326524415,0.32938928055388017,0.22068663319725085,-0.0664754384223449,0.04300255925932556,0.4041497795318485,0.22388524934206092,0.06740035076365149,0.5217852413802647,0.34366719619831626,0.0019441383068579845,0.06758902026531637,0.28316535625601386,0.2280389680551383,0.280571409769963,0.2878908412538354,0.15750430522822778,0.40905234609443725,0.19112777584263796,0.19927516611582116,0.2318555147087988,0.20280357773290408,0.4858499625608076,-0.01522139377199567,0.2803547510675122,0.012283049841136165,0.2313577269364799,0.5292688753715382,0.2769672674928517,0.2391220065066095,0.37029429505572403,0.308186940071992,0.42901356648387506,0.46608389815206225,0.32091382246059036,0.27958214909131507,0.26731445686766303,0.41270400223080006,0.3864873218036398,0.48746330232949775,0.25338776083528775,0.36565547619248023,0.26286674588619025,0.20119425787502426,0.008971917095549878,0.29373204572440353,0.2870752908224683,0.09637102978921029,0.003267521427217081,0.4224001740128668,0.500827934485765,0.09273779933398225,0.3590746438517081,0.34405851323280356,0.07581377697645982,0.30247000482407455,0.10707846775842988,0.6864869823290614,0.4853317822064725,0.13587230658902077,0.40903608800795266,0.3181240178240843,0.02551980548368351,0.2862951652264344,0.307109328807479,0.4135845896492141,0.06311977011182844,0.4156639923620175,0.4573839177330309,0.21930105816346337,0.5157989281999293,0.34119452411658413,0.07144729166213754,0.24649982169164983,0.21993128057529607,0.39429212992694634,0.19806793481461424,-0.04462606493461803,0.14836395631222354,0.3528507902147709,0.5044099767342837,0.03538418137219673,0.21420727254886013,0.24697967386223332,0.28904953167137337,0.35501397718377564,0.20310796270768583,0.4711915669644213,0.265576526503756,0.29831489175147574,0.2057599001352445,0.10104985131458522,0.3406230522405892,0.14042037598341428,0.39600761712381743,-0.059485957762251754,-0.07879243697653733,0.24373452602740242,0.14987315090689607,-0.15623443449363308,0.18050731090417202,0.27232225168659474,0.48737294996923086,0.029940831763122375,0.2955279661101755,0.3854254622742499,0.16092393065734115,0.2374168268116468,0.20526498361053996,0.1305730777772595,0.29744484484445266,0.2540939323356713,0.2326332893505314,0.28805004406437745,0.3658254263686168,0.3463871148807453,0.31835414299720804
ANKRUSDT,-0.0488126550928133,-0.09828904466509363,-0.033965612723464086,0.04446345686032477,0.030362631623182833,0.14238046179426822,0.2367258907925705,-0.1489761328908729,0.26912926832722067,-0.11738350299912707,0.08112718377007595,1.0,-0.07433543546678802,0.09798307862745909,0.09877942002337581,-0.0380963613839403,-0.1395520825819848,0.24165354028409736,0.19911332381433708,-0.04497233638184993,-0.18402448354615114,0.01897792979019076,-0.04107170287124197,0.12009475701070081,-0.14129871089471607,-0.026278791603566123,-0.12183683973635497,0.0714020624369268,0.18259076644967778,0.02874617899434339,0.09231885540870792,0.014017522139638972,-0.018886959245023344,-0.04678956877947112,-0.07077179850863166,-0.09859348015834052,-0.22875448737098633,-0.08222800212856275,-0.15699062116456672,-0.05934823575301756,-0.1577229335462605,-0.07624582369776745,-0.054886554388917125,-0.046368985125530546,-0.30782812170126655,0.13661986910930876,-0.09996903212647539,0.23095396541547575,0.09507163561852998,-0.40302441300267117,0.014602176594119786,0.028982964722315534,-0.05418374768389319,-0.03305034511539395,5.4928515619673606e-05,0.15483896309357212,-0.007775371096076719,0.05083019225031383,0.17851953986091387,-0.04839878504960886,-0.2686142722649476,0.2465790416714437,-0.13472248645097065,0.14868506628268377,-0.03026962920350037,0.15460576128285053,0.1102221674102206,-0.06478365551335603,0.14447325835714564,0.007664608897874624,0.0616806328565365,0.08475701636534126,-0.19014789540614724,0.20906213757728895,0.0038404216683002707,-0.12089297579700525,-0.16374317164000682,0.2049157538277679,0.15300659153373047,-0.08477154180972075,-0.21329600951808705,0.15439571332791374,0.38066190473524464,0.021223680934597627,0.07024570918018991,-0.00885597788337287,0.09186956588899685,-0.022036028282346753,-0.09038181427845629,-0.19983901569527351,-0.05443158688896787,0.05215537165257114,-0.1067857788905527,0.05508908758972017,0.13406772991914398,-0.05781606610122042,0.07544279112043525,0.002459442546263103,0.00041509188084040824,-0.14398271513751507,0.15902195116156362,0.18725819578021086,-0.0715501593102907,-0.1532381204809058,0.022154119631306573,-0.13708881861422226,0.016078847080252336,-0.06175683379463316,-0.08148748742684722,-0.025333883700505672,0.02137377494370289,-0.03932324643284115,-0.05334963548602168,0.0003835248546741605,0.031266015547198524,-0.004478792516141864,-0.11922598178525215,0.14724122162171613,0.05181682645240642,0.01923607117992577,-0.12649830894783004,0.12726780869165688,-0.011461827318723593,-0.17706950951648504,-0.1694886141176088,-0.1789210646766848,-0.1781478259150295,0.052801671160066684,0.01673520291848687,-0.2991230912040195,-0.14376406485559626,-0.015282704329624386,-0.209753370411494,0.3223537829802854,0.09606766240740172,-0.12468067730560375,0.02879471625490421,0.0061355113078537535,-0.1728211588194913,0.06847362084333487,0.00964116744706904,-0.149102405248439,0.004546365514830304,0.046906184338521756,0.18985970753524253,0.15415863638150495,0.02036962116501257,-0.024042354095856918,-0.0478182726683649,0.2290189483538314,-0.04930575221826632,0.07310746628333624,0.13592365686690383,0.05261208648649343,-0.07637677928341495,0.2540263625293846,-0.009500512489337415,0.054694303007936554,-0.15456648197592548,0.17051337039459444,0.2511245581520399,-0.1416257916289879,-0.17426576834376326,0.11993124804230171,-0.029089945491467664,-0.10368765543027743,0.07076196785363678,-0.020812271119051488,0.04951554423262194,0.1543687774212815,-0.010510175138690772,-0.10576389377842785,-0.018622000634442346,-0.05056760926574391
APEUSDT,0.816215965502772,0.1908764345796102,0.6719473305165182,0.8339667152928091,0.8449142413700458,0.04841667408825599,0.6402457832603785,0.5092897873776228,0.4566928951716771,0.3883242967210758,0.2987126611427331,-0.07433543546678802,1.0,0.6634106270873509,0.4567693569152608,0.7414970532034125,0.5409222351295483,0.6184737542159351,0.647922299206811,0.5842048760465505,0.7489129012488669,0.8363946866151735,0.4417913509284427,0.5334070321140855,0.559885892022433,0.6658605554989917,0.5378486429572447,0.483838333979791,0.4838348490697471,0.49137925110640546,0.3754067462533066,0.7556238122626666,0.7621672225866768,0.8067146238781752,0.7343502998708463,0.6536522379731743,0.5938919222180252,0.5584307751147713,0.5281097928222398,0.4267124020407372,0.5454361269111896,0.6733645288021023,-0.21448423848974743,0.47527565282466416,0.6729826656639067,0.4579248286715373,0.7693754205872203,0.6236017556581435,0.30977077675616177,0.24078290532042038,0.8402814894432745,0.7133196676628786,0.6468915709363975,-0.18404076055777446,0.8146833128436625,0.7094170878661458,0.7921019981711278,0.7293047410032246,0.7266394682181972,0.7876860594084001,0.21247971138417956,0.5083414037743521,0.2650653707250091,0.7449777549154009,0.6246304719723196,0.695663265857688,0.7582260354335042,0.2662171551870132,0.47219877582171127,0.7145244384081079,0.6111692773615894,0.673723269039978,0.5269218942995689,0.757993426304705,0.7594578021730225,0.73865615467937,0.24787987996107008,0.7591513289066544,0.5035236107314394,0.6656670194828385,0.029811073951957468,0.4570977307528328,0.44399470027553534,0.7032102502970202,0.7165398981377473,0.43782597325871553,0.801404415006969,0.784291949813737,0.5672600895165878,0.36719066564004343,0.6832535322123177,0.8226675167908554,0.7831322063626815,0.8123264965842315,0.5309026104334734,0.7314428125737293,0.7623284752950847,0.6959723082966558,0.8135106478573064,0.6947239723131131,0.20827213032295824,0.2200771195344607,0.7698093877915754,0.4672392521318838,0.4817539795582516,0.22074689997495828,0.7827350830772631,0.6775593305152925,0.25945119383841075,0.5012981765443337,0.8098517356346915,0.7283234013825363,0.8722630278747262,0.6366874533560533,0.2363145454746602,0.547830339153571,0.6700026193379486,0.3687236763676048,0.7127223810064527,0.0982689933356441,0.7097638451982239,0.4810841438853208,0.731429626712321,0.4856168887439309,0.6248894251236446,0.531313366988316,0.6668381548066309,0.606326752411326,0.8362930449840932,0.4027832883956449,0.7602524003063059,0.7743013775331563,0.49863637924373855,0.3930529783484672,0.49712849095117395,0.5806463497446108,0.7814652607403768,0.7625800388092437,0.2542509577952038,0.5654154146303124,0.815201673573257,0.8338306049654641,0.859281936326265,0.1462773728047416,0.7230363859232262,0.6249637964417037,0.8294477039992583,0.5420688070743328,0.20728609994774772,-0.14088288665369383,0.40247939640490954,0.7387387350281085,0.1862311331261018,0.35270049682710497,0.7836152009125885,-0.0005351975242824936,0.08268150748451086,0.7165553757400703,0.748490111634528,0.6379191538569015,0.2640478101201409,0.7058212433945237,0.5904015071649671,0.30833399767930647,0.738005608062832,0.6593826763422723,0.4923495500490701,0.7701388288916625,0.6876301162920637,0.6006996192731199,0.6525627718665838,0.735908602835744,0.8697911219336087,0.6931469747383381
API3USDT,0.8319882974619888,-0.07318469921335057,0.7478830282065556,0.7311078096366953,0.7428118748227206,0.19698005881794187,0.6824258033948079,0.3763612678035245,0.5164855955982067,0.6102830744009912,0.3425345719068077,0.09798307862745909,0.6634106270873509,1.0,0.5677687549484572,0.7257353867767784,0.3721511561605404,0.8179191869836718,0.8220674396240939,0.5057478874710257,0.5535839981948801,0.7811131405668817,0.6840840420654305,0.7250496178410665,0.49841397090090434,0.7568515802237265,0.6875750509508922,0.5572310113996951,0.6368983749992692,0.20064604452168514,0.5737519335863773,0.7984059943277882,0.8470686080167661,0.7941840440941359,0.8034858974738558,0.5982170021090637,0.29077175820980056,0.7016589349930041,0.4443799398061153,0.4885216909432403,0.532911158313581,0.6909491748973499,-0.06405613595125133,0.523127763529335,0.5887060251248228,0.7954600423867635,0.7448279859829651,0.6512061676989489,0.03159714125965729,0.17762140727816103,0.7833014176378369,0.6915516383343837,0.7307264384913805,-0.2019799718335983,0.7933498008638521,0.7152295519392982,0.7982133638862263,0.6986298940397313,0.8130840025411504,0.813109217666924,0.21224569634207444,0.27360892733782055,0.2484755000184028,0.681978857513365,0.34058681266484503,0.5434402344129072,0.8037433906089348,0.35250205458261286,0.524061417148564,0.740653805132315,0.7564039268550251,0.6274249392796283,0.6801122925318607,0.7120048930742127,0.781981582637323,0.4823428454763492,0.3086736992039516,0.7396643621211161,0.685266525511986,0.6761621729106286,0.12980878089481934,0.3616770118952311,0.2113264182700673,0.6812406128503741,0.8093243172585297,0.6203670335671668,0.6945332751995341,0.7710979415266078,0.6831553790424578,0.41086433512415704,0.6692569564132687,0.8126585956786267,0.7002283129320006,0.78351551560194,0.5682182936535943,0.7742387740819503,0.7011882651774849,0.6849511566578277,0.750507156124661,0.4293137080516211,0.4380852352185334,0.34901882430418635,0.7283557829574759,0.5833846540344997,0.2584124199548187,0.14902559625513523,0.7449694519624169,0.8080349840472785,0.34960200194897606,0.44578160433224784,0.8657412359095895,0.6934141628775571,0.8128835970247226,0.7333891912778957,0.1624387113562906,0.639704246066438,0.6640146152457512,0.37743064590808384,0.8026312642583,0.21113116930413747,0.5185598911815176,0.6221918052770096,0.6983393789355522,0.5607814094421607,0.6501853110202368,0.6656736477943462,0.7385603787657733,0.6009793889730192,0.8363030516676534,0.3065637235676602,0.44957666588369954,0.7029742373207517,0.6095457957585039,0.5711546314814034,0.5655703783005347,0.6422604316438174,0.7677735357157651,0.677355006671637,0.031277151418998415,0.5915491506227182,0.8461163722967312,0.5371584171404606,0.8093974564322884,0.5393998082858313,0.6625767676752405,0.6528004745807993,0.8275064459765501,0.5089060962429376,0.19887586568290747,-0.13313011321783202,0.25458346660820047,0.739623074897203,0.2203706405336384,0.16846608952314504,0.7023628158655972,0.19788012891675444,0.14020789139201276,0.6223698063945103,0.7238029947654256,0.7036429096673256,0.3839565765963503,0.707483745183505,0.7026580147838885,0.37775409367567275,0.6666937143261745,0.6194637883021364,0.7298203072193684,0.733423491121886,0.7187110339738011,0.798346181533703,0.620215191985561,0.7136904920275912,0.7545273067385436,0.7793374435558444
APTUSDT,0.600997260583701,0.0007970664215399952,0.6778680275162594,0.6188044271722172,0.6417004352347976,0.06273222317162813,0.4140245719657849,0.17883656363648273,0.4241238104357556,0.3196100629511698,0.18421521447243058,0.09877942002337581,0.4567693569152608,0.5677687549484572,1.0,0.5932776932204149,0.3020861537446213,0.6157932291285666,0.5528288336088741,0.43263284235970656,0.4331077110649271,0.6735475740616595,0.35441212317917425,0.4233742175676991,0.38600407987351343,0.4146842024568859,0.6554279011239952,0.31904821046339366,0.35196257795817226,0.26942506910791414,0.29814171989170823,0.5244687427271949,0.6715932941820659,0.6603532131172665,0.6682710026514352,0.3564685269969182,0.2887268456634196,0.45156094023235166,0.26026695049572013,0.4031884890382402,0.4765215036206663,0.4611216075357728,-0.03268730285949838,0.4730825547976481,0.5605433940626947,0.5927629128133179,0.6586196623792566,0.5776973767509382,0.019233836984706872,0.5156847635265008,0.688233221480355,0.6577930748759739,0.3531760977427179,-0.0464487391930303,0.7079568958062299,0.6982739694390859,0.6649706420254453,0.6241051727345708,0.778992095588283,0.6558360216795762,0.15402158126990484,0.2890290860864446,-0.07673496527597344,0.6699854657960751,0.3104442377144923,0.49139948672466294,0.49667139219187956,-0.020623538799021974,0.5282618111129208,0.7312549261209754,0.34139984166464954,0.4845098220989204,0.3195653661714522,0.4929071350375856,0.6879283710244041,0.3838684312079584,0.23268084012267928,0.6757001497822195,0.6849349009673248,0.39010718187088916,0.14325843433964275,0.27044216237942953,0.28358775993042934,0.7133441310917472,0.4555878492382206,0.1191514894637623,0.43849999093201353,0.6694874397078834,0.5961073796046247,0.2940126663279974,0.6557979616263789,0.7383188653187042,0.527445105339493,0.5637742525733764,0.4977810836259271,0.5741085884989618,0.5411581150085178,0.47803082576451117,0.4954538250880223,0.34342703096810556,0.35502263329818656,0.0851039611858149,0.5402629115596133,0.43881934771306974,0.11894508853490152,0.1281542524626082,0.4588054335674642,0.5637242698623715,0.06783205245326897,0.15618836292662655,0.6395867612380634,0.6357762605529336,0.558338305976897,0.5729630479142124,0.20613763131570023,0.47386714942003355,0.32361521051182757,0.09327542844439725,0.5285013207534595,0.29977394610540675,0.43889476695929125,0.508765692045427,0.5406242391440224,0.3149695430888846,0.4019573976441092,0.6369984324094038,0.501932200304935,0.3984456529265226,0.6670137333846213,-0.051169260770676996,0.43453419143332206,0.7162827563512968,0.2982974392442773,0.3535817718216122,0.42594083126981236,0.49857804032652175,0.6786916214306364,0.6214719451478398,0.3268901304146337,0.5129711437900725,0.6479399169492916,0.4784775887771464,0.546209116183909,0.3263007908726617,0.44546718070098745,0.4833430376375401,0.710326897249899,0.5611074174892859,0.23144083778902685,-0.20606850806130325,0.04227089610356857,0.6307227233873833,0.12039921304084429,0.3467487760441734,0.470974682152479,0.003996040481682394,0.24726716695726264,0.5198406019744789,0.651530882049023,0.6630391995858198,0.5241972203276725,0.7450695092562398,0.5353812571184209,0.46822978761965844,0.6452908422338649,0.7185786358821518,0.40054418286075677,0.6845271256683472,0.7376489811932531,0.6006750302133415,0.5525362699644032,0.5778140873663286,0.4945172966079612,0.7428584285355029
ARBUSDT,0.8326840238039819,0.18040968945629068,0.8028718620377765,0.687539927492498,0.7813879407613107,0.2754507044219444,0.6181192069236393,0.3008332609122729,0.5163451972243039,0.5125131135783756,0.2533990678851531,-0.0380963613839403,0.7414970532034125,0.7257353867767784,0.5932776932204149,1.0,0.44486294147856476,0.7015200753196262,0.7097139333496695,0.59932445915454,0.6882391357820719,0.8056641158947573,0.5393396780288168,0.6021418181728279,0.44749619985535816,0.5998318287046475,0.6183119154016825,0.4037550713538802,0.39860027989772834,0.43284796463265734,0.41227944439823183,0.7104471945657439,0.8305989312561943,0.775905864611662,0.8658614527914539,0.6538238577605158,0.3964569431259019,0.6251409643710245,0.46513541182527146,0.5528354730978056,0.5735035209205966,0.7099872520994711,-0.14802700852919554,0.709369923805684,0.7488359187884203,0.5299883166052232,0.7906894303001081,0.6136560109390138,0.13162248033090104,0.29313067005242316,0.7843119400863573,0.7396557767135375,0.7669452425335151,0.09736104235420566,0.7877246765260335,0.6940790081199485,0.8585378181084333,0.6601066740545412,0.7670285364543015,0.8221052680785105,0.24009471943144023,0.5420082357490822,0.30964519441594424,0.8165919475441917,0.39677648234402835,0.539889050697155,0.6804447826315679,0.1945670142660555,0.49783331767850236,0.7659911968884129,0.5924966800180902,0.5329111445292409,0.6382711683454806,0.7101655059221126,0.7206133809014356,0.6008177379296081,0.326782587015967,0.7131689859910378,0.5977789454380418,0.623346691660456,0.22169994689122258,0.4123995678033301,0.23857893337150543,0.7834509337003563,0.633996260614726,0.4707902960959126,0.7243511547498137,0.783412545077417,0.7893330327955991,0.4041710803749505,0.7017738206943369,0.7959407736225624,0.8614658979234019,0.7618990021721118,0.5103391536223192,0.8429784026050192,0.8530703586931196,0.7078615551019929,0.7832613120508475,0.5376595959567373,0.5036019740649678,0.14630106532650577,0.6464191126360467,0.503550310935524,0.2326169340016403,0.1999805839914559,0.7556428722966904,0.7304696260915736,0.14785431110341968,0.3765452495935179,0.8570137736991814,0.7398840160229808,0.7804428182056716,0.5495815217985244,0.20348645631769824,0.5605598853962033,0.6192776755749703,0.3668366570749903,0.7312134420861242,0.29231048735148574,0.5067638264760853,0.6689891456045285,0.6360984968570238,0.5033720463384033,0.5861373922474726,0.6206928740981933,0.7337489032666217,0.4987915891598257,0.7875777600264752,0.3455079448969724,0.6572546358519644,0.7284969360562894,0.42968336652787703,0.46454932474366517,0.5167979154868392,0.5464310815083097,0.8070456524151778,0.7220493146992639,0.21872229483943267,0.5645747177024059,0.8166170482847446,0.6571434421187486,0.764263960986245,0.2301362057944392,0.6334096063442175,0.6033247928767562,0.8484343049015416,0.6650956893955223,0.29115437426970203,-0.12058771166608055,0.27112807471479206,0.7061251994275928,0.24243800553684336,0.4233031121762922,0.7415801960615279,-0.2489332743440644,-0.08497560176519184,0.6170456472853317,0.7812497674455531,0.7221517811531434,0.35133151855264616,0.740209853757208,0.74887434226848,0.10545958289738509,0.6858772390913054,0.6755749028044816,0.558655769549021,0.7897425235995442,0.756829856823606,0.7028302849760161,0.7080021633583123,0.7862034319509924,0.7341994069730032,0.7249867841214934
ASTERUSDT,0.6000908120165593,0.3548921792964621,0.4808293395353657,0.4794207731557788,0.5897704758149134,0.2690092039425052,0.21257491531565625,0.13305818960180732,0.38749044678199884,0.41681474038860394,0.4506310003198156,-0.1395520825819848,0.5409222351295483,0.3721511561605404,0.3020861537446213,0.44486294147856476,1.0,0.42195474768788765,0.5399791402328085,0.4661305504019095,0.4267374221511939,0.559959736846491,0.3369514387391338,0.44174273489196625,0.47194075799924246,0.38165983469412906,0.4257849337647668,0.34237723129788944,0.3013455393982027,0.1320886587144461,0.27491600191266446,0.4701434421409331,0.5750164927040167,0.6622388016392398,0.5550810456918573,0.44376096415221983,0.44595973187609755,0.4207665667692987,0.4528606956418436,0.08504182736306902,0.38025037313571586,0.5475064580023864,0.003134792666526271,0.3980343381936601,0.31036260414852895,0.22851174710915978,0.611639354260428,0.4904302117938529,0.14820196416868373,0.20312334224669953,0.5240836724530231,0.5312986591305376,0.5245163929147179,-0.35363100623500443,0.640972103178472,0.4940881900083981,0.6138012419440021,0.5355090928669682,0.5334844053714848,0.5184301779338779,0.11372157614187148,0.3044872133843938,0.5529578332456714,0.45083867647963916,0.23147228030629438,0.6919517873954908,0.502545512416858,0.13869375774931542,0.4224122092326177,0.4734361574158565,0.3923393515637876,0.24244263744215183,0.22618319224860847,0.4947152049124579,0.37596776139395693,0.3631099654912491,0.23562207519956957,0.4567133384355101,0.17603115966409547,0.5142559493468918,0.23338492171735994,0.4791327390522124,0.262080253980053,0.5583252118626322,0.485718326269652,0.31847148013767174,0.5680261832616182,0.6634417369773031,0.4306524138477445,0.4479502727354482,0.5034503192471115,0.5335113125336303,0.38514109244371186,0.5099514053095836,0.4296170677114728,0.574006211713313,0.6719095202876127,0.5066348025873217,0.5064746420794316,0.3653531822439425,0.31509707692513395,0.0053608897926758865,0.5816131246990538,0.5586659674714539,0.10937195338024457,0.18199418039202125,0.6920557754065684,0.5070173140356062,0.26399067369007134,0.3860671193222612,0.5607320910988872,0.49868266779991,0.5545093178866061,0.4827488500895658,0.5606222338102422,0.3980611102362508,0.5491221832475089,0.16154047581405917,0.5597990516769464,-0.008466083393846023,0.26113721802182577,0.419324338379431,0.4746971886639141,0.29511875425148076,0.3519205645035265,0.5069538812950121,0.38905287803252997,0.6645707428891032,0.49033829696227677,0.3084460941099756,0.42670177703439854,0.5075929707988143,0.25270428927550637,0.1211360697045605,0.3241170758161334,0.2915459351746811,0.5428672094714705,0.6478070385082358,0.4130162450820478,0.2822369436844306,0.5319420861606509,0.5899326997924907,0.6718808194539084,0.11051541544007548,0.41678729451857205,0.43268809183548296,0.6010931990809497,0.30909317135652914,0.14944575077086478,0.0757899300867525,0.08722088950143095,0.5819390511117284,0.0367636451867843,0.2335773110334995,0.5101973823150215,0.0342880760760038,-0.04352530245129998,0.5218055460727641,0.5865463840223183,0.5176651573269033,0.24855713227467693,0.5413051497726882,0.4338420980935014,0.3064665633010412,0.5326223091167086,0.42765581083450543,0.1061673930006072,0.5990314461474442,0.40612885919220876,0.2734502990329959,0.6116968911713079,0.5991028496862548,0.4776474597224026,0.45954315761441156
ASTRUSDT,0.7794727652104109,0.12702702674247465,0.738363493106547,0.6750061198168458,0.7355528388064114,0.11103628466962653,0.6143684642563704,0.31918079803524996,0.6255909660596845,0.45200841248466184,0.47446121610121716,0.24165354028409736,0.6184737542159351,0.8179191869836718,0.6157932291285666,0.7015200753196262,0.42195474768788765,1.0,0.6444531402761589,0.5361588531452841,0.5629329613093941,0.7697575534174294,0.5051613172176515,0.6431408490022364,0.38507701439471137,0.48622520745765924,0.5610818635929035,0.4845369052887566,0.3828593281173842,0.3180797678617471,0.4436980926906561,0.7627450462517289,0.7346203866223172,0.695659558524491,0.7962420241724127,0.5525945061980538,0.3566456296512762,0.6337568387274624,0.3727479318067247,0.3995137823452415,0.4066194789679269,0.6838679197692159,-0.16498744499408813,0.5298205333061802,0.6106841550808785,0.6226714529194406,0.7209362532063978,0.5298355511245021,0.15496900816679735,0.08495326240468895,0.7951159951419021,0.6964324530980047,0.6760186651429778,-0.13959450844621704,0.7749931198450943,0.745896567616047,0.756265034803718,0.7005009090666515,0.7616978908079672,0.7112712253071685,0.22058000573648912,0.2966615040458355,0.2250538757004076,0.6121035863023683,0.308903756217039,0.5905095270806359,0.6817040734468396,0.08904592987821745,0.45050971267612056,0.6853687577888585,0.526065867765749,0.5241760619140314,0.5230574277641545,0.6221831442569442,0.7029027563550917,0.46127263926198664,0.2701283119063697,0.6639847765049142,0.7134904627691507,0.5928777304530602,0.11445320896039297,0.4059899491877251,0.16901891260327526,0.6374278611039041,0.7900114090713775,0.48818978858027917,0.6220760182515962,0.7736125819681003,0.6735296920453717,0.32563402599002805,0.7180952524349262,0.8151845999890512,0.680677224404821,0.7247979385715002,0.6135398670681013,0.7515507750519761,0.7528282177831044,0.5809771219201144,0.6080452800187333,0.47455140827103826,0.4517292433687131,0.17904070889209586,0.6127940340093317,0.45903948256790744,0.2728114360269539,0.08964430750759794,0.6859119696837048,0.7798093525996187,0.1290430131964037,0.21774658564685032,0.7853562499034739,0.5571602310928218,0.6785463827536136,0.6891044271323556,0.3704746042064462,0.5219459366197389,0.5756009708339702,0.30326554241312204,0.6931734918427487,0.2697109907393542,0.5344628834006633,0.6324172648474286,0.652329215982761,0.3616144261847043,0.5076402785943365,0.5706701097957081,0.5819839644745818,0.6384652497354003,0.7679262205153077,0.1881201856471649,0.4966758011173424,0.6775054907547461,0.5004595490582765,0.5456631139929026,0.637475309091589,0.5212416042372715,0.791761159551045,0.6976102743513884,0.0011075436365108485,0.5282350690512871,0.716906297688619,0.5369824631819643,0.7351413615020018,0.3249429407834257,0.7080840573767656,0.6395995233730232,0.7164203092280242,0.5774091652797917,0.18702261475323567,0.18364739394788143,0.15898200272368854,0.7838075818291944,0.21466382501405534,0.22846377619287636,0.6856342821438753,0.22449816219514174,0.0008039592505935558,0.5965692135268659,0.6305547398659448,0.7286873749958868,0.6134063222603794,0.6257305892766188,0.6085517934292656,0.2808514263684985,0.6271032338245185,0.5931334128646066,0.5568732751398371,0.7050711358929642,0.7190651613155219,0.7067147609023522,0.5269790625944349,0.6590189982296908,0.6593924222499423,0.7417844987323551
ATOMUSDT,0.7568818400433771,-0.03296500048291211,0.6522507198603982,0.7104254321854254,0.7372239934315277,0.25119091850939457,0.6146805269666777,0.33254012422192075,0.5189649156379941,0.6280434585658587,0.35865214614133906,0.19911332381433708,0.647922299206811,0.8220674396240939,0.5528288336088741,0.7097139333496695,0.5399791402328085,0.6444531402761589,1.0,0.5540998786505729,0.41203706551054636,0.730817923065518,0.5014815110288889,0.6085568139237568,0.5117045245926808,0.7148029222199086,0.5679879268467352,0.5578576475762587,0.698670681959415,0.19266492842276445,0.48627091247320586,0.6647069285041879,0.8188863737945217,0.8114693317398778,0.7189952364591619,0.5102910055678419,0.17798185469281422,0.5328719829302936,0.4798682399445225,0.4608065923552615,0.5045517193970505,0.6293491676657657,0.04198634568002757,0.4932965118537327,0.4909252490042325,0.6647335398618051,0.7393498711916331,0.7733977205423226,0.05843159131980489,0.212911740879489,0.7072618568752581,0.6789925267721618,0.6614033255488639,-0.15364745366572677,0.7732806453175091,0.706524060016554,0.7834833981799373,0.6736717135307408,0.7943530797562961,0.7403287260482805,0.07643264953080264,0.39275709806851755,0.2993523396218047,0.7534377046376523,0.3554461579822516,0.6584663163126881,0.7034871198610126,0.22461163940719658,0.6127888980729721,0.7072873366196382,0.7266541282680162,0.5671516166506136,0.5148606675280722,0.75074710158908,0.7084055936552961,0.4585673469618564,0.4356377638081386,0.7009224465721661,0.4690999956544324,0.6778617333018718,0.0518186723771564,0.40829102158400044,0.28203600892144526,0.7224539054626749,0.6914435678921245,0.4661719824192991,0.6609941923842668,0.6926987008948297,0.5499228650130078,0.4268023396955359,0.6276156950338361,0.7560274464081956,0.6809661188805393,0.7457522749284083,0.588939086913981,0.6789999844902846,0.7588792909300891,0.7609951377629462,0.7165424853719123,0.2934217183630034,0.43600184686283316,0.29361511498603554,0.6622820063057616,0.6226999509184362,0.23645650453121914,0.083443011873584,0.8455275892932415,0.6995234290952111,0.2920444929509946,0.5039860328866252,0.8105094191636233,0.7609705653726352,0.7828525808978058,0.596301659399157,0.28334555733334715,0.6019938204755304,0.6332253530924347,0.38559174434707144,0.7879709189366095,0.19377479168718947,0.4230478904711628,0.5069156447252176,0.6107978627794454,0.5492543806615872,0.5015746883478045,0.6419319159526345,0.6295525324252875,0.6215571407843008,0.782899401173031,0.24433507610533486,0.4283380334284353,0.6530287502365324,0.48481273049047846,0.314940979765909,0.5505183291934184,0.4213483113872982,0.7183440629529758,0.6541668525065149,0.0717178944466933,0.4007351671545172,0.8020934933192864,0.5245973400014889,0.7530896623642003,0.342369515815755,0.6250234318144678,0.6329086513853373,0.8631099420811307,0.5370756891782926,0.3318218533746015,-0.10457417142565344,0.2180827746609015,0.7125582927719684,0.24095399209302681,0.2263010582280141,0.5740516669357539,0.12618959019167938,0.1960126269673833,0.6680382728649167,0.733905961472335,0.7837751779448057,0.3303471337195605,0.7469306997160647,0.6948862063270618,0.42201977277158914,0.6523320406140138,0.5620828561792315,0.5275671236424324,0.7548349469644785,0.7320310547182834,0.7001337308335782,0.7843421313839856,0.7285624219382173,0.6248628869930535,0.6193565763095006
AUDIOUSDT,0.6103325536262622,0.20939589194721459,0.5610915542964662,0.44997111872326173,0.6662511839190626,0.1752663629328375,0.5220787740502576,0.2226653554905468,0.3212494803096732,0.5329862157471786,0.3107329953929206,-0.04497233638184993,0.5842048760465505,0.5057478874710257,0.43263284235970656,0.59932445915454,0.4661305504019095,0.5361588531452841,0.5540998786505729,1.0,0.5231519005715396,0.6917108150406504,0.4126238416262076,0.4472728052483839,0.6341250646708083,0.45581277532726755,0.6080450499938884,0.3381392514458098,0.3330112504276308,0.490381332352797,0.30968005350615957,0.6128921128912077,0.606790415899021,0.5869981454329023,0.6381921738623656,0.45527571853246135,0.43133200997864035,0.5031673186898392,0.3670664814107641,0.2939487033780925,0.24523783599086388,0.6114191108370967,-0.27091443474143734,0.33664512129375884,0.5226026266058847,0.3244237470053412,0.5697262258991963,0.39641174082846864,0.3159414270209244,0.26292562977234585,0.5252738876886355,0.5932522811828909,0.6193515347692892,-0.007292514419923763,0.5780618302235835,0.48705931608261493,0.6248155325499859,0.5392950095972542,0.6515540385362224,0.6163041019036745,0.01642734757115182,0.1327415077531386,0.21920979987215936,0.49539244154665246,0.3673407684103342,0.4794236032195449,0.4457305324368802,0.10744264317696196,0.4253582705156355,0.48119121910723245,0.5759435585607344,0.33319433816523225,0.31585339132321183,0.40461880907062175,0.5600784622176543,0.5269079486864273,0.10708969348751156,0.4733175005405855,0.37317031298777564,0.4210107712544355,0.17298162186551858,0.3357590512095981,0.14863090532142886,0.43644761204266685,0.598689265305533,0.5128437237945156,0.4987521108544359,0.6573994865592392,0.3959624859074494,0.3196336498665741,0.43782640752862473,0.5920221244714774,0.5692177748400271,0.5777931395876291,0.35924288624783096,0.6032234055199274,0.6170191421052055,0.5155259769856422,0.6163648243665634,0.2738470613059136,0.3332388908033127,0.09942046883815776,0.5313491043592813,0.24708519045564104,0.32621219895213294,0.2647074339205934,0.5951539396923472,0.5365981285926021,0.1315865846139578,0.3153305059973571,0.6662032593413663,0.531512896262724,0.6633855405129786,0.5617831500763991,0.1615587496982262,0.5305495959350678,0.454582440662138,0.4496926100482394,0.6422992427537025,0.3598970254650786,0.3817264376088309,0.5252370127557886,0.5928336146392177,0.45306900731408517,0.43629580553521524,0.3156120112129357,0.5141144861454917,0.3299774728352495,0.5935908340343129,0.30276553429049374,0.6759401112580579,0.5399778836849944,0.3286609759771719,0.15683946891217337,0.44593879943410847,0.2787089888734422,0.5507571451018891,0.7257120331083889,-0.012011634021569583,0.37862821628786364,0.6487396663949365,0.6284633631437762,0.5809027941387177,0.2653137957508276,0.5266144156560439,0.5236433049275621,0.6711970176275175,0.46841071823265806,0.2900537909153714,0.041348024897476396,0.19571942899471273,0.48040238548863634,0.014793738344389873,0.37347489331368133,0.5876937250536873,-0.14293907160487201,-0.04172597453512535,0.5103239489187029,0.5843773877664135,0.4655713467469195,0.26185726923946434,0.6026974151058248,0.523855602896491,0.2551119099811201,0.5622019926939209,0.6381326435227062,0.5415680425407307,0.5750521051113784,0.6400635018770788,0.47135858919818324,0.5145039485889226,0.5641960866472752,0.530428663784991,0.46271584877313876
AUSDT,0.7797896734901825,0.21407596061912115,0.798622655877764,0.6877837214226736,0.7745315054619866,0.29010170957182313,0.4296268417125979,0.543037256640038,0.44365082500405295,0.3001903158630935,0.19867696432239587,-0.18402448354615114,0.7489129012488669,0.5535839981948801,0.4331077110649271,0.6882391357820719,0.4267374221511939,0.5629329613093941,0.41203706551054636,0.5231519005715396,1.0,0.7931950648292865,0.3753900181472901,0.5300096585058667,0.5319124676963733,0.5947989936995629,0.74274094004657,0.3925271374632588,0.41909278231033564,0.5061040962165503,0.5071880835135345,0.6892804281173,0.7223126867934033,0.6713753124477634,0.7041991380082963,0.6905837381749681,0.6212383376332996,0.6953015295318377,0.3926996721239514,0.37536565375715814,0.5076099609519774,0.6963146288882494,-0.0978398256091028,0.3958367918243485,0.5641282140047046,0.515263366358815,0.6945849469982677,0.36687971392151386,0.3819842486795935,0.3727992300219463,0.7560696187469506,0.662010563897568,0.5657487213898824,-0.17639492108809934,0.7055207892907496,0.6334623677211253,0.7313955264775647,0.6268033584405295,0.6204278930639908,0.680804374301649,0.12760154434951337,0.3819382722491058,0.1961377195849096,0.693533162382564,0.6576593178619982,0.5431523801671677,0.6166898229484715,0.255773687702413,0.28445620172183433,0.6633086121657797,0.41672329488151905,0.6226150667999808,0.4128102033148473,0.5236183653907577,0.7454998650023678,0.7756861208094004,0.2132236346918191,0.5873386416829726,0.44550371015932416,0.609146106186828,0.2535404205068968,0.3654119038990817,0.2116627847835856,0.6060489578950394,0.6214170922200971,0.45673498319685896,0.627923425878133,0.8072347644429712,0.6035951851968804,0.2916156791008077,0.729526648537546,0.7562566106137882,0.7076374373483776,0.7715099259775641,0.5183679012494653,0.7006857477564156,0.7145144229553374,0.5098491323266653,0.612670362435104,0.8331472651659961,0.330770287709104,0.11658398944366218,0.5454424016243953,0.5560749478641746,0.4984287645509359,0.5020022885246719,0.684119089341625,0.5896642513348886,0.18576618673510478,0.3402808658033127,0.7149938321008641,0.5295345609472984,0.7351977217298389,0.6120619558240374,0.20801042127519623,0.6085277641003365,0.6799740736565568,0.23441855047483084,0.45801770994732444,0.26729056026236486,0.7802235106652159,0.6362540439047015,0.7081508695573367,0.4786981253660535,0.5488461172230044,0.54100288332893,0.6414468274048712,0.5086462605586715,0.815627420179981,0.3649726523249146,0.7821760966855337,0.6985539816847786,0.3826245822075123,0.38295635763434954,0.41511533635803094,0.6524659746048278,0.7241318071971565,0.6707612047680678,0.11714760814254882,0.6980590084100071,0.6992867742214083,0.7913744907575316,0.7762517013589465,0.36084422238200486,0.651650169949021,0.51653139882719,0.7105198617796215,0.618473150690725,0.3324229021676222,-0.09906143142109317,0.20748269442388984,0.6728411123054078,0.12744430741738696,0.4586140724222909,0.7428250362734381,-0.21020152359356212,-0.2724790144540492,0.6844397004394601,0.7169181765470332,0.6148100988993297,0.2705467189340454,0.5581090344158293,0.5606784046993643,0.2637782935522208,0.7907278527214626,0.65080472616112,0.48212119012248067,0.7061802332078103,0.7278386233986182,0.6045811366427685,0.4547242602958639,0.6448949204028885,0.7822847419020948,0.7356692694998368
AVAXUSDT,0.9132548197573771,0.20171088875849652,0.8525471740656787,0.7808036277996874,0.9463458020458126,0.26947603576066465,0.6073969449402097,0.4290802603816685,0.5240569102867291,0.5729513063628017,0.2724866201254586,0.01897792979019076,0.8363946866151735,0.7811131405668817,0.6735475740616595,0.8056641158947573,0.559959736846491,0.7697575534174294,0.730817923065518,0.6917108150406504,0.7931950648292865,1.0,0.43698414646861194,0.6594005763368527,0.6498951827302244,0.615651688097974,0.7588925501826682,0.4895213516507378,0.5248842510085314,0.509989506597623,0.49876410964800855,0.8406787219716529,0.8876060891890134,0.8929446814291522,0.901786788033573,0.7252237533365077,0.4649443113485871,0.6622801123450476,0.5719359047830361,0.39705060541408355,0.5297288860949342,0.8356107372142715,-0.11519056884362794,0.5551947898242302,0.6805570724883396,0.611301097888186,0.9144201872131944,0.6543657063631776,0.3028497164297452,0.3892947978748305,0.890881437989217,0.8240793480367271,0.7323581844127752,-0.22183335601466597,0.9050851723781382,0.8633064532580731,0.9080385066281955,0.8119175929347903,0.8831644435497877,0.9103964172101275,0.2580064633707329,0.4126666314246252,0.26110766342726766,0.8071546779622449,0.5702005229058832,0.6886174650785264,0.816843181877169,0.2689463101670926,0.5745312984405135,0.8762142702517597,0.6235703704751393,0.5743558311739534,0.4575702066325574,0.7567534949071936,0.8205893282971949,0.6862549252079883,0.2884627416671324,0.8215945519669101,0.6709692689505865,0.6849894537841438,0.20762446169211082,0.4861747418551863,0.36538137569773377,0.8049864260787029,0.7710028734457751,0.5065997569834753,0.7955873055510162,0.9471085074164696,0.6514528035685736,0.3857331917203017,0.7345033969500904,0.9222369283749718,0.7539145587433234,0.9373604800909071,0.6573498192974827,0.782954583156273,0.8361217257613384,0.7567487424243415,0.8374393755427842,0.6223060031450692,0.44310509119066316,0.12078560727890729,0.7445783302313259,0.5235456549590806,0.42288563360329656,0.3647185611747042,0.7849354044619296,0.7695866356336339,0.1445761234336458,0.4637802942483397,0.9194162571188913,0.7914099985992963,0.9235715431862312,0.7736964017549064,0.22251499307051406,0.6340621452898186,0.70833874398799,0.30810889766510047,0.8072168209781927,0.2045959193386866,0.6687866679159036,0.6942787992248219,0.8183763781316457,0.6118709037139531,0.6483723643142264,0.6627646065236943,0.7526575967746197,0.6279345491622115,0.9312728661685895,0.3809239886589219,0.7664670632149809,0.8815956232023611,0.48354197083729517,0.5043242162255884,0.5862360461973888,0.6478085632914372,0.8955735215876227,0.8422612674949872,0.16542876247851515,0.6333154354573551,0.9119570240245032,0.8141669955438353,0.8887673038731685,0.30403417985513514,0.7160348788887971,0.7793432980488674,0.9170407656518884,0.6261178863699461,0.33590763783516975,-0.11056397485215275,0.37476689718514444,0.788461640576591,0.2323712520179322,0.4678746439306702,0.8341586936914545,-0.015654158674709373,0.03930396661269504,0.8052956056841895,0.8748548311325834,0.768189837749616,0.39174343176986265,0.8178554309726803,0.7612558850255791,0.5281167713261841,0.8769791591286773,0.7948569400144424,0.6642318225285819,0.8848749388986327,0.8241326251347134,0.6852897079637622,0.7345461075721084,0.8121923234226903,0.8295202497939994,0.8493558629193534
AVNTUSDT,0.5776735044987262,0.11589831032690691,0.4318421029472441,0.4486864020462441,0.42199389173805973,0.2073649946693271,0.5140105500226243,0.07649059285864611,0.38717993875191936,0.440820232151097,0.19327047673465236,-0.04107170287124197,0.4417913509284427,0.6840840420654305,0.35441212317917425,0.5393396780288168,0.3369514387391338,0.5051613172176515,0.5014815110288889,0.4126238416262076,0.3753900181472901,0.43698414646861194,1.0,0.45640917298730693,0.34132491104536433,0.6789128561683307,0.4388609322140438,0.3122095306993576,0.5356214448828397,0.11732051949746464,0.5512177268294949,0.5968891236271716,0.5996912225030119,0.4454818812642779,0.5610508440640498,0.4140942038920489,0.3895596988837801,0.5075363758993428,0.2809737579023917,0.6005963427538018,0.4373664197207006,0.2759026006625154,-0.2022426724775834,0.4742456805154893,0.35502381300731933,0.5442599647810145,0.332401601858077,0.45075548091540363,-0.08009010122677071,0.09359570322505432,0.5137909619843347,0.4600048918547964,0.5597537577916502,-0.1303314682376451,0.5127893375994022,0.3555419969215013,0.5142133149374818,0.3444472903312832,0.5051785745122751,0.536513143383195,-0.014200444738960372,0.07027259088026996,0.2957825768508758,0.42490565734713787,0.07830471547660085,0.33981230334105866,0.5070600478925366,0.2817183332726987,0.2853658805252526,0.3796099608562718,0.7529225669800389,0.6038715417521384,0.5913870206602683,0.5733346636057103,0.4454597654997091,0.22828321342115093,0.24349153720394662,0.45748463336094564,0.4652278933482228,0.3438777748684267,-0.02805814500380205,0.04801465120177312,0.052044511627389316,0.467292467552642,0.6049582645534615,0.498089315072824,0.4320124926038252,0.5060512150487961,0.5754852142971555,0.3602275626096485,0.4353698569797485,0.5459358224555286,0.38714541540624425,0.403192399648138,0.24584870666712538,0.6772358492672619,0.5230113222262959,0.3322756604616408,0.484262671335083,0.3113535518829956,0.3974406220403193,0.6804509279008438,0.47648537396216045,0.44488394890498717,0.06979840915634902,0.015881965546074118,0.47637085135810014,0.45231245890365035,0.5011139046320875,0.12862832688010872,0.5800145609832129,0.42490537056643823,0.5395779752889545,0.48599801051427954,0.04018910850694642,0.5616013431359905,0.40178159780356987,0.48615777544359523,0.5182958208065124,0.11472508503548783,0.2374347143329099,0.33374480968343834,0.3571408875423677,0.26714189560545715,0.5283134165381689,0.41796811463345046,0.4741474650399241,0.4135450924137353,0.465356621504769,0.2395205843877331,0.26600913537539284,0.38827758356467135,0.2794678427596205,0.41483854639867485,0.3206984581309121,0.5216716335891923,0.47839112776757475,0.451075476018819,0.1273737764951281,0.4815976909997268,0.5743824389635824,0.38344161890994993,0.5374518067354024,0.5525716465289381,0.30319700220804185,0.42153362206733314,0.5990783224164359,0.22811633399473483,0.02212288955158512,0.047661057725081474,0.0038249275964746007,0.5436997912264607,0.021076224609253423,0.21805591018274703,0.5101731607779312,-0.021605434811626332,-0.009762504996275134,0.28232449331674114,0.39987653133639606,0.42169127195320605,0.33514233810491056,0.4527011666178904,0.42822548393973625,0.04150404606000235,0.34284137382463986,0.3544895996851794,0.4771062495044162,0.46206606009402895,0.40471932423149276,0.5122641564354196,0.2792376867505822,0.4924461013242239,0.48764106647737904,0.3967616378876177
AXLUSDT,0.7418645792865743,0.09035396756397344,0.6325123153898344,0.5154736824672721,0.644069432441579,0.0030930006122212696,0.5864613434686777,0.1732516048149885,0.3658787369253718,0.5146642823023213,0.4593464393695621,0.12009475701070081,0.5334070321140855,0.7250496178410665,0.4233742175676991,0.6021418181728279,0.44174273489196625,0.6431408490022364,0.6085568139237568,0.4472728052483839,0.5300096585058667,0.6594005763368527,0.45640917298730693,1.0,0.49307816372768176,0.5569699774517096,0.6664103102156989,0.5264385482526367,0.38439693877090786,0.3022899895804849,0.3846337139826134,0.6662747781890414,0.6847577974984468,0.6951918715405998,0.6384340628094921,0.5548181883975015,0.11520652835432682,0.38631315628916646,0.39446184196919465,0.24195112941875072,0.3045716822857426,0.6308158056762138,-0.30518278878599736,0.4272897812338424,0.4218316851883861,0.5921829988431754,0.6320670114207336,0.5226612307880308,0.1932422812079977,0.10341877888621191,0.631015296017754,0.6207825112220415,0.6993395432428289,-0.20500777235627277,0.6867656111601284,0.5978641736200467,0.6957419806827975,0.6648345591848632,0.6191898126737984,0.6645298884095143,0.02493746737870946,0.29838202743569897,0.3479119621646088,0.49980080819486267,0.19959161346403567,0.5623154746981617,0.765967208055027,0.4901704402137511,0.40594553879389333,0.6553087012392851,0.5013986358701991,0.32464760967149275,0.43935990624096544,0.6163556715297018,0.6156768120692585,0.33748627332436226,0.16589424592142338,0.5670790772343158,0.582697405342431,0.4224692040833025,0.09686895370482818,0.3966021076561608,0.3092640282173924,0.46500197864188164,0.6927826650137763,0.4861113628613353,0.616898618123633,0.6673257382597944,0.5565798969106894,0.5043969131882661,0.5964720321978753,0.670794910056887,0.5389848610356918,0.6302130585784516,0.2796868151182658,0.5901565152622555,0.6026390872873332,0.6298375685197929,0.7016118562428982,0.40695111199992234,0.4155549122969129,0.059715597149857594,0.6037890984657917,0.3357743042488035,0.1300705517618299,0.18018359277524948,0.5868027938922393,0.6624804286075691,0.20758648356181525,0.5099832193445712,0.6659276877138444,0.4159849157184236,0.6311372518523436,0.5484486905765907,0.36013784020659767,0.47160948685719356,0.47950284770483986,0.3410904651210029,0.6577617417866044,0.050781272682881684,0.36761454406669686,0.6604193302690864,0.6374426282815691,0.3191753679738379,0.6133597838926845,0.5593799221908696,0.6944802068215898,0.6338809615267472,0.6929161152606649,0.45854735658856194,0.5230108164896303,0.5830660270665772,0.3811385731235269,0.6371608959214016,0.3847668744295961,0.45973953098211373,0.5645258832260748,0.6383724125623976,-0.04045985116276386,0.44435219251341934,0.6043360889574412,0.6110638775181473,0.6997437381300627,0.5295573264269287,0.7395067087363761,0.5896552570210478,0.6468284943371283,0.5416570786177021,0.21505365580869149,0.028736968704841527,0.39017134423482475,0.6394682944309247,-0.07871961590724387,0.13640429452074673,0.6274798044048184,0.03547520529886833,-0.15000704033068535,0.5497024533868967,0.656209191382902,0.6159286836807478,0.24379851607171146,0.5116609679749271,0.584147929156731,0.31416654677268796,0.5963059304993057,0.47803550177572995,0.460505916408567,0.6310617872203445,0.5248557342614715,0.5125975672641256,0.5324819925583248,0.5972105253754862,0.632737813424411,0.7075763411822431
AXSUSDT,0.5317252445992058,0.06876491548173258,0.4419450401082142,0.4642274040763871,0.5842061613624105,0.16205274252852417,0.33119287603240505,0.19076837177464226,0.41617310431800986,0.5384705065146458,0.03386574746184724,-0.14129871089471607,0.559885892022433,0.49841397090090434,0.38600407987351343,0.44749619985535816,0.47194075799924246,0.38507701439471137,0.5117045245926808,0.6341250646708083,0.5319124676963733,0.6498951827302244,0.34132491104536433,0.49307816372768176,1.0,0.4106783213587613,0.49657367085798004,0.551809478199524,0.35295308908355383,0.2603078298252983,0.3937074997287886,0.5523155301194151,0.5184272610468548,0.5432650522426737,0.5467372932822625,0.44450671218928217,0.24046273505443977,0.482554680734571,0.5924192451019408,0.29782589573693646,0.3471130661015681,0.592588947128522,-0.023880751011958194,0.36013943330669146,0.35507702377977735,0.33452928466179327,0.6273373391004018,0.34217378202546284,0.1457753261513769,0.17565697272544473,0.6030851375562459,0.519545710144735,0.493078264332315,-0.23779967762468876,0.5957205239065189,0.48105159316324597,0.5265751227894682,0.5225448530997585,0.5440843440473665,0.6106020024422881,-0.026526526981426587,0.1569444426893041,0.2713632703299678,0.45707440429084056,0.37593369202518057,0.46565439890091176,0.5035541258661853,0.13697836148699996,0.38476507769747603,0.5451833562443277,0.5453096290644024,0.24360306081439959,0.273122226738541,0.4606875988832775,0.4599741669203247,0.4632152948253398,-0.1277841519773993,0.5130377728424627,0.43580485890262216,0.3958104897450062,0.02915147814651511,0.4378179098395271,0.2972410500790191,0.38863295263239733,0.47584339574339696,0.5402465076965194,0.6087208328567664,0.5992388893182571,0.39786939477111927,0.2702887617550297,0.39162082466661535,0.622418766198891,0.4349811728177651,0.5504256031346567,0.4361644590568283,0.5112619002062749,0.5038270880714046,0.39057286778370165,0.4898613924048744,0.30778376274310043,0.2143304166514092,0.0459941064977611,0.6034565682767636,0.39064537033557123,0.30047434877625684,0.21878789871714807,0.526274151187327,0.4578409910864751,0.08377006573959689,0.31463597920502273,0.5656071402798789,0.5060037699039545,0.6124536146107149,0.6360064665337639,0.08022790973230486,0.35514792081783886,0.618907454317642,0.08397638014847154,0.5475963218787144,0.28308700715887036,0.32781449413831204,0.5778991386441636,0.46231905325795253,0.5336532556980091,0.2867922960848386,0.32927180011683616,0.6076493164246083,0.4155370783622801,0.5562409600692899,0.595843154381756,0.49897306286269827,0.5717577525098252,0.27308906237009856,0.14073394044052007,0.4687534758860051,0.4900827539795265,0.5347116506915299,0.6109147660029973,0.1391398355521582,0.33980040090024977,0.6411688101641639,0.6069479319612141,0.5938401332243856,0.29696742246601665,0.5281707214725425,0.5263240291802639,0.6083057479985269,0.3807288385509611,0.3715743128292278,-0.024336769239890796,0.09188301146807923,0.45137911451527507,0.00849955444427472,0.29032135261972725,0.5055688903572756,0.15891809404110266,0.07567859965023901,0.5225948949227092,0.5966856165734505,0.3938741685187726,0.3150349014058983,0.4835526062934678,0.462023002474063,0.3353817370201272,0.6459934962002123,0.5982044287691746,0.4205232860864763,0.6053913445694026,0.5891899931126675,0.513967448700791,0.5068375693054226,0.5570445410810454,0.5432415935209122,0.6102339632509038
BANDUSDT,0.7263079439178384,0.03693467180090335,0.5557634948154304,0.5811220823089868,0.6237560202302358,0.37273971621937113,0.5821374699492952,0.3680388428680069,0.4164731202216768,0.5048994534603535,0.3484471825590401,-0.026278791603566123,0.6658605554989917,0.7568515802237265,0.4146842024568859,0.5998318287046475,0.38165983469412906,0.48622520745765924,0.7148029222199086,0.45581277532726755,0.5947989936995629,0.615651688097974,0.6789128561683307,0.5569699774517096,0.4106783213587613,1.0,0.6162752343779437,0.5095259286273943,0.7299058491292947,0.28557440703205245,0.6697509494205358,0.5902364444628713,0.7207141383506717,0.6572098810452202,0.6094057098636821,0.4942385362318848,0.3931765542379043,0.6258561624265402,0.28600715022137513,0.5636414113314612,0.545026816940396,0.4517769670076912,0.06825140147354854,0.32253603056812014,0.46952628728044055,0.7108466411140224,0.5038365724711288,0.5357882427506109,0.1367244938705829,0.2895182282939253,0.6572157537887933,0.5326635945704651,0.494128233631334,-0.11987539908484739,0.6481033516838798,0.4966096224650149,0.6392580251237953,0.556327901271633,0.6477312280728337,0.5906893020072016,0.032471720271637805,0.2957763386249052,0.22984001166584095,0.6440317006152991,0.37869945490822815,0.5609099182334656,0.6963774875155607,0.48486737053758494,0.3002481504387531,0.5922284549334651,0.8162469852435132,0.829337722440425,0.5439885589714522,0.6288300795511033,0.6669791241549502,0.5588032051502717,0.3002014675523906,0.6366024268902649,0.5048634407021492,0.5323669771064058,0.16855300317773014,0.2421846433597011,0.25660407051548617,0.5737060385732146,0.7146806806700762,0.5435259486638878,0.5508278950038461,0.6233707797291267,0.4385634340406121,0.46422819902728074,0.6503257874510453,0.6391168431565675,0.6173133128306644,0.6965617899188752,0.51070104852565,0.6497754162229716,0.6056162431198234,0.5428563605631627,0.6446387486089976,0.5116539898598245,0.4069086010876074,0.5980243114899453,0.5177711070125022,0.5919868661251051,0.26939122912071567,0.2726870392180483,0.6417010500545812,0.5968687825779923,0.6632320190199005,0.4810994969026817,0.6956223682305108,0.5155760582028287,0.6970912918302632,0.6078818582511885,0.2413846420962615,0.7587436601754032,0.5288999207294619,0.47081794707160496,0.5840427672759331,0.13216470450371195,0.5151596888131017,0.45693911513066665,0.6275474209601998,0.518565562660699,0.7591008045921669,0.6305239132285471,0.5969101448144425,0.5311156265776377,0.708896485610706,0.1655276837986971,0.4691479567037966,0.6097341258238926,0.4508047456706636,0.3701451737750973,0.3932132716816672,0.5342353085096097,0.5907524561556105,0.6226686247052892,0.18892281728623284,0.6299763750596401,0.7273095099254265,0.6026837940610156,0.7210301713526395,0.5601860908463032,0.5680647315546067,0.4504261275072362,0.7501148320370865,0.42019408365729416,0.1515779464262616,-0.10118816150204749,0.18052121510097338,0.7048285048338905,0.13564034246757564,0.30061628565468745,0.5280821715972831,-0.06497465567788464,-0.06213772849205939,0.5371031491546184,0.6020811164238903,0.6856782731364314,0.23945257921001933,0.6379201116348044,0.5602335289447832,0.32313960175386713,0.6374172580932737,0.52813657755764,0.5945282597848762,0.5765187642268851,0.6209647219240749,0.6314663000218712,0.5011854787426622,0.4951570107826239,0.7441361567656909,0.5620175322962551
BATUSDT,0.7323201542780395,-0.007894165990365737,0.8003114099124203,0.6473428959265005,0.7697410657251686,0.22805033761257693,0.5330136240194486,0.3391590901051237,0.31127287029376005,0.44312023300223247,0.23600586474777432,-0.12183683973635497,0.5378486429572447,0.6875750509508922,0.6554279011239952,0.6183119154016825,0.4257849337647668,0.5610818635929035,0.5679879268467352,0.6080450499938884,0.74274094004657,0.7588925501826682,0.4388609322140438,0.6664103102156989,0.49657367085798004,0.6162752343779437,1.0,0.3817902754907916,0.4370426612444575,0.3795980850379556,0.3581799227055972,0.6319358401412699,0.7698061268979006,0.7820205697539508,0.672639941079597,0.5201508185605699,0.39985263879375105,0.6759600330990803,0.3833657184996862,0.32547437548623637,0.411766176947862,0.7061838652736036,-0.1347553705653042,0.3240354420116951,0.5365410259913082,0.7006341184533613,0.7002729911910016,0.5140731263180135,0.2061733111197212,0.5825458082702026,0.6223500438370644,0.6613046565541973,0.6157986841262412,-0.1511464544388843,0.6761282792481619,0.6257666088233751,0.7371210784351853,0.7084976485602742,0.7455358412072437,0.7178599655846271,0.06712158700549292,0.24430567012683319,0.13677480916430756,0.6237930424838061,0.5297119247073788,0.541438218984279,0.5982159244757637,0.3316531494749259,0.47052907952575873,0.7074903351262796,0.4697762242239367,0.544545570670549,0.3452395178811238,0.458371916046839,0.7774941910006502,0.5921254672871651,0.2697410267427975,0.5580034121694079,0.4443014544183426,0.5370538614169165,0.3217046029455094,0.37119579410595077,0.23434477370126378,0.6063843438313653,0.587779395210658,0.5117879633835619,0.5283030213781312,0.7849656399437521,0.5366277186625366,0.4805152943649098,0.6709481390044963,0.7416320346586308,0.6690777374766556,0.7352556045454106,0.36961742779690626,0.6202131771603177,0.6231209400552952,0.5744431015228847,0.6105406604227307,0.5168448620879955,0.3436019464074322,0.09881304547078947,0.5813155084533933,0.542452362815955,0.32760449343704484,0.568803680339592,0.6196577721981097,0.59696333195597,0.22094076898470127,0.4535834746867248,0.7354963161599334,0.6017724380151827,0.6901685035782003,0.6564998630064024,0.21031719645298927,0.5958095618810243,0.5585035984907134,0.2539938946220824,0.6062218586931947,0.32520550155315653,0.5878005863244956,0.689429570524088,0.7575105399985127,0.45960412618870333,0.5544491057452738,0.6440273916143464,0.6145777528372026,0.5079617549426788,0.7990823911606505,0.2991607907205754,0.6306250074718044,0.6787645032517077,0.3927158056986377,0.4156404702795678,0.33281985009395015,0.5451526965474557,0.6229952448174164,0.69912034397753,0.07699613650055899,0.5914768957438992,0.6847073351812595,0.6340802728750665,0.699097274959355,0.597491355957588,0.5573750449411041,0.5252465788240618,0.7624697119495863,0.587159205588021,0.22285147477364792,-0.21221267123103674,0.1322743219121899,0.6505758285525568,0.018973072915783543,0.3336864428914327,0.650886133600086,-0.1898183660233675,-0.07442556793847555,0.6184531129564785,0.7889934419578883,0.629959821210053,0.2043950523733258,0.6980813914558641,0.6269462051942019,0.4339908938055343,0.7587964846329137,0.7308118023446577,0.5333480050696895,0.6798476395726226,0.7050480580765968,0.5758517949908258,0.5590283435027532,0.6243974252851157,0.6410216024445639,0.7507731690683956
BCHUSDT,0.4795582873699471,0.049559149797958724,0.3625330370967207,0.4838381187058056,0.41486611034022475,0.05725704835969444,0.4212316338186729,0.10504247746775613,0.596688962284554,0.36271008849255226,0.13738555620118578,0.0714020624369268,0.483838333979791,0.5572310113996951,0.31904821046339366,0.4037550713538802,0.34237723129788944,0.4845369052887566,0.5578576475762587,0.3381392514458098,0.3925271374632588,0.4895213516507378,0.3122095306993576,0.5264385482526367,0.551809478199524,0.5095259286273943,0.3817902754907916,1.0,0.43824714688303457,0.05752607145046873,0.29714447467780764,0.48138787193761867,0.44082087625351046,0.5026760365502508,0.4306733387075874,0.38621458108823137,0.0835362143340681,0.24719809350380623,0.5228279036915651,0.3484452244804731,0.2592700559157172,0.3167772360416564,-0.12863576464743579,0.3530577191023715,0.22261002259243312,0.40366601022153537,0.49109945555921913,0.23274602705871186,-0.05142191602636894,0.28530772019393996,0.585889154379156,0.3728523948986459,0.3453493560163678,-0.29854659996535676,0.4752051007592134,0.4242764341667628,0.4567112804233026,0.430818833352953,0.40686771498522206,0.4450460801849632,0.1440334013218681,0.1414391149776276,0.2375722748657022,0.4036585723063899,0.24672812230037203,0.5569692084316292,0.4308049239041282,0.2429024186247408,0.3046794811217655,0.41959579085737386,0.43625663418771615,0.3032093695431847,0.31617063593275124,0.5609185179274396,0.4166241162402768,0.2386471247986411,0.2053906734418075,0.5033860111559637,0.446999316712679,0.37347044203036045,0.17069437997259068,0.5733516080173426,0.5084457630312285,0.269808338650221,0.5715452913983751,0.2791368720812464,0.5834775159163776,0.43378416577712475,0.38252037652341203,0.3847457158568641,0.4669206801282089,0.5281410929073723,0.4879959190253396,0.47511238509622106,0.3085129279488718,0.4476489749770247,0.39776356018716325,0.33592774587616897,0.3529631082023522,0.30007277451598524,0.22385179586937404,0.11840455808397063,0.5504196165014938,0.35823634844213065,0.174831482310865,0.14161910875503728,0.4797259985108058,0.514534935481311,0.1859225696836326,0.28730541383496505,0.4697395280987889,0.3645022873065083,0.4391261167033572,0.4437411971359705,0.1711746694094661,0.33389999766687783,0.5339675692855289,0.10855454030584612,0.37743050978865283,0.06375592005923905,0.29832532828374597,0.4704988437045966,0.26710443054184974,0.26734940723097644,0.3523715403852162,0.4041019976160549,0.4363975423665134,0.5667830733811305,0.502348553406121,0.24322516991371043,0.1645752266223869,0.5009155947732561,0.3019063214353101,0.16687771195927928,0.5081523002161793,0.3005425634438819,0.47296489868501823,0.4167663270923763,0.13597438289566638,0.29633737783025244,0.47843993901583937,0.39498239309928157,0.5444511337151371,0.3143678912436183,0.5812825957499262,0.3133436485425281,0.49590281106927664,0.38517717800783313,0.30622958256889415,-0.12518220544792394,0.13788664986471436,0.499224763807961,-0.047324683418835514,0.004531842144123087,0.4931584200974042,0.37336158926899515,0.11745728842861593,0.37874658201610284,0.42852957045715645,0.49543265620821403,0.4389490948427601,0.39093365876518477,0.2645910668828508,0.2909196263388961,0.48106544832681497,0.35759086637866183,0.4295448362948556,0.4482255564847766,0.5176962189768399,0.47195225868130397,0.41398068359232804,0.44423122237406804,0.45624628673985046,0.44316097354500206
BICOUSDT,0.5643286921635086,0.07195493771635178,0.47183797469147354,0.5699956230674909,0.4946255821868642,0.4070053499128419,0.5132189626114328,0.43890812797529233,0.3022538175892349,0.3506161405208199,0.15126210371197807,0.18259076644967778,0.4838348490697471,0.6368983749992692,0.35196257795817226,0.39860027989772834,0.3013455393982027,0.3828593281173842,0.698670681959415,0.3330112504276308,0.41909278231033564,0.5248842510085314,0.5356214448828397,0.38439693877090786,0.35295308908355383,0.7299058491292947,0.4370426612444575,0.43824714688303457,1.0,0.15198822728571634,0.6374425408183135,0.4634248395979868,0.650528005878596,0.49937187206333544,0.49555079930355006,0.33650283983879703,0.2389034402020593,0.3806680013700799,0.24285542174663408,0.45329364158981655,0.3468803662609342,0.2827802481823394,0.16839188366899013,0.21506981882990656,0.197271870116737,0.6944463856807699,0.4628113091774834,0.6637523236989382,0.07755635757245948,0.08853205783274977,0.5825094786627397,0.49043036394817585,0.3128055233200496,-0.19216233329482277,0.5849054751959532,0.49582102009802365,0.5942809106754922,0.4500270058524066,0.6417805208491772,0.5158900353313899,0.04875309466907389,0.1810800252119103,0.22406668403289712,0.5366546568424835,0.22560353041400535,0.3673802708492458,0.5197572163977847,0.30767417090880606,0.6372560950256085,0.46264889179647034,0.6907924238420425,0.5874406870456804,0.42226421424387256,0.6525785983207432,0.5602365563471612,0.4037342473260237,0.3149467155965303,0.5713147516222886,0.35514363750775046,0.3788120365331161,0.0944935893577188,0.10604868389421852,0.13227581181197773,0.5976833448080192,0.6662098589810767,0.3097585594215065,0.4376429955074483,0.4925713673028151,0.373688479946911,0.30107406052241936,0.39095582275799357,0.5561973987031484,0.38290216496048735,0.5909552327934535,0.5623506487697506,0.471952532111242,0.5011699408791823,0.6086670585537088,0.5380367357816689,0.25224669359044455,0.41675634980085485,0.5215860952953432,0.4280043600025912,0.5577672808600005,0.17753541452627244,0.004754610159825885,0.5684689987895656,0.421115343781863,0.47693292256617936,0.27517897794437335,0.5296804269195562,0.5884174203453907,0.6069647557277407,0.5197733343579727,-0.025314683815510233,0.7364411722073273,0.5693549770451459,0.39025878032936484,0.46545020602352133,-0.06810186486751543,0.3784611893639079,0.2663552969189542,0.43277306633567725,0.36848929303540506,0.43036292567295276,0.5443337450680678,0.42460090191116356,0.4265223769423589,0.5996747433347779,0.05312361024159284,0.24527333836833462,0.44870018240365456,0.3829068238814913,0.30345049352114767,0.3428338246232496,0.5473907007235915,0.5055758356659248,0.43849084302185626,0.006747872608557794,0.5216077998451789,0.569609280718038,0.43319923733180976,0.5668227545964948,0.4889516905914326,0.3941913918552769,0.3780599129813154,0.64332447637842,0.2683294530929576,0.15847813465459293,-0.23859457503847198,0.13864554958535394,0.4527569448291154,0.3762117349058458,0.20845808458697843,0.35757908934677873,0.0395230730140743,0.09989288937498973,0.5345099157459963,0.3974210387248901,0.5722176427350496,0.1804269504011267,0.47572933150798985,0.4320014902208143,0.4468489250886466,0.5246956472183574,0.28429322606451063,0.3806530872809301,0.6237299594179135,0.4657997203330383,0.5184226096123473,0.4340245042388641,0.48388536257043635,0.5724576324113234,0.4498365880235062
BLURUSDT,0.40274712484158587,0.12743940102938017,0.31027031878436734,0.2836127789022617,0.4698752216043782,0.07891115222588534,0.39854804896793994,0.31375015725596994,0.3184901078682687,0.2692618123895397,0.058096952434261155,0.02874617899434339,0.49137925110640546,0.20064604452168514,0.26942506910791414,0.43284796463265734,0.1320886587144461,0.3180797678617471,0.19266492842276445,0.490381332352797,0.5061040962165503,0.509989506597623,0.11732051949746464,0.3022899895804849,0.2603078298252983,0.28557440703205245,0.3795980850379556,0.05752607145046873,0.15198822728571634,1.0,0.0642580051411279,0.2659124330741287,0.35374139562977697,0.33140644673131453,0.30087664686361826,0.26161892412348053,0.13222438119269997,0.19594064320496002,0.15538437229268215,0.1066248244435258,0.07906823391085652,0.3387338661600756,-0.2885178906417915,0.1796310045488973,0.2835780236523558,0.16252174912889736,0.29160540902119225,0.31535951600172873,0.6541334823421268,0.18733055791659325,0.399755729018228,0.30735072836168786,0.3526513823467798,0.2075593253154912,0.3613599047219966,0.26789134952189436,0.4025067694864079,0.37466084275665196,0.3506282150901855,0.3526242391122192,0.061698484383957704,0.5144840641865952,-0.2363754112429967,0.3630557476518412,0.2820701624194149,0.3208605556249694,0.33042371087793304,0.08580423015307183,0.2752696524858329,0.3445321672779168,0.22831212349063934,0.3820268506477414,0.18927910232188716,0.3552016919564175,0.4906958953191068,0.5623876991081452,-0.0017564157732795015,0.3544809766437228,0.23960237390767147,0.09692909549036324,-0.14371933053549898,0.1273900568599377,0.14488235789815807,0.4092469727063212,0.3335715196259106,0.19260773586779506,0.32948074379411846,0.40574208431579006,0.148100906247361,-0.00734346596209576,0.3155355331360574,0.34225051155379094,0.4696531555721094,0.5787058919415985,0.17331575944218597,0.3329876179358028,0.36601587621370935,0.3430121531315751,0.3721213524896332,0.3342742038961258,0.3329322089336763,0.06559994156407024,0.22039825848145167,0.060657114951830925,0.3307261311410252,0.44529386903537066,0.2705009226268985,0.20060563286008296,-0.08031634689396007,0.34589448658560334,0.3675691429233958,0.2362927575443501,0.41315250638854817,0.32100347612228264,0.03924408631208741,0.3918244232807348,0.23122006375271292,0.28946439264087653,0.3222044235002007,0.04945903696473303,0.40635325447143006,0.2986332294099583,0.4978980280468642,0.13019980234193154,0.3801205186970192,0.25622712147743243,0.36524464820216895,0.19062301834003945,0.42987343021229585,0.2623580059938554,0.6667704536933123,0.2969711384259552,0.23389671689951252,0.37166194793699947,0.3694402413426792,0.10008190242993728,0.20037915313143617,0.304264784723439,0.004259254688182344,0.24779157200159718,0.34031059514717765,0.6825807950259599,0.3021603050580906,0.15348689907523771,0.40931511796706943,0.48108737515990607,0.4030076568826214,0.501683918370931,0.07264762224362517,0.0935796314878053,0.1812301284687259,0.39768288074522407,0.02004094076632229,0.41600103065402344,0.4098890655245242,-0.35433509545548375,-0.43281422820672294,0.3128836321404702,0.35473704003332646,0.35246892735471674,0.19122149512439024,0.36229758473903684,0.37601630622763627,0.09190404366270527,0.377267635220569,0.3440089856752406,0.2942756098664138,0.3496103212697846,0.31193204651525497,0.1954613260797954,0.3589574966503061,0.3299520279719646,0.37616130026086847,0.36256015923786755
BMTUSDT,0.582553138184991,0.15242390324010957,0.5381636874958223,0.34942221823438824,0.4912537897948191,0.5480954984643899,0.205417324607336,0.31293038366142945,0.41604544338510596,0.4841584406006821,0.262809428290247,0.09231885540870792,0.3754067462533066,0.5737519335863773,0.29814171989170823,0.41227944439823183,0.27491600191266446,0.4436980926906561,0.48627091247320586,0.30968005350615957,0.5071880835135345,0.49876410964800855,0.5512177268294949,0.3846337139826134,0.3937074997287886,0.6697509494205358,0.3581799227055972,0.29714447467780764,0.6374425408183135,0.0642580051411279,1.0,0.4773857643784542,0.582165005668641,0.4186647863182183,0.5690154612248008,0.42288543087425373,0.4112025639308592,0.620235910520679,0.11095903926621464,0.32037407556639025,0.5075701970737245,0.4019128409340274,0.36111241668566646,0.27904768034769983,0.29952437517109165,0.5110038166859247,0.42818754901517236,0.40041191005716936,0.0016007825388345473,-0.0403309249160562,0.49455450080452495,0.44013789402528536,0.35493112091435625,-0.27902355652590494,0.571955459743199,0.4359894853851987,0.5245371173529477,0.435595793272566,0.4873999013223293,0.49175667316684873,-0.1194698969302026,-0.023608489718771854,0.168896083166393,0.48024757879865,0.1527289151055905,0.2820071239695167,0.6154861497887917,0.3199172221279922,0.21970250356279847,0.5491256073931071,0.5703401994219955,0.5194103500397311,0.3782773594261582,0.4540333851061915,0.4145655182570837,0.41474931843026824,0.18306649317107623,0.4660948867436885,0.4826095524482368,0.46385926436584834,0.2778867131488084,0.00910550755736455,-0.001396710747937795,0.5223979074440748,0.5637340246598481,0.39173932929618566,0.4002322834818619,0.5523655985803438,0.45358716757824163,0.16448356270110095,0.41462852137528144,0.5008250695889921,0.22137513278500737,0.4648351219338557,0.6059673687699418,0.5317599803454888,0.554684197344134,0.32599287549534667,0.48518287423112877,0.39790741720510014,0.6035324228603867,0.38257112750039096,0.3613849475470582,0.5942025291597252,0.07061082970886484,0.1268896617366515,0.49042926710945656,0.46839756709185437,0.5492429235972055,0.08927191832978468,0.561093911146272,0.41704718401223434,0.5776095292206013,0.5730555218854207,0.10641960850309773,0.6011764385217435,0.4118143588035829,0.4098807173820875,0.46319523090254633,0.3609403103621561,0.3154857063650779,0.39809445370187196,0.3329113026618797,0.5575414979949335,0.5242021682687557,0.5217650282925458,0.46788631654775137,0.2723817989759178,0.49846769467631113,0.047173899262547794,0.34583748890729255,0.5183401609629043,0.2996301179214878,0.35429582595904224,0.44474541931340406,0.5768835652311285,0.5583696571551561,0.4505564994360532,0.07158490042252812,0.5565040879894619,0.607613813991654,0.44638540957892536,0.5120399575314872,0.3254402696242143,0.310055966348799,0.313592401473129,0.5101095286500249,0.2808769659568974,0.18167892825993143,0.017212084013391783,0.1697677000360438,0.5771893240613063,0.23415654656623147,0.3703981176031637,0.3351932468038205,0.008900637726316468,-0.049610391004350295,0.4730591826854038,0.4456133313310408,0.6141831334259675,0.3639513015352617,0.44751047104006436,0.45832386654675106,0.30823831324572537,0.45304662873770885,0.402480643348721,0.5629043379816011,0.5421369541630235,0.5652095241864803,0.5609992840627487,0.2513773242105251,0.3448892368425129,0.6165541872976072,0.47285760310310354
BNBUSDT,0.9009747541158818,0.0725860132932848,0.8064098071769085,0.730506813569053,0.7911699099912722,0.04237161392538151,0.5668699419354682,0.2941568546784977,0.4564179973583345,0.5056451142194286,0.31584174668193776,0.014017522139638972,0.7556238122626666,0.7984059943277882,0.5244687427271949,0.7104471945657439,0.4701434421409331,0.7627450462517289,0.6647069285041879,0.6128921128912077,0.6892804281173,0.8406787219716529,0.5968891236271716,0.6662747781890414,0.5523155301194151,0.5902364444628713,0.6319358401412699,0.48138787193761867,0.4634248395979868,0.2659124330741287,0.4773857643784542,1.0,0.8382175567864575,0.7573251946508994,0.8711683134481689,0.8668481861064421,0.443218291777411,0.5827071618978179,0.4942740418391717,0.45255237929509695,0.4673368910097448,0.759351383074916,-0.3634856833012159,0.5289934649191326,0.6438985029064276,0.4846954026726455,0.7687520337690796,0.47855599467389404,0.16067902318439373,0.22522422400244196,0.8344832691792193,0.8661071041884043,0.7908844504461273,-0.2974716265880065,0.8083136712165756,0.7875825115320709,0.8359017179660989,0.6702392292173913,0.725309096565953,0.8063074610959702,0.12477566072811382,0.2787940725896525,0.29472923413223223,0.7000525732357703,0.43402254277046465,0.6157995999654504,0.7398676389703692,0.245980116095512,0.34917175439199644,0.7339172827876671,0.6184223154367279,0.5302190985866576,0.5356997409875333,0.7093517412418395,0.7333651918908832,0.42652156819502557,0.34499930016323754,0.7115552958757458,0.6307869700715536,0.6400662344596691,0.10188233287346396,0.35377162403750845,0.24590679215177147,0.6139756483909382,0.7813823918467637,0.5075526809022382,0.7540985952621256,0.8736778916538745,0.672762500205181,0.3188281084664598,0.710260737557796,0.8605091884100873,0.5979863858941469,0.7422876019619309,0.41966883381257414,0.7553330020078358,0.7028839730505512,0.5892948859831862,0.7380206490689534,0.6466029802285649,0.2854315562726033,0.2672378545684069,0.7575487782769249,0.38941349436330197,0.2668475477170502,0.15048567549436032,0.7791321396274177,0.820989988825177,0.23736756246138058,0.4026370458019184,0.887536326229158,0.6645658099627184,0.8236087668896572,0.6519013924987658,0.16488407884601125,0.5450131445942439,0.6400950532575779,0.271520975341529,0.6953526089120489,0.08287701688011141,0.6494852298443464,0.5204891868988508,0.6617075097641794,0.5309023185917829,0.5838098631863825,0.4975144445532792,0.669647891089787,0.6522287586418238,0.8336228444823391,0.33189687464640033,0.5869569605515453,0.7199391184752307,0.5253291920378149,0.4055334056026727,0.49351945520738266,0.6184489198904212,0.8807559805192946,0.7152156089821832,0.08163721672571078,0.5260490270613568,0.8495515014184007,0.6883413325032512,0.8625218240156868,0.3072161330668615,0.6314584623175276,0.6899250090900881,0.8168126012446607,0.5174086859234202,0.4190461109601036,0.006818053033560961,0.3258218586160517,0.6864133432789952,-0.013223870502312742,0.2725845324521344,0.9134154901545839,0.09776461973476461,0.12950175808744954,0.686033608358547,0.7910621531226235,0.605191875424751,0.3222818649531459,0.6465299254969789,0.6625304861331198,0.4522645573751903,0.7187816244420067,0.7213791932344968,0.6357593731580914,0.7758042392434575,0.7390309166681445,0.660662078712363,0.5820361898037127,0.7861282023138132,0.7339156627415695,0.7010659974281538
BNTUSDT,0.9610328042094847,0.10108948343289942,0.8819984119898566,0.8039262449628481,0.889353146035606,0.24180077411388862,0.5741698430550635,0.43743545638779124,0.4868090817199513,0.5794513291910974,0.3722590484311131,-0.018886959245023344,0.7621672225866768,0.8470686080167661,0.6715932941820659,0.8305989312561943,0.5750164927040167,0.7346203866223172,0.8188863737945217,0.606790415899021,0.7223126867934033,0.8876060891890134,0.5996912225030119,0.6847577974984468,0.5184272610468548,0.7207141383506717,0.7698061268979006,0.44082087625351046,0.650528005878596,0.35374139562977697,0.582165005668641,0.8382175567864575,1.0,0.9072540751809745,0.9132527240260159,0.6954876980563383,0.46653138803751726,0.7137278016486759,0.48835998359818367,0.4584714436482255,0.5858096689893103,0.7733413701717251,-0.10957672896783086,0.5198114502605838,0.6755724360875854,0.6857198884005999,0.8725287442713691,0.7212980861944432,0.13286471002224645,0.3109703482436714,0.827143327492259,0.8186144952127501,0.7916529580186312,-0.18466967189104874,0.9185333198947643,0.8226782124766964,0.9617248312297839,0.7741837606000195,0.8814986736378682,0.8713869309181332,0.17290606091450048,0.40878016557867225,0.2988219785927716,0.8620511688459078,0.3676256354049401,0.6790611840274746,0.760655983522576,0.22486284507457358,0.6295393976302704,0.8566312460312845,0.6283591152440743,0.6183791613898492,0.5826251759360436,0.7310854718223246,0.860092272482178,0.6094597293603576,0.41761562571630106,0.7765675879930208,0.5856225279433224,0.711337947369569,0.25594726217611585,0.3483579779160638,0.23075860067738216,0.8480309730941518,0.7945678613375642,0.4743715688180451,0.7618334204378869,0.9157707522749321,0.7383097382012753,0.418708262379746,0.7524263474560707,0.9000796451272705,0.7107353538183632,0.8482916207465139,0.6009841090947741,0.8194816350721543,0.8491142973372379,0.7343698353827632,0.8112463419044694,0.5208985328538329,0.5345843083210825,0.22929150784703195,0.7942400440659925,0.6538954594934812,0.1759075420151885,0.2387236593595306,0.8688764035514791,0.8198246900567587,0.3072361989469192,0.4664274919447771,0.9414392361802425,0.8271155028588509,0.9054296932813566,0.6959084099285734,0.22620279074855695,0.7287375451604763,0.6950548421657375,0.32499442279011637,0.7743465432931264,0.16946554319119983,0.6048283845681179,0.6331776223516696,0.749888990678878,0.589854209884418,0.6431159160562196,0.8007393608236754,0.7081718113555903,0.6285731769874062,0.9162424637467393,0.30354387224897433,0.6348396757679485,0.7893183541544555,0.5651468216325464,0.47736344212798304,0.4761920607712416,0.6963070002319048,0.8723436558918461,0.7911997431922488,0.16795231582598805,0.6492177215293219,0.8968997621080371,0.7421361634101644,0.8821174513851989,0.39743200691903774,0.610331495020703,0.6471607732781676,0.9408786673349446,0.6781351288486618,0.41584733827775394,-0.13906852371062836,0.2382161894501912,0.7615892223564462,0.1934098735226559,0.3566337365605691,0.8192549043301369,-0.11967506470215042,0.031851945416644135,0.7282426311485903,0.8534492873544993,0.7698204363509937,0.3185315340779582,0.8161076162614924,0.7825580557869928,0.49649236389939544,0.7590761108383864,0.7737771457387013,0.6305527387969678,0.9234098554795716,0.791063639298535,0.7433645701758353,0.7289820072427432,0.8116481567278352,0.7775937286122379,0.8349410725898685
BONKUSDT,0.8892714715935016,0.12973352133152272,0.8409277980513316,0.8282488399493281,0.9278538487087349,0.16128794775464175,0.5674374169439855,0.36215152999930916,0.4175020031716971,0.5627334010451035,0.43193881081558266,-0.04678956877947112,0.8067146238781752,0.7941840440941359,0.6603532131172665,0.775905864611662,0.6622388016392398,0.695659558524491,0.8114693317398778,0.5869981454329023,0.6713753124477634,0.8929446814291522,0.4454818812642779,0.6951918715405998,0.5432650522426737,0.6572098810452202,0.7820205697539508,0.5026760365502508,0.49937187206333544,0.33140644673131453,0.4186647863182183,0.7573251946508994,0.9072540751809745,1.0,0.8190765637631235,0.623235182525967,0.4549094169968442,0.6661055553297797,0.6140459102842195,0.364075978546685,0.5642993380163254,0.8062035248515776,-0.09983277162800643,0.5798705414795609,0.6576890796957507,0.6122590344522388,0.9083526496599799,0.739603554876022,0.137638783654867,0.4388979487286771,0.777906866407361,0.7693784009729672,0.7837483389851776,-0.3090101201422813,0.8973028132512073,0.8132504066243765,0.9009818580712005,0.8321214610853969,0.8541357489579573,0.902226536373429,0.19815241927455512,0.3974254434821303,0.3442170028595992,0.7884647782304367,0.5065015736095511,0.7680012070841082,0.796970136555984,0.28009971206117296,0.6113362180613079,0.8617817146797154,0.5694660353716519,0.5649674790170796,0.5129896855988103,0.721390551011227,0.8174777477543913,0.6358293839953246,0.44101002652359866,0.7583754817550264,0.5314713010961868,0.773079003362535,0.20695527123984678,0.5368732751562227,0.40831051797817186,0.8160595840168274,0.7400087747569827,0.4827844454193322,0.8080856687184541,0.8908802898898813,0.6839112040056408,0.5285253576964912,0.7090900526844849,0.8788972047962615,0.7508166400290565,0.846754330801752,0.5745570840375402,0.7856952466940218,0.84347298397532,0.7506932651408785,0.8298675969918128,0.5242761450834194,0.3380266060275729,0.08418927726177745,0.8061677538910234,0.6075095528349213,0.3189149875730461,0.35384475236141594,0.8330779956592639,0.7745919707956713,0.21121044382871562,0.5747963267070382,0.9164615965584133,0.8366294992729825,0.896131487138674,0.6911915298077694,0.36302355073489284,0.5985391836766892,0.6220224129076771,0.3607820373944787,0.8491593097220799,0.1859632183524569,0.5785057224640058,0.612730185889865,0.7534925679795257,0.5504235292515579,0.6334615268799861,0.7533433653471903,0.7293405327614085,0.7119470420717867,0.8947492746699816,0.35860129554967474,0.6660598536081419,0.8433986383913462,0.49851102325313945,0.43530794879158075,0.4662840685178906,0.5625240537590923,0.8379293922051878,0.8318436625398204,0.24170297427433463,0.5661434968190189,0.864881797109042,0.7559032996584846,0.8774038247425184,0.29353738849030697,0.6588525715267259,0.6728395468598776,0.9220666854626527,0.6068762755488907,0.2853431444226132,-0.16353493545407438,0.35159999206202897,0.7854031759574092,0.15030217651319133,0.3485027653874665,0.7903442119887654,-0.017419523765904523,0.10154547094135946,0.7412201472320692,0.9040212696552957,0.7723573199669796,0.22963797686663975,0.8523662767044975,0.7874956381749035,0.5030489030464583,0.8016202982361924,0.7786667270132258,0.5759760828616474,0.8688304823028217,0.764851631573465,0.6512105354215626,0.7878844552410232,0.8221712950229199,0.775914934515935,0.8050061693238566
BTCUSDT,0.9401703904510429,0.19831606107018648,0.8632930607549574,0.7130292758655308,0.841936149736491,0.2887754400202049,0.5405417211757495,0.3536163733394078,0.5106825602646851,0.5971838972294238,0.35276682720267194,-0.07077179850863166,0.7343502998708463,0.8034858974738558,0.6682710026514352,0.8658614527914539,0.5550810456918573,0.7962420241724127,0.7189952364591619,0.6381921738623656,0.7041991380082963,0.901786788033573,0.5610508440640498,0.6384340628094921,0.5467372932822625,0.6094057098636821,0.672639941079597,0.4306733387075874,0.49555079930355006,0.30087664686361826,0.5690154612248008,0.8711683134481689,0.9132527240260159,0.8190765637631235,1.0,0.7405322864744429,0.4779336870834732,0.6646696009007161,0.48924831583611267,0.4659766846718225,0.5934487508606143,0.7909924602836355,-0.09477093208107762,0.6045824978465375,0.7918433351210342,0.576778039055636,0.884068840777988,0.5818455434729739,0.05485407086674517,0.30978146771191534,0.8774303151654258,0.854405685592543,0.7511475302157613,-0.14323217004082375,0.8842369129293882,0.7964669162479385,0.9326686091240746,0.7239492245015312,0.8520165550528648,0.8493464261791475,0.27923928372202805,0.35025004576365804,0.3585590739989456,0.77286393656792,0.35130364277566456,0.5841577157871551,0.7487232210436795,0.1962667112163473,0.502983600243959,0.8648825369917598,0.6257309983521895,0.5102992395547049,0.5622578826808906,0.7021978060803489,0.762903047511875,0.5375555308368206,0.33408372748135157,0.7745891748743616,0.6760681252079653,0.6770460564030502,0.34318809271553646,0.39554192359496576,0.1697633738162083,0.796224860485749,0.7687218742078291,0.4776670802302166,0.7362680222362237,0.9278255824796658,0.7644847022322308,0.41383649624262026,0.7615407388590766,0.886185273961338,0.7095011077544235,0.80508228324455,0.6185300176203721,0.8329851736303986,0.8381701223125616,0.6961061812531742,0.8039643155757654,0.5692154784632675,0.5625758356864727,0.13079723964631898,0.737790240972669,0.5538607097360638,0.15655512630323914,0.15605898260737788,0.7908359672385937,0.8747300254749149,0.2430640614005676,0.3734949028977825,0.9170879828534927,0.7645099489648665,0.8584594531805886,0.7001883302300461,0.20897505617036607,0.6334804372593575,0.6894884865958701,0.2687703450762498,0.7714917663218576,0.22102026171083272,0.5864613504002125,0.687820775429317,0.7124477735692809,0.6177507058930375,0.6326756015427757,0.7197527996060429,0.7011936751322352,0.5845326996142892,0.853806072930923,0.3048929692481156,0.6194001680067792,0.8137528527640995,0.5606848738234449,0.47033650247951425,0.5206700015502265,0.706515047118087,0.9326979601707882,0.8184875633739777,0.21437079636368064,0.5808198949362445,0.8966803978240715,0.6941156937097714,0.8406748044825861,0.29118030551513074,0.5945380462733169,0.6381520392761681,0.8712393122827125,0.5755817802669675,0.3512511710234414,-0.07851197796092886,0.28033698845116944,0.7519762484449122,0.23520440101966913,0.34903866325348404,0.8103553905844847,-0.057124971688012886,0.08074749743481231,0.6780270587259434,0.8399927393429718,0.768426147047869,0.439755925594533,0.7985953395604053,0.7854357308550342,0.4372173655757546,0.7583827364703282,0.7568708726933898,0.6202334180373371,0.8922526079493714,0.7993536820255898,0.6941342033145973,0.6986762526201681,0.8067362693798429,0.8008503828768528,0.8305902880968241
CAKEUSDT,0.7848586705675711,0.15860552621675295,0.7383059255816734,0.5567065075931716,0.6901397283876622,0.1649699378087002,0.33367133479840627,0.17038393607869204,0.3717748498180373,0.41464911623953965,0.16782298334316592,-0.09859348015834052,0.6536522379731743,0.5982170021090637,0.3564685269969182,0.6538238577605158,0.44376096415221983,0.5525945061980538,0.5102910055678419,0.45527571853246135,0.6905837381749681,0.7252237533365077,0.4140942038920489,0.5548181883975015,0.44450671218928217,0.4942385362318848,0.5201508185605699,0.38621458108823137,0.33650283983879703,0.26161892412348053,0.42288543087425373,0.8668481861064421,0.6954876980563383,0.623235182525967,0.7405322864744429,1.0,0.38136769934792064,0.499436412540302,0.39568614797371243,0.3232371748325402,0.4469371888229323,0.7458426821495998,-0.24171983200297062,0.5034943247486198,0.5309528237168915,0.3116225632917857,0.6536836752078332,0.3748012101155777,0.3173555953568283,0.21729449909324144,0.7388103172075573,0.7918988605026197,0.6941230042185462,-0.20863516725173453,0.7250990229232888,0.7229808768259611,0.719986629731355,0.530363005067723,0.5278642198857039,0.7095863497856826,0.21026947739317914,0.3094664444693227,0.24315698290518803,0.6653472259976547,0.4330226156488657,0.48622413741371956,0.6300083178476658,0.2528286053169499,0.18822123996489964,0.6617188090353466,0.41928172912078804,0.3953373428098718,0.39979847239235905,0.6512862615719449,0.5737651332410576,0.3631957888430829,0.29675588687386895,0.5889725520689743,0.5419664501399872,0.5681210134973049,0.16766523942912598,0.3386933632416885,0.21768295691225745,0.5484970303607191,0.6140950365577272,0.35750895452769693,0.6689971151781212,0.7595567617031348,0.5678249124738252,0.19865256961415168,0.6779191477456907,0.6830401593737485,0.5079517410788632,0.6767821474323321,0.32284333916982594,0.638586313470102,0.589093107333829,0.5347056325178332,0.6026920961495481,0.6972930997649579,0.25074021396790636,0.1165533868503986,0.6153769982476793,0.3575022850257442,0.25731882845414816,0.2036238939773628,0.6775169664711626,0.6857962187654345,0.17843891793050823,0.3891355800648209,0.7557487592382424,0.5567017919558699,0.6970377345817548,0.5158057208545899,0.2080005000666945,0.48243194131844047,0.5820351532116635,0.056829988528445854,0.5413254964668716,-0.052547813649169425,0.5586010111534908,0.43023313795644713,0.5251724416267808,0.4139839175601511,0.4776813139068318,0.38832691391481317,0.6194930460544632,0.5809215239436869,0.708965174813441,0.32419943498009807,0.555705500159217,0.5832247729717466,0.3594947169232055,0.2605334979736357,0.46360428391134223,0.515107421757439,0.7747846988608358,0.5060683616941285,0.17224605707432433,0.4506784393023386,0.7369005342945143,0.6727569329747037,0.7548396131382947,0.14610036969415574,0.5921791176592808,0.6929403378404327,0.6675926139473481,0.5403248899839567,0.3889193172488061,-0.08297505896700223,0.297758605081241,0.5626630813760789,-0.058972302580067505,0.39615151338977306,0.8015338242142909,0.00577067997383727,-0.011441911560212974,0.7155354465608674,0.7308308556382971,0.47502076623011197,0.1468009715103755,0.5548313113846104,0.5793632337404843,0.319052366155259,0.7124219520919025,0.6149191976704681,0.5749504553446172,0.6575127052611383,0.6158660097924497,0.5496443584932618,0.5903691224147566,0.7044055419465777,0.6478568882542954,0.5645676652088282
CELOUSDT,0.4986832424376021,0.2106410780704354,0.49304535580677183,0.540537138017109,0.5245281894511833,0.1911072090471434,0.21544990472561348,0.3932801936198971,0.1405809994169287,0.009749925693621124,0.37642973694852816,-0.22875448737098633,0.5938919222180252,0.29077175820980056,0.2887268456634196,0.3964569431259019,0.44595973187609755,0.3566456296512762,0.17798185469281422,0.43133200997864035,0.6212383376332996,0.4649443113485871,0.3895596988837801,0.11520652835432682,0.24046273505443977,0.3931765542379043,0.39985263879375105,0.0835362143340681,0.2389034402020593,0.13222438119269997,0.4112025639308592,0.443218291777411,0.46653138803751726,0.4549094169968442,0.4779336870834732,0.38136769934792064,1.0,0.5919042241140793,0.2517225004083567,0.3077718422427799,0.4661659310622481,0.4389292594111103,-0.04894304367814054,0.20136575620842834,0.49137883591310233,0.2748473542285891,0.38470917671536925,0.287376498616364,0.10319373797248534,0.13858586297264866,0.44991193669284096,0.4110941752026776,0.2919737190373223,-0.18263790049802073,0.5017284616460367,0.42188566115143306,0.4603012517477897,0.38259747343540873,0.39800821305033607,0.44306006294286265,0.05367403748929464,0.09581487816972394,0.19773657185215546,0.47165306167196275,0.5492617767512926,0.3740802142238108,0.35005947585251224,-0.011525893849053469,0.17228471956751187,0.3564380776897809,0.29609064042763766,0.525612365500695,0.2876117562116527,0.22053526945672242,0.4795591475907613,0.5107006972352995,0.0955732410565739,0.3305580864168153,0.2068745709559454,0.5978625534520504,0.20791991776578153,0.16900429209180548,0.1389906630176752,0.44883955474018444,0.4521793344433281,0.26323060114581753,0.40670527655305844,0.5359794124939979,0.4114960710881231,0.23678899760816957,0.5198036672294668,0.5171219004402309,0.40292331397869247,0.3923567668258912,0.44582587629904896,0.4665125801294835,0.5586205484633812,0.23075658543427813,0.4394272427795964,0.6477518002839209,0.10117343851428726,0.18574287766355124,0.4646280737063998,0.4335734678574549,0.36877545424365366,0.3067303421095112,0.5039554825546417,0.40288543997498416,0.26559310990457985,0.1129455447226135,0.4400213775095951,0.4055437029466085,0.5183417134485401,0.328481907410418,0.3252499158253998,0.48333180044320095,0.41319623403955946,0.2872537113342196,0.2674035046412594,0.28061896558113886,0.5963927989971177,0.3764799164756253,0.43112080119504986,0.20333213055243296,0.38118702358116524,0.37822178717828553,0.20441043931351255,0.34943937216708726,0.4780889091932548,0.18063294435129298,0.4679520123686482,0.5099706818128473,0.34709929349789226,0.173052099392572,0.09687736360204978,0.5750052757890154,0.5328147752538439,0.5824790666509194,0.3557743850852896,0.5447246466535601,0.43772546294944953,0.4748204571734513,0.5039788442905295,0.011409936731249314,0.35047492826537585,0.24020706725188293,0.4320031885922161,0.2777786214619596,0.0420845593101961,-0.11436325455552539,0.0799616543370581,0.47850181917385753,0.023559726212233425,0.1854409897426742,0.4600313509118906,-0.06251722055940025,0.10600769057389026,0.4689657018024008,0.3981709696399169,0.36688323524899175,0.14577013813952117,0.44775769179481384,0.2350094395897544,0.0843855376052515,0.4636578808051693,0.47823156099298914,0.29307550778267016,0.4348019317514036,0.4626706111134082,0.3422595880288795,0.23473716759953478,0.4332452305254352,0.6003571336023628,0.4050388084813376
CELRUSDT,0.6860759600542601,0.02032725242283402,0.7184683254633656,0.5974418995555659,0.7149152064321929,0.4279776863507212,0.32078791198174306,0.34616444173520233,0.3990164681870117,0.41127331572579795,0.3009113616118436,-0.08222800212856275,0.5584307751147713,0.7016589349930041,0.45156094023235166,0.6251409643710245,0.4207665667692987,0.6337568387274624,0.5328719829302936,0.5031673186898392,0.6953015295318377,0.6622801123450476,0.5075363758993428,0.38631315628916646,0.482554680734571,0.6258561624265402,0.6759600330990803,0.24719809350380623,0.3806680013700799,0.19594064320496002,0.620235910520679,0.5827071618978179,0.7137278016486759,0.6661055553297797,0.6646696009007161,0.499436412540302,0.5919042241140793,1.0,0.2849769493892563,0.40393888913178944,0.5808956329285564,0.7262184929776594,0.16305737722520683,0.3547969860978299,0.536452544745302,0.6002247033594854,0.6194968672788101,0.4503715625389535,0.0863330973875806,0.16448432000488422,0.577570601085272,0.5319682689579527,0.6120499650830719,-0.05840925854172657,0.67945319456248,0.5659539036646329,0.6421849651740348,0.60840063728801,0.6717691341222702,0.6597977604128553,0.039053670230083576,0.2074364099956746,0.21748035864696738,0.6585321704165108,0.446699663393805,0.5011398333740085,0.5726068648952689,0.16739281668840547,0.31226547400047844,0.6117934846945134,0.5303655443506357,0.6124881306720014,0.45604436848382884,0.37783880229480593,0.635671358848662,0.6301485811811289,0.1089004343505953,0.5422836800076513,0.48817077393362124,0.6686729786504845,0.281873978050394,0.30671718292379424,0.12418418227334295,0.6024421254704736,0.5594577821619673,0.6324605429861244,0.5417173742837216,0.722542425552397,0.5609164041450436,0.2340162105611222,0.6093972818955496,0.6763851439112979,0.60239395555365,0.6767394533495129,0.6356592199139071,0.7011401284162012,0.7022006511380934,0.4169952762162082,0.51533263880277,0.5023887224627183,0.3455196329374526,0.25130021602127783,0.5357207385420326,0.6694347504270204,0.30662533142373455,0.3790141942381584,0.6579484151314272,0.6105101581573115,0.3166002923805277,0.23899584891023787,0.7498440024597334,0.5580197324453373,0.659278881460314,0.657881566074737,0.29665353249758575,0.5400398756557019,0.6245794875075733,0.1890712859738341,0.5808571739731293,0.5092002885319727,0.4911993504458813,0.6387089098143542,0.6578318514060275,0.5640730034711785,0.4804194915036758,0.5725929844258255,0.5573862740652168,0.39786339444082014,0.6839994586895489,0.2644440004831305,0.5249992860857394,0.5972998325787182,0.40762335816440043,0.2706822546321711,0.4179052354611411,0.6455237195118452,0.6810564512573021,0.6624987995887882,0.144596473513587,0.7109710808415989,0.7231348605173431,0.49713640872167436,0.6933453299134662,0.37514071192695037,0.492683336085213,0.4865510480701376,0.6838567437269067,0.47855258649168564,0.19328267736576546,0.0037790404798753604,-0.06311543385190414,0.6506472825195552,0.231696518445863,0.4011707672654673,0.5372775858333528,-0.08339890948789926,-0.11341057480931212,0.5597590397786532,0.6508821776789383,0.5506613001885756,0.27392625978074936,0.5872999001879101,0.5541770667584747,0.14517271530102865,0.6443876698332228,0.6869709616159945,0.6065739023700417,0.6174080486096297,0.6971674432907397,0.7834057402938949,0.46788279559259355,0.5283592806998445,0.6652732533803825,0.6783834598798939
CHZUSDT,0.5112337748469103,0.16768022510528394,0.3863200544634547,0.5279930673958317,0.5644566786927085,0.1072355564841982,0.3398006587436755,0.11907457331747803,0.25832469294878846,0.47763555131624547,0.12322000563555469,-0.15699062116456672,0.5281097928222398,0.4443799398061153,0.26026695049572013,0.46513541182527146,0.4528606956418436,0.3727479318067247,0.4798682399445225,0.3670664814107641,0.3926996721239514,0.5719359047830361,0.2809737579023917,0.39446184196919465,0.5924192451019408,0.28600715022137513,0.3833657184996862,0.5228279036915651,0.24285542174663408,0.15538437229268215,0.11095903926621464,0.4942740418391717,0.48835998359818367,0.6140459102842195,0.48924831583611267,0.39568614797371243,0.2517225004083567,0.2849769493892563,1.0,0.2590999270213324,0.3900107741324232,0.5231415130558483,-0.1913353199276018,0.4203789168430679,0.3721419901112998,0.2920168136665322,0.6045099584207723,0.32428475555904596,0.07031276953669349,0.2826951422048683,0.47054378875311414,0.35550430659450477,0.5221726902521181,-0.3075724795883556,0.5065177489347538,0.5113214825453508,0.5174331888416626,0.43244996442576694,0.38585152489347196,0.5536431052400559,0.16193459617508066,0.2574721981751248,0.4061332655684425,0.4069294615390443,0.4105247816157511,0.42148704215668703,0.38841253730549946,0.02044615088448271,0.34746698882177274,0.4835430200867998,0.3972532200179507,0.2618562085844679,0.2617427083949869,0.48739730024646044,0.414678944084216,0.36661342879977765,0.19986926333836139,0.43674611151449283,0.21500594801359138,0.5808713709827584,0.09994006588794158,0.522929042734748,0.2745760358443974,0.3893523496857342,0.48552876264057426,0.4112909452425949,0.695465405471494,0.4899735780866633,0.39180795011674835,0.32930644674839277,0.35641019204444213,0.5854371138024403,0.4876560710500083,0.5363560384344219,0.2919349761099804,0.4568321831576726,0.5561514892077611,0.3386235826076074,0.45739382493570124,0.28657399251542254,0.0857921748006975,0.05052799946196282,0.5414808691427379,0.2852159731397529,0.38251615010682255,0.40352930535760195,0.49701871144647713,0.3799630055939174,0.010893173644428593,0.3510206467223304,0.4982163988970188,0.539524383098298,0.5534532547289606,0.45826218380191386,0.20376643556131888,0.3012577039839295,0.5088514036382168,0.13745206260303724,0.4731358803054565,-0.02259751484131179,0.32068703672796334,0.44062504768001215,0.2915448264876594,0.23255417807114828,0.24469233113932096,0.3980915982416387,0.38256829550242055,0.7021379321954332,0.5411025442011254,0.6953477987189424,0.24737318073144363,0.5720765272982908,0.23425026292439644,0.2314870117590566,0.27789964051037463,0.3344609608663793,0.514185731471275,0.5480583792879812,0.2627156119413288,0.13854476409824895,0.46650857436321985,0.480564139715329,0.5250659665542868,0.008074619265531553,0.3915091691985637,0.46401939647199103,0.5265047892526342,0.3393723879227613,0.23318070443075867,0.06455541165913811,0.14156750027141304,0.4180727787408195,0.09710547678402207,0.09816642637108228,0.5992903831605327,0.19088481044313463,0.14216568494046963,0.4515335145038009,0.4952514845794841,0.36394856198799774,0.14866252855502887,0.5415151100136258,0.5848794969536043,0.35845389815728634,0.5327684404701257,0.5141847278200672,0.40115992529431405,0.5483138041985789,0.40546962574666906,0.29912707069535227,0.45684483583392366,0.5516838111835122,0.4097536686182666,0.44941188685150435
COMPUSDT,0.45667474028245897,0.06670509607877463,0.35134576024608266,0.4503357772344069,0.36842907148925264,0.12835451285056992,0.5272972319610469,0.0759593886847891,0.17625897815432065,0.12522279195120709,0.15303520503719065,-0.05934823575301756,0.4267124020407372,0.4885216909432403,0.4031884890382402,0.5528354730978056,0.08504182736306902,0.3995137823452415,0.4608065923552615,0.2939487033780925,0.37536565375715814,0.39705060541408355,0.6005963427538018,0.24195112941875072,0.29782589573693646,0.5636414113314612,0.32547437548623637,0.3484452244804731,0.45329364158981655,0.1066248244435258,0.32037407556639025,0.45255237929509695,0.4584714436482255,0.364075978546685,0.4659766846718225,0.3232371748325402,0.3077718422427799,0.40393888913178944,0.2590999270213324,1.0,0.2838747286228216,0.25792316426830814,-0.09289622722482321,0.43227357401835675,0.44558325957746764,0.46494835305823856,0.3175163840527009,0.34796157310891423,-0.2168721794417492,0.22874467240017293,0.5299800228955698,0.47193712173043506,0.3953746000006343,0.2016763902404199,0.41375606525153374,0.3595056728478892,0.37720271401604905,0.31215440338347394,0.41684705512245934,0.4628815918790607,-0.023875712823149105,0.06865053398045895,0.33395796195525673,0.5024539486017947,0.3046704161638239,0.3583955324173777,0.30478495649162085,0.08641410788299583,0.21590052644262328,0.3487811395870883,0.6549730231823591,0.5859374010290783,0.4347197760703737,0.46281195704844974,0.3897073170040219,0.17285968207027724,0.3224855403020726,0.3234245911953869,0.49588574613632724,0.2585113663147939,-0.20459538543737987,0.04885978999056669,0.14134031943204636,0.38643346286921626,0.47072383475823276,0.3950095170652088,0.2602347596283808,0.3413658267113055,0.3986717547690464,0.485281485285484,0.49076887547716963,0.5657924321218224,0.5423587453332304,0.4184762776093563,0.4194601752883067,0.4302285099881302,0.4585295120422307,0.34007490822513664,0.34137369627337316,0.3720072981676559,0.05653340955028747,0.6365394211675666,0.24552328442607022,0.3163500733689558,0.17699212524385483,-0.05523164291798921,0.36671018637754366,0.37344347493799923,0.135182131841168,0.018098446727096464,0.4346245924866045,0.3681586258528031,0.3765420308841081,0.1784743780072315,0.0994485580971504,0.4529509668171454,0.3949341451872881,0.2815891653746446,0.2680888516408692,0.11252219079754627,0.3639552077709302,0.27428775132242184,0.3428258756668935,0.2867652012850746,0.43458129851693106,0.33996356520395443,0.39253078539898434,0.3399857070741713,0.4366749799330173,0.1897888532034289,0.21798095175882234,0.3551977515060261,0.25021981164715346,0.10162597448630935,0.12094490395824402,0.5214860011524267,0.5227202896432567,0.3974535960989036,0.026589668548828185,0.4517116178268615,0.45579255821399906,0.20366497079110935,0.39044178234971716,0.32986724713860166,0.37558444873770247,0.39017586491340983,0.5547435189654059,0.26593055403433113,0.2730203071941542,0.07651937761612242,0.015761624155374153,0.3984032262692631,0.05098047234586398,0.24918912951223043,0.3525556751423889,-0.0846301538886525,0.09631165656469497,0.2890055486233825,0.384081738085923,0.44279980747243747,0.16919777417041604,0.37089084608848916,0.3739562403508149,-0.06655553353337108,0.45796388618307965,0.33189329690748814,0.2254943335476703,0.40022378508328554,0.4507303258417197,0.4493154541977267,0.33680596472014757,0.489717835289562,0.37820014734475843,0.3085586587892721
COTIUSDT,0.5781110865937846,0.1661913998973133,0.5759457880662381,0.6730872237649146,0.5679505560382359,0.30255873068885086,0.2174262852920717,0.32803291800019246,0.30631314702720636,0.5545763940389146,0.2680849750664068,-0.1577229335462605,0.5454361269111896,0.532911158313581,0.4765215036206663,0.5735035209205966,0.38025037313571586,0.4066194789679269,0.5045517193970505,0.24523783599086388,0.5076099609519774,0.5297288860949342,0.4373664197207006,0.3045716822857426,0.3471130661015681,0.545026816940396,0.411766176947862,0.2592700559157172,0.3468803662609342,0.07906823391085652,0.5075701970737245,0.4673368910097448,0.5858096689893103,0.5642993380163254,0.5934487508606143,0.4469371888229323,0.4661659310622481,0.5808956329285564,0.3900107741324232,0.2838747286228216,1.0,0.41558394021262246,0.19066134314023325,0.41348052142228386,0.4766024060153168,0.5065794643235988,0.5149191406614748,0.45730726350603434,-0.0810311750484039,0.2831142358121559,0.5672875271003001,0.45377756524526486,0.3498147385351787,-0.06307857440637363,0.5812675998271394,0.43630755090098405,0.5615236046306695,0.5259385949979865,0.5252822531770539,0.48226318018546344,0.008730211535745491,0.26587788147740404,0.20107575512099066,0.5704618784857215,0.4294768354976604,0.4028900606365205,0.5701067686694328,0.14110542148545216,0.2158996797207986,0.6076154695454721,0.4005188948447881,0.6008388269162177,0.3679825314583336,0.5449810731312914,0.5731542413220811,0.5623230560861927,0.08207496705948843,0.6739871347683268,0.4125037793344532,0.6550083145061205,0.21829269351660338,0.23400347342849465,0.09715760252517901,0.5766544835722309,0.3135266716150839,0.2233164695688947,0.45216690715415614,0.5479407203144567,0.5564023612707437,0.1169502642457517,0.6352306367873897,0.5523680388020271,0.5398599900678707,0.5067543752233397,0.48375678128791866,0.6455141040596063,0.6237977194243529,0.43718825886326895,0.5622902415382643,0.5722797191975749,0.40235454859678627,0.12045480136519167,0.5527397314484953,0.7201921640428403,0.34835552190392854,0.20535957330132762,0.554421836791682,0.4515782305096349,0.2854757657977256,0.1618913395026578,0.6017501298662716,0.4919606601412628,0.5892512236355073,0.5190546294836937,0.23552892296680936,0.45644240654040535,0.573044298420236,0.1490199617245138,0.4551666409382479,0.3260048977456423,0.4216887728299742,0.45716736567589633,0.5293073811913178,0.41768745078999037,0.5197884763137202,0.6581971593089352,0.5495511632403628,0.4045294347210973,0.605537986449603,0.3104446741844204,0.4106238580056217,0.5620041590317597,0.27651347237080376,0.26092212906728024,0.33253272734215156,0.4538957288983092,0.6114382771832242,0.542296221172743,0.47296283719769006,0.4084392658809603,0.6018732141993813,0.4660113301506312,0.5874413922175609,0.23712329145609692,0.40193803017599955,0.3913197586199861,0.5874031221437807,0.38144115605212875,0.07563610660641294,-0.10989117837239003,0.11024918036974944,0.6126643891270661,0.419903905166933,0.32763761694333043,0.3974252198774431,0.10836319317638539,0.10584578376176221,0.3901071699804483,0.5344935093173364,0.5702048006242326,0.34776318703606984,0.6820822962997267,0.6107100140655775,0.2014206813289842,0.4356379727075291,0.537017120910968,0.4329590299692096,0.5741109946470374,0.591013261043563,0.6653172468281888,0.3982516775570268,0.5348388758286575,0.6104447875404406,0.5841296005906715
CRVUSDT,0.817972892294768,0.07611070012734122,0.8070302392421154,0.641947107088901,0.8488595013076049,0.22150255054660997,0.4667923251573676,0.2961124052901938,0.3721316209525291,0.4866165092109679,0.3308636237180119,-0.07624582369776745,0.6733645288021023,0.6909491748973499,0.4611216075357728,0.7099872520994711,0.5475064580023864,0.6838679197692159,0.6293491676657657,0.6114191108370967,0.6963146288882494,0.8356107372142715,0.2759026006625154,0.6308158056762138,0.592588947128522,0.4517769670076912,0.7061838652736036,0.3167772360416564,0.2827802481823394,0.3387338661600756,0.4019128409340274,0.759351383074916,0.7733413701717251,0.8062035248515776,0.7909924602836355,0.7458426821495998,0.4389292594111103,0.7262184929776594,0.5231415130558483,0.25792316426830814,0.41558394021262246,1.0,-0.07844684324051054,0.4135571984707818,0.6346523073319907,0.432050568064978,0.8297804806066174,0.5560148744340878,0.24343130557933979,0.16746561796450363,0.7014121029677725,0.7851633910433315,0.8197174106568449,-0.1170713344029949,0.7990342234933053,0.7459813019160346,0.800887748613751,0.7592951096603798,0.7042591871220213,0.8259118332231811,0.15912456572506953,0.3252907796753335,0.2793990268309557,0.7026287422648289,0.5246933031625793,0.5166529205987982,0.6956982433199559,0.1442587453048525,0.4379316880008214,0.7919819927680741,0.45322941462056265,0.3623562997760405,0.35020391372302734,0.5328170280443855,0.6731215942045472,0.567181578717111,0.23636514377990772,0.5344532815532578,0.4610177720019557,0.714772683060541,0.2535825804976501,0.4268317317226305,0.16895187968566977,0.6743510345810942,0.6380904277901835,0.5482682189007845,0.6910200996785366,0.8394786064872777,0.5236419715582242,0.30789763634522693,0.6647524757391582,0.7780068704403578,0.6669812972630029,0.7995511789310743,0.5235523205409573,0.6356805281844102,0.7385026914247321,0.6470156718922223,0.7009842732309481,0.5546675852035514,0.2930536657268515,-0.07389539397139222,0.673853221802269,0.4832738884250465,0.30117974212158616,0.3874573408071221,0.7847391861959367,0.7578652297855885,0.06399568161011025,0.4596117573379428,0.8267754666497833,0.7009577122842727,0.8013826857501576,0.6646435172697946,0.3243311196108978,0.4625757108854013,0.651099418842861,0.12821317725368486,0.7369613325772402,0.28214606695349104,0.5500082387611855,0.6849368188915421,0.7079571443942811,0.5760942480963107,0.44400795094586626,0.5176441039675304,0.6655159646899919,0.580028514302437,0.8071585065259615,0.5179362267391948,0.6679370489917885,0.7144776023305237,0.5017588245545357,0.4057328910110895,0.4923453477968498,0.5809497106577219,0.7969161961086233,0.715359857768371,0.0817905652140974,0.4423713544006763,0.8026443568162048,0.6921957629363268,0.7564939892863513,0.14091026476212218,0.6369861541960747,0.7029589403580643,0.7542084815734599,0.6357142170790392,0.3201910059387933,-0.024374712373110136,0.28873031458018594,0.6561617297353524,0.09429742486610913,0.36086435929845473,0.7471014098867188,0.015486350394835067,0.051325350778058276,0.7590789137478279,0.85027336684652,0.6140010823893108,0.20405263820082567,0.7239632247539767,0.7415958940879485,0.3682915747105961,0.7884705936575436,0.7481971635986292,0.5619141188068457,0.77369632541267,0.7328443455421325,0.5991297163133753,0.7511430904037787,0.7303628106760741,0.7337880564643645,0.7338217037847288
CTSIUSDT,-0.18768288557366142,0.05068301436936686,-0.08659553297084667,-0.15792139999980276,-0.07622062539441522,0.5648038595480216,-0.2646704969773189,0.24293675202708526,0.028591644317558857,0.14015272832056727,-0.05688731727935211,-0.054886554388917125,-0.21448423848974743,-0.06405613595125133,-0.03268730285949838,-0.14802700852919554,0.003134792666526271,-0.16498744499408813,0.04198634568002757,-0.27091443474143734,-0.0978398256091028,-0.11519056884362794,-0.2022426724775834,-0.30518278878599736,-0.023880751011958194,0.06825140147354854,-0.1347553705653042,-0.12863576464743579,0.16839188366899013,-0.2885178906417915,0.36111241668566646,-0.3634856833012159,-0.10957672896783086,-0.09983277162800643,-0.09477093208107762,-0.24171983200297062,-0.04894304367814054,0.16305737722520683,-0.1913353199276018,-0.09289622722482321,0.19066134314023325,-0.07844684324051054,1.0,-0.12737577488302845,-0.05957932125771898,0.16543033435078122,0.0026798131397789086,0.014139664816701364,-0.12621089917579875,-0.001236201508016676,-0.1034117069909324,-0.1996018041654375,-0.33295530953025315,-0.11304605677736496,-0.07114159332617347,-0.06285315554909963,-0.15790948306240335,-0.048029666722374756,-0.029151598403404186,-0.1375684856778635,0.12841128678875197,-0.16211407936923983,0.04655522892981251,-0.014850067327222466,0.025234676520792955,-0.15769492286202447,-0.04541033465709598,-0.10980321024364686,-0.022646704455930144,0.08502789551124258,-0.0375529638987943,0.03622302725190742,-0.15840541437334948,-0.1667537935715623,-0.14655722124992718,0.18020869406341322,-0.08160231809938129,-0.08647775916983719,-0.07622224744905558,0.09888007609430033,0.2576818125057654,-0.07132272429980872,-0.21963568276374834,0.07335284214545265,-0.19445834445938767,0.06591824103816116,-0.23394791553176905,-0.12445710220639908,-0.1177773224197456,0.07903636670875147,-0.061429497312915964,-0.1406470210936814,-0.0922277296368713,-0.052031496455982845,0.4932654637998214,-0.12752694251980892,0.0026908006100457684,-0.026767238753000498,-0.16164702299512587,-0.13562413514238741,0.26355269910588447,-0.08988475976912086,-0.1775566188793645,0.45903334864171275,0.042555520262023756,-0.01505297754811715,-0.0753736026398108,-0.19069462740327764,0.13950110344164116,-0.1286132610616146,-0.13871834546053086,0.023771404873036243,-0.06702102530813261,0.06605001716000611,0.003375013509253338,0.12607197542865656,0.022906360595482452,-0.0986153942484497,-0.035288504167141216,0.22915116875195546,-0.10999135561338597,0.00021181154482002168,-0.09863674279343322,0.2976823693485685,-0.0889816939445555,0.14063912458753325,-0.08038551194889583,-0.22578296991021293,-0.09600445752978488,-0.22507439809396487,-0.12892005470908144,-0.014816253238195744,-0.1170339620080603,-0.14695231541227205,-0.019702685894610637,-1.482564087298402e-05,-0.058955458871050394,-0.12509997050075833,0.07825885273943593,-0.0425229356839297,-0.023532666594487123,-0.21389066820512312,-0.1394261412595473,-0.06856548389946576,-0.16053534766167019,-0.16104619770141218,-0.10221904604544364,-0.10137152717258033,-0.07552218094574133,-0.10819680485825664,-0.16043965020719955,-0.032498125979889145,0.4832993609902574,0.17010845282457332,-0.4560079781980902,0.13934621117347903,0.03353451654136217,0.04980957101867468,-0.0845655787747036,0.12719725974336402,0.03698794218546292,0.021406077946340297,-0.00455847047100779,0.12596213027541905,-0.004872831611530202,-0.09686191452839209,-0.05468267644738832,-0.0619992643844224,-0.047330766711654586,-0.02743474024730893,-0.05532703366516723,-0.20904204054258074,-0.02301274160329317,-0.010518365164879046
DASHUSDT,0.5407667436725889,0.18577254982654573,0.5976168143356253,0.4645108969168049,0.48107805954095484,0.1771306858767659,0.251641207583499,-0.027336650235407264,0.34095538871732783,0.36350666045147456,0.24450877172123903,-0.046368985125530546,0.47527565282466416,0.523127763529335,0.4730825547976481,0.709369923805684,0.3980343381936601,0.5298205333061802,0.4932965118537327,0.33664512129375884,0.3958367918243485,0.5551947898242302,0.4742456805154893,0.4272897812338424,0.36013943330669146,0.32253603056812014,0.3240354420116951,0.3530577191023715,0.21506981882990656,0.1796310045488973,0.27904768034769983,0.5289934649191326,0.5198114502605838,0.5798705414795609,0.6045824978465375,0.5034943247486198,0.20136575620842834,0.3547969860978299,0.4203789168430679,0.43227357401835675,0.41348052142228386,0.4135571984707818,-0.12737577488302845,1.0,0.45509870570387617,0.24887852357623955,0.5640688426264677,0.4495877727174202,-0.0368149096180714,0.3090698472759852,0.6018862148685619,0.5607505232511147,0.5657944295444116,-0.24687604829153842,0.5975937766010605,0.48744239881196355,0.5812794974158713,0.32182106111880554,0.5252616553024314,0.6842085566673255,0.2628040025355422,0.31101958049555306,0.294190352734868,0.45444651002600556,0.17694636189762314,0.4245592938983355,0.507155926825384,0.15571034741811807,0.2993291221508937,0.49941877091593667,0.4164289401538348,0.25360353456925416,0.7022588814453513,0.5944228639141752,0.4622433711359717,0.22763798872761043,0.37089549901984004,0.5714876040647542,0.5338101390667013,0.49807054033662146,-0.09460331326442804,0.48857463228242265,0.23448866137184854,0.6117685246210627,0.49352596609106014,0.28660494918070273,0.6179904984889344,0.580989289412402,0.8442724317066694,0.3162178251826833,0.41022864455941815,0.5362184868719992,0.5076746509480815,0.4486966708694541,0.3639571231112477,0.7919696971856437,0.6165325151364083,0.43791156981181467,0.5319028905661711,0.3747549979290108,0.22009261564675395,0.05947651560427346,0.4300222911686404,0.2918458396172383,0.16774307900745306,-0.000939319871355761,0.46195733754812074,0.5744521940148087,-0.07563479520142885,0.3241999401576004,0.6211836060192429,0.5169871227565808,0.5107280171389854,0.3189976550237285,0.20681766300336948,0.35020573337667604,0.30081133827345796,0.37640623426493225,0.6024593707690574,0.10425525566037734,0.25585322219939155,0.33740646248328443,0.2592915831254029,0.20730255672043632,0.34544272510942314,0.3906641781091839,0.6613365978410098,0.4870694732753398,0.45328456428907354,0.14806112142886227,0.35073908929383374,0.4826425388482564,0.27207689354866466,0.24913948129282829,0.4316341775495537,0.3349850324098315,0.6103344336877673,0.44883816364249196,0.26726968779490784,0.39615687783658704,0.5807461679870516,0.44506274315871364,0.524566811822514,0.17631630076046143,0.4260816976019212,0.541789092269435,0.5804614155840216,0.22786396256135122,0.08934470064341879,-0.12849485510825767,0.2258945676539649,0.4858108806996246,0.05156171748751385,0.2756642894287293,0.5382614572171632,-0.03826656644707396,-0.0701386489353663,0.35546367742999546,0.5783412357956378,0.5272224047899824,0.19379579637847685,0.45007697823675424,0.5982308939115607,-0.02778489184303132,0.5190861053793707,0.3567243036278696,0.3636171937201512,0.5428331497858735,0.5121377814165894,0.505992188839408,0.5616051248170308,0.7638940622310155,0.46078777290255235,0.5074832836120853
DGBUSDT,0.7082252068978917,0.03073131560471024,0.6694038550256055,0.5708063220765317,0.702833089164231,0.041709385147417385,0.44989893115987234,0.439082907835127,0.24864066367500876,0.4513485630360163,0.32306322979983165,-0.30782812170126655,0.6729826656639067,0.5887060251248228,0.5605433940626947,0.7488359187884203,0.31036260414852895,0.6106841550808785,0.4909252490042325,0.5226026266058847,0.5641282140047046,0.6805570724883396,0.35502381300731933,0.4218316851883861,0.35507702377977735,0.46952628728044055,0.5365410259913082,0.22261002259243312,0.197271870116737,0.2835780236523558,0.29952437517109165,0.6438985029064276,0.6755724360875854,0.6576890796957507,0.7918433351210342,0.5309528237168915,0.49137883591310233,0.536452544745302,0.3721419901112998,0.44558325957746764,0.4766024060153168,0.6346523073319907,-0.05957932125771898,0.45509870570387617,1.0,0.440265163990523,0.7343082706281162,0.38960567671269736,0.056902590396341886,0.38121498927070985,0.6816564460499642,0.6422006465608794,0.5540944529560502,0.0023850929920744422,0.6753993812490797,0.6363682058758292,0.7164669770712491,0.6015444962808224,0.6053630604809543,0.6504553724785309,0.29774705016879854,0.31800031334791107,0.20479546568564616,0.5613430060650214,0.415845206689538,0.43931687181352264,0.5272754180938604,0.1160140118522026,0.28900428337923206,0.7381209583030816,0.4166586295189373,0.48486798208371035,0.5370965866759296,0.41225464314886545,0.6657931786010627,0.5383368456320052,0.2602774852422704,0.5488268286165716,0.5277516575907697,0.5818356050857963,0.2622405235637861,0.3085781138939335,0.08666184318710496,0.5976996164448719,0.566026146768309,0.47089744142986173,0.552638219427841,0.6766192202779272,0.6220691674328265,0.5148598424129758,0.6626242262621125,0.7309640223163584,0.7405037327402646,0.6058765092266103,0.45105514712150685,0.6001172996794026,0.674538473725457,0.5450276625326725,0.6234372173679397,0.5114511446584931,0.329461868031979,0.011535754186364938,0.5930618959704412,0.3869761828643695,0.20355288088017603,0.15089141260202787,0.5649765494494114,0.6887912826356625,0.20502066068748717,0.3844583262324183,0.7022188044824793,0.6321851056127681,0.6427533891749023,0.47436741716805353,0.23242488953196222,0.43615956292763797,0.4944667599254569,0.2455518299662023,0.631697017325819,0.3165580712131736,0.6495700255059138,0.49421892787722643,0.5843730821837578,0.4915722182080667,0.5535754185814885,0.6155101815338716,0.47778240970756414,0.41008081878314667,0.6689927475035112,0.24750257432662176,0.5707067870038075,0.6641965654491966,0.5659073261130854,0.23130473426141038,0.32363802844188405,0.5376328729772738,0.7121889503481649,0.6663963549643794,0.19009513626418006,0.3637205999875644,0.644630852158015,0.5449256705678376,0.5964943480561612,0.03718491455278968,0.4889087372092423,0.40982832690460247,0.6413471083278932,0.5029024589287118,0.17667133871032187,-0.098746499030521,0.21486652229576758,0.6341898228198196,0.12825930388053386,0.18465590277103452,0.589438500631059,-0.20701728227938276,0.13091541211061544,0.561090419093975,0.7377990013450153,0.6092886372246094,0.2156337152971858,0.6720766808629484,0.6313858771158444,0.20523255866034842,0.5987916283208825,0.7006185361884146,0.44834029095788164,0.6613105798349316,0.6054747570745342,0.45805651300869626,0.5203772262610052,0.6098739344279673,0.66359884824488,0.6758685071438529
DIAUSDT,0.608959770062942,-0.027546818781951497,0.5790987422809981,0.6123424384112458,0.6098871401586601,0.29900128499680545,0.5904684474539414,0.5027363727209329,0.3631236554626723,0.4171535834320066,0.2626226303852658,0.13661986910930876,0.4579248286715373,0.7954600423867635,0.5927629128133179,0.5299883166052232,0.22851174710915978,0.6226714529194406,0.6647335398618051,0.3244237470053412,0.515263366358815,0.611301097888186,0.5442599647810145,0.5921829988431754,0.33452928466179327,0.7108466411140224,0.7006341184533613,0.40366601022153537,0.6944463856807699,0.16252174912889736,0.5110038166859247,0.4846954026726455,0.6857198884005999,0.6122590344522388,0.576778039055636,0.3116225632917857,0.2748473542285891,0.6002247033594854,0.2920168136665322,0.46494835305823856,0.5065794643235988,0.432050568064978,0.16543033435078122,0.24887852357623955,0.440265163990523,1.0,0.5555088144257483,0.5908329492223908,0.14694703334121287,0.25854692478003666,0.6230423137784787,0.4279596213336384,0.3538540026400469,-0.07517392579371485,0.6302755467338373,0.6445301378080996,0.5919097747548969,0.5686083900861951,0.7170442212713913,0.5695682804677469,0.19028165305461667,0.22633039551247883,0.18426710592917736,0.6026875684011289,0.40481705764534087,0.4368068713536119,0.6044304126933966,0.32374804783879824,0.4958352043624044,0.5900911644592384,0.6107883469053755,0.6984943409858744,0.43604042204188403,0.512815124411299,0.7146453804133036,0.5108565939310541,0.17133280551419283,0.6164294058355344,0.5981324313177936,0.5165153519874804,0.14796577218720403,0.22376491455531872,0.14834625006077914,0.5489360369027824,0.6396749168739171,0.4952910071441187,0.39971899464818395,0.5564681227787751,0.4878397136882919,0.45389432345150776,0.6565396618348804,0.6951333335674541,0.6262271041798396,0.6821170580123443,0.6238875722636075,0.5373487936769888,0.5869395516170143,0.6171740030203161,0.542738678253784,0.3540313372857325,0.45318838439322323,0.39446010794168856,0.44574466774975513,0.6375965875591665,0.4017362378204551,0.20798508770724863,0.5273365508355657,0.48535452054169365,0.3567250232630854,0.26770289307254447,0.5806436025924402,0.4957149361487109,0.5969947793631869,0.6174732747699826,0.25199112540132884,0.6907723420869666,0.5831602512419827,0.2813577478330646,0.5135776143739877,0.1968295923277276,0.5154046408595742,0.6074466510029461,0.693624522237833,0.35470541674786893,0.5669280052836901,0.6894416271685245,0.5112616356641186,0.49182794280789927,0.7479020957012891,0.19228408359897345,0.3586403251589497,0.5960785436841145,0.36162537446033827,0.5183538457480109,0.3396712378539705,0.6149994511495499,0.550441978513864,0.5841630296754251,-0.030702878530044483,0.6552267496311824,0.5782007906178112,0.3463626569660785,0.6357107628020899,0.6714372570101995,0.6317272552211399,0.5075080323853812,0.6670527153906342,0.4989230344573757,0.11356633848755691,-0.15460631011770937,0.04240936379877749,0.643503039469011,0.36650801446189446,0.1753088228413249,0.3673187625990921,0.08962253016881393,0.015114669076895959,0.6027351034843016,0.48928836793091673,0.6454836851177669,0.3511905901667584,0.5832737253550122,0.4925886866672357,0.36255653488922707,0.6262326856778425,0.4659481919236633,0.5325937841114221,0.5706807667970173,0.5775779307766966,0.6865575712987354,0.38532136497419517,0.4547377409173784,0.5780871184795974,0.7170998465949905
DOGEUSDT,0.8629239782813299,0.16202982440998345,0.8628392117405191,0.7734196981409089,0.8986093942732581,0.1769496871132648,0.5321374448805175,0.4473877618975172,0.47272975875828555,0.5808549213591914,0.25341181594120255,-0.09996903212647539,0.7693754205872203,0.7448279859829651,0.6586196623792566,0.7906894303001081,0.611639354260428,0.7209362532063978,0.7393498711916331,0.5697262258991963,0.6945849469982677,0.9144201872131944,0.332401601858077,0.6320670114207336,0.6273373391004018,0.5038365724711288,0.7002729911910016,0.49109945555921913,0.4628113091774834,0.29160540902119225,0.42818754901517236,0.7687520337690796,0.8725287442713691,0.9083526496599799,0.884068840777988,0.6536836752078332,0.38470917671536925,0.6194968672788101,0.6045099584207723,0.3175163840527009,0.5149191406614748,0.8297804806066174,0.0026798131397789086,0.5640688426264677,0.7343082706281162,0.5555088144257483,1.0,0.6447270596939504,0.1422649874610523,0.3783228203576116,0.8288421790803218,0.8047242718307137,0.7298184539346392,-0.27870483064315227,0.8899718548796575,0.8555859370676039,0.9126209828746091,0.8406772386877566,0.8381260412572743,0.8942709571892509,0.29162009999356153,0.38293874778619524,0.3584308156517899,0.7496450488772366,0.47354251361918037,0.6340394753157319,0.7623755183448211,0.208827668547721,0.6485141069116456,0.8959826471011174,0.49956546851039435,0.41325710138689564,0.4853084912327052,0.6860572188600865,0.7394522443190878,0.6513042827254152,0.35715895299105155,0.7450078674020628,0.5807320715653028,0.69156998295565,0.3309178547795668,0.4821633709664705,0.2856883229052163,0.8070157356441701,0.6788790878617414,0.47850972951073917,0.7920467371071183,0.8939256070715533,0.7194291235971781,0.47700089080047625,0.657894519415573,0.8956825133093675,0.735372501612968,0.8174930879418145,0.632293740669423,0.7414855543485184,0.8194623216941387,0.7709866228514344,0.7994713522265361,0.5077731928524065,0.3960831197725308,-0.05446391086511468,0.7976915945032694,0.5844374686872448,0.26647716250062714,0.2394549600697767,0.7966940481605042,0.7631204237514609,0.15690698053165972,0.42231989840191925,0.8885683822439698,0.8747438868002892,0.8676597276880901,0.7518759576497656,0.2196098540820714,0.4988522174649903,0.7074998176581418,0.21907463975605634,0.8217009296400473,0.23228295552942052,0.5845024592989441,0.6217796566672622,0.6892633488125959,0.656085717353958,0.5361819371655068,0.6989618309682667,0.729246799969893,0.6119727607479575,0.8716094365669814,0.3618081165154346,0.6666376501289984,0.8782382450092858,0.49036966876940113,0.39438166724625595,0.5573134535970926,0.5997691430748511,0.885748873609924,0.8085842478464768,0.20529578588175187,0.5038837154786148,0.8566281670237023,0.7276203965903625,0.8601334311799057,0.15477714929480696,0.6062362936513983,0.6007841585039917,0.8758259334103873,0.6218177368011055,0.3628866981525679,-0.17057028157219242,0.36804283004142063,0.7233170862196717,0.27861198825726474,0.36518731528649623,0.7802731232863522,-0.012459779902816104,0.15258059828653608,0.7897318898034837,0.8963820568873865,0.7272339779015059,0.3375323287695563,0.8029081103131432,0.7699839643526043,0.5241131732930071,0.8033874479440674,0.7984083152167413,0.5161064778218624,0.9159509172830733,0.771684296466337,0.618701906196714,0.7247496483425694,0.7999169852687397,0.7609773640219545,0.8460535258642727
DOTUSDT,0.632685672720945,0.10512057667131815,0.6095634966172594,0.7250684318674948,0.7176238030631795,0.2017910401880188,0.5843797836721816,0.2567100345095347,0.2897493584465817,0.37347135190846636,0.265968537666706,0.23095396541547575,0.6236017556581435,0.6512061676989489,0.5776973767509382,0.6136560109390138,0.4904302117938529,0.5298355511245021,0.7733977205423226,0.39641174082846864,0.36687971392151386,0.6543657063631776,0.45075548091540363,0.5226612307880308,0.34217378202546284,0.5357882427506109,0.5140731263180135,0.23274602705871186,0.6637523236989382,0.31535951600172873,0.40041191005716936,0.47855599467389404,0.7212980861944432,0.739603554876022,0.5818455434729739,0.3748012101155777,0.287376498616364,0.4503715625389535,0.32428475555904596,0.34796157310891423,0.45730726350603434,0.5560148744340878,0.014139664816701364,0.4495877727174202,0.38960567671269736,0.5908329492223908,0.6447270596939504,1.0,0.10465850070563922,0.07816211242775678,0.6323740533242815,0.6614512617824584,0.5710378642902015,-0.033520003460646555,0.7765430962974755,0.6404243894529043,0.7378193916896295,0.7127561276383987,0.7884104122543173,0.7535882045828719,0.03538125962820898,0.4052909389011163,0.17955550382627103,0.6534181550053142,0.3115474804682885,0.49032217576712683,0.6852057124886164,0.22692563367722293,0.8199048928273885,0.6816033919179167,0.5611767232692818,0.5052176571829065,0.40995435094766447,0.7835034902500811,0.6336002944369113,0.45528178670643593,0.31456969438533183,0.6520671284401969,0.42010541798063095,0.490225136013726,-0.05876265025294064,0.2471358516128877,0.28988317985044393,0.8552331631354685,0.5749326243491455,0.2409899525045725,0.5627892826871952,0.6144781098162816,0.503730906443197,0.3113853347708498,0.47897171615893547,0.6791220107143758,0.5548395752457675,0.6780021574011088,0.4996823168135775,0.5848897888529622,0.6946398953003615,0.8108605012192548,0.7204062885033925,0.2764165160093902,0.363983753572427,0.21799564134396354,0.5886075103650251,0.547574409143548,0.1811233043596979,0.028413652230071692,0.6657500241448671,0.5037988851707895,0.2066466453955865,0.3666728862662399,0.6839895807490946,0.7935875766839041,0.7159073465825929,0.5602674632707372,0.2189703111176992,0.519224952407357,0.5076253222191819,0.3851048161081325,0.7644320984237336,0.1038372135625182,0.30980968644754114,0.37507145967214106,0.5729629221073261,0.2744818269547683,0.4019355254266757,0.6017527319159394,0.564108965027758,0.5053231647319772,0.669929038466189,0.23523787275640748,0.4701767645330268,0.5711986130586981,0.3556859979597569,0.4683575346251563,0.4536158394759929,0.5038124176288189,0.6042664596335281,0.564422457930184,0.16979168887896962,0.43307568968405563,0.6699639840038736,0.5724592589036713,0.6053891830097329,0.2492354009581874,0.5059141575253581,0.6305233522188857,0.7650557169145619,0.4306769123283151,-0.06518491915284415,-0.22427374751078735,0.2597424015731284,0.6432652871536179,0.3521876404373815,0.35250608812783696,0.4184364107727492,-0.022614762998388164,0.2008413212440386,0.6367575784576346,0.6443672877611804,0.6842852212990712,0.196199471687427,0.7228385393344687,0.6186514824109001,0.281500260321162,0.5917213634127622,0.4385433171994768,0.30075599490941696,0.7702172771740289,0.5498740255755923,0.5587436220360974,0.7547986457988417,0.687892347776039,0.6517891472248135,0.5852601272976401
DUSDT,0.1791769858206717,0.12954409761381167,0.15100945718918027,0.047722772234434455,0.30286504224989585,0.05992038023479411,0.14454766466232322,0.3468095877603145,0.2074363253569991,0.09317537266380586,-0.019082296648433226,0.09507163561852998,0.30977077675616177,0.03159714125965729,0.019233836984706872,0.13162248033090104,0.14820196416868373,0.15496900816679735,0.05843159131980489,0.3159414270209244,0.3819842486795935,0.3028497164297452,-0.08009010122677071,0.1932422812079977,0.1457753261513769,0.1367244938705829,0.2061733111197212,-0.05142191602636894,0.07755635757245948,0.6541334823421268,0.0016007825388345473,0.16067902318439373,0.13286471002224645,0.137638783654867,0.05485407086674517,0.3173555953568283,0.10319373797248534,0.0863330973875806,0.07031276953669349,-0.2168721794417492,-0.0810311750484039,0.24343130557933979,-0.12621089917579875,-0.0368149096180714,0.056902590396341886,0.14694703334121287,0.1422649874610523,0.10465850070563922,1.0,-0.005042014264423082,0.19786241864038925,0.08055522547881833,0.10021511549450306,-0.01963832005890901,0.2273710823251426,0.3518949787487637,0.16280003832181342,0.1435374811894035,0.125038688368733,0.15752947918463567,0.18321317415574784,0.40397556735366985,-0.20028280047210742,0.22827801435417722,0.3421171342733452,0.17681449542100533,0.19981586466255913,0.11274783613076096,0.048682478289919735,0.09146898619365519,0.03919410483446391,0.22805993376355221,0.01403325215156912,0.11618800448379886,0.2557247284617676,0.44455511296766764,-0.09499297344682413,0.16830805865562146,0.12404371186383807,0.0973037459782156,-0.08771214594449091,0.09079195490605382,0.06630236056320346,0.12045941299927397,0.2292699857734754,0.15918570647220462,0.2140427963428241,0.21451070857753707,-0.02416248902853614,-0.10936600261239604,0.20926985455579356,0.15854225375169753,0.21193937997469578,0.3789664725583777,0.13023059956741195,0.11435440174382622,0.17375190023766954,0.23990389921506336,0.16300192351601292,0.2637323307644251,0.09963593110220426,0.028795690052885323,0.0362805156314637,-0.04448091742589257,0.5200385370831767,0.35591426208229976,0.17777616872214613,-0.016706954459467523,0.05143567293470688,0.25344414941653204,0.1335000911207409,0.05275402981669275,0.23550337871208143,0.28418890794316765,0.2549176152232194,0.2864513579121344,0.10781792481558831,0.1009628133170814,0.12375806381798804,-0.1376474197352428,0.3531175371368881,0.10579739428308836,0.3196089699433475,-0.047665825447397524,0.151011116924402,-0.03568575376337499,0.15546278304900846,0.21366845000339524,0.29818227047323237,0.12182204984016462,0.506403361463886,0.1966495286888716,-0.04066633044426779,0.16830852111446107,0.32442758690857965,-0.06910871842318322,0.04702276241223788,0.1548046829918948,-0.09887794988253995,0.2252703294848761,0.13065499184383264,0.47228399961639916,0.2790145215504799,0.0034422085889924308,0.4318380623107352,0.3970223210729258,0.16437706459080476,0.434669723177491,0.0888414586877301,0.09691472744456552,0.09871071138067453,0.22169824235357535,-0.032219253128696175,0.3230644559361543,0.2366504697439539,-0.17685283293410908,-0.43111130073329945,0.5107611772112175,0.12042300772581195,0.0665237409781834,0.033655111273291176,0.1085907094671776,0.07437208854913076,0.12891717719193746,0.35783276127636215,0.19378661195589175,0.2433627223128471,0.0982930027043347,0.13859917402450297,0.07781275134266741,0.10611130772292729,0.05923441650098385,0.16266173540094503,0.17554031585007784
DUSKUSDT,0.28258999880284197,0.08115347965746567,0.3791437265027363,0.2984116323702657,0.36063063397997885,0.09969028672725028,0.10732235055117162,0.10921820571459982,0.08652659406798706,0.25001204535339355,-0.056348646802596075,-0.40302441300267117,0.24078290532042038,0.17762140727816103,0.5156847635265008,0.29313067005242316,0.20312334224669953,0.08495326240468895,0.212911740879489,0.26292562977234585,0.3727992300219463,0.3892947978748305,0.09359570322505432,0.10341877888621191,0.17565697272544473,0.2895182282939253,0.5825458082702026,0.28530772019393996,0.08853205783274977,0.18733055791659325,-0.0403309249160562,0.22522422400244196,0.3109703482436714,0.4388979487286771,0.30978146771191534,0.21729449909324144,0.13858586297264866,0.16448432000488422,0.2826951422048683,0.22874467240017293,0.2831142358121559,0.16746561796450363,-0.001236201508016676,0.3090698472759852,0.38121498927070985,0.25854692478003666,0.3783228203576116,0.07816211242775678,-0.005042014264423082,1.0,0.2986235259200303,0.27803075482202655,0.11807715972606207,-0.19254585995584625,0.23880156104908515,0.2587926603499957,0.29824210572069565,0.25187600360701506,0.3110574003117102,0.31632526828283863,0.2516770469124495,0.03581453760397744,0.0033660775500121173,0.25483628296015276,0.39478515210240317,0.34317057487398145,0.1391276162887542,0.16886199049068976,0.07550419227157705,0.3793031517665567,0.11367591456815075,0.30471085723558294,0.09197886279981901,0.18392942468968942,0.380556803488461,0.29322572091234694,0.41907741242163143,0.2942319357304876,0.1704352452678658,0.24658968374641718,0.26076297556480643,0.31285771297205345,0.21530105101584185,0.2865564289259572,0.1310367226132111,0.05383952918748193,0.16933331406703278,0.37642438114855026,0.26590528771199273,0.4159239276505167,0.3696992086237704,0.3296192669821038,0.3951693402508281,0.3318080550142878,0.09052437531827237,0.30298020830690836,0.21807362613831685,0.20647539968422157,0.1939448783513485,0.3071267054743049,0.0483212101229865,-0.053441571526988224,0.19345184579548305,0.26720100838642225,0.25661711005438015,0.4544134070714742,0.15667657860673403,0.21203292264539456,0.012994054795374504,0.2631881463256147,0.32245720884586304,0.3161060753544477,0.2811043892389655,0.22705961622772908,0.03217673021080668,0.24294653349745654,0.13861840844022885,0.056925441760365715,0.22092293359294188,0.11845893426662771,0.36241285789779204,0.18021410022160414,0.3137578602703671,0.25938052761094366,0.33000987871384935,0.3956350272015781,0.2811652284994358,0.2189641814223652,0.3635558589195955,-0.06145485660991228,0.31856271090662175,0.40213407188340566,0.06927704329460337,-0.10111026333299557,0.08033724826946793,0.0940102141110119,0.29836243495153686,0.29518606860381574,0.23312403803455678,0.19434206325816827,0.30591591048156935,0.29860460852231807,0.2703868775161501,0.2649987222058028,0.101953532902089,0.1730535065709144,0.3936886185024724,0.1995509845857278,0.1475058162454435,-0.31446100860041154,0.0688611895421595,0.301175756813475,-0.04155456987180893,0.266100788341314,0.3074456176824275,-0.22539532164905624,0.03446211969303831,0.20252699701213425,0.4869518344936911,0.3453028709258208,0.048745688804624474,0.46249687322810534,0.3516296880926365,0.35548057162598395,0.4303471389343176,0.4248651889889242,0.21775149651730447,0.2712186043996787,0.3732173751291817,0.115687941173174,0.28712548520699227,0.32948091983068106,0.1841037971583742,0.3037035107417435
EGLDUSDT,0.877387989538449,0.14191735854310927,0.7862579885974138,0.8129479219938741,0.8134685286518046,0.18743918983548036,0.604405878545682,0.4250895866711528,0.6101020046356491,0.43699765545043917,0.2798013568005777,0.014602176594119786,0.8402814894432745,0.7833014176378369,0.688233221480355,0.7843119400863573,0.5240836724530231,0.7951159951419021,0.7072618568752581,0.5252738876886355,0.7560696187469506,0.890881437989217,0.5137909619843347,0.631015296017754,0.6030851375562459,0.6572157537887933,0.6223500438370644,0.585889154379156,0.5825094786627397,0.399755729018228,0.49455450080452495,0.8344832691792193,0.827143327492259,0.777906866407361,0.8774303151654258,0.7388103172075573,0.44991193669284096,0.577570601085272,0.47054378875311414,0.5299800228955698,0.5672875271003001,0.7014121029677725,-0.1034117069909324,0.6018862148685619,0.6816564460499642,0.6230423137784787,0.8288421790803218,0.6323740533242815,0.19786241864038925,0.2986235259200303,1.0,0.85124518092743,0.6102568481032496,-0.18019158067916458,0.8995438146339646,0.813573715612461,0.865833638195633,0.7257885819528934,0.830378864666986,0.8185076546697317,0.2954977154700183,0.4731550607977146,0.23064399205812575,0.7789243642497855,0.49762698100188657,0.6611702886150218,0.7638187333399957,0.19748296228820095,0.5169751281105855,0.8187262971688251,0.626608172638558,0.6400145787524434,0.5649778097803992,0.8111200129071157,0.8148763069307946,0.5795289144191839,0.2621337331007207,0.8348357419586477,0.7282326733644733,0.6260565472086509,0.09395143586868031,0.4738284868430221,0.3343301358152482,0.7925487878644825,0.7925539496324405,0.4022338103505064,0.7559786287678926,0.8733899823313539,0.7144689044586072,0.377874630339727,0.837230869176068,0.9109310320151891,0.7619442054701014,0.8549233743967515,0.6595377215171063,0.7950754074653674,0.7702622094638224,0.7092212221789036,0.7322146972675867,0.7024365587267872,0.4128661756803,0.2120341475045087,0.7357958680239054,0.5732721095536789,0.33672778375508283,0.12077631062151409,0.7739179895389966,0.8148159708367619,0.20068206857707718,0.40799636690211166,0.8372509098793863,0.7126330612179982,0.8206707964362513,0.7106644043368358,0.25554996953225795,0.6482838540688871,0.7500773959328232,0.19224489863867783,0.6852889043001705,0.09702996546299127,0.7102772090265003,0.6286448196392428,0.7246066581667646,0.46774672809337575,0.5853270430056042,0.66446573839409,0.715988419851984,0.6871521091400835,0.8811437418085553,0.2924873710538021,0.6196698148141002,0.795805679144951,0.5601282549399972,0.4610323657067786,0.6114513419996079,0.7212679722855938,0.893142485490183,0.7377322095928363,0.2580341111675154,0.6131336694409878,0.8586203155234365,0.7620349707322847,0.8597226705724398,0.3462835298420466,0.7654272353765224,0.7126668485644246,0.8580611088254212,0.5934487226284346,0.2732541916515042,-0.13882348805442035,0.23609786072221828,0.8076788686401147,0.20581987926338463,0.3277435709586378,0.7663641051829586,0.1284738993876742,0.09340552373854284,0.7447260535007171,0.7926163989492776,0.7868570737537963,0.5077267074998104,0.7374462210736684,0.6566382044480045,0.4037984944460935,0.8479681430314032,0.6645768672970362,0.5076700032727098,0.8590061892214184,0.7974922967187734,0.7203812571329967,0.7229487049246097,0.8281039997194105,0.8503729891730134,0.8531737645088427
EIGENUSDT,0.8538225884608132,0.139382345882156,0.8636584726909826,0.7600545962779606,0.8025653628156092,0.12941709174946947,0.5891225886935332,0.23424201088231006,0.37985255221614384,0.430259353128381,0.32344743221812816,0.028982964722315534,0.7133196676628786,0.6915516383343837,0.6577930748759739,0.7396557767135375,0.5312986591305376,0.6964324530980047,0.6789925267721618,0.5932522811828909,0.662010563897568,0.8240793480367271,0.4600048918547964,0.6207825112220415,0.519545710144735,0.5326635945704651,0.6613046565541973,0.3728523948986459,0.49043036394817585,0.30735072836168786,0.44013789402528536,0.8661071041884043,0.8186144952127501,0.7693784009729672,0.854405685592543,0.7918988605026197,0.4110941752026776,0.5319682689579527,0.35550430659450477,0.47193712173043506,0.45377756524526486,0.7851633910433315,-0.1996018041654375,0.5607505232511147,0.6422006465608794,0.4279596213336384,0.8047242718307137,0.6614512617824584,0.08055522547881833,0.27803075482202655,0.85124518092743,1.0,0.7535122811725962,-0.1656829823942258,0.8354798299196373,0.7483269366630854,0.8696450232510926,0.7771306952500616,0.8007164274595882,0.8296545839574387,0.045986688441386696,0.32175754681586455,0.27866901511942527,0.7190493980320454,0.43834636023038764,0.5731350325811133,0.7187509453319255,0.16361705768321266,0.5295937763858427,0.8229796436905711,0.5472266690188231,0.4679055456214278,0.43763268805214134,0.7480171583184565,0.7100842424148466,0.45559691892615545,0.3717794125977938,0.6784622234895336,0.5748823875463207,0.5456203795250804,0.13080441976320398,0.3239806900326296,0.21854090875811777,0.7756306223156916,0.6740753356517964,0.37960650776469096,0.6580946466152936,0.8707645356602511,0.6643763254683912,0.38718238866135835,0.707590783226655,0.8441614363927963,0.6256846589582775,0.7205857767570589,0.4764456390380782,0.7176861365110457,0.7251084386233211,0.7036704849613916,0.7486159324744643,0.6337764869375992,0.31012835836222646,0.12260168791052456,0.7173530064364517,0.4730954110348618,0.15523646510298153,0.08952275093632316,0.771927092380004,0.777874273164212,0.15417426092820427,0.36769823942311775,0.85863053289874,0.7649301153791683,0.7860462676410246,0.6266440404431534,0.16939857767825178,0.5442371074872284,0.6059719042472949,0.25344002764711265,0.7240399919079945,0.14530544767394385,0.5794054939664529,0.4998211018982762,0.6479398427119539,0.5205633145200899,0.4962814640062654,0.5342444370921534,0.691714881319562,0.5853817838108081,0.7981215570898501,0.23004114348524116,0.6364168691189692,0.7066610973376601,0.48118608648496447,0.37054933863669814,0.47211515056926073,0.5877572674212808,0.8880417587944665,0.7070649742889169,0.18539308777828903,0.4496653784591287,0.8404102302238494,0.7285551789866858,0.7785259199782388,0.241467688258704,0.5807819535989642,0.6513492805777017,0.8447047436531375,0.5283657007549163,0.3086993994978245,-0.08399455663038721,0.3371200427156736,0.6738038983684784,0.08641660175074879,0.41727447465586137,0.7768508685122135,-0.0035420992354985308,0.1749572065748529,0.6945279661029345,0.8633801169035759,0.714368061235434,0.291501732781363,0.7319741141311318,0.7240777563116705,0.4340068379306505,0.764670704814594,0.710601305950874,0.39313104534264065,0.8624047749583837,0.7596629633879091,0.5830639762758628,0.7351247524678597,0.8482402284460652,0.7661008838817671,0.6983497534816592
ENAUSDT,0.8169488934384365,0.18488059015147995,0.738390857564532,0.6159100570138818,0.7688053131484817,0.0779120907882341,0.5823805157640726,0.12171789506261811,0.34907752346714405,0.5779070269711187,0.3692659770495868,-0.05418374768389319,0.6468915709363975,0.7307264384913805,0.3531760977427179,0.7669452425335151,0.5245163929147179,0.6760186651429778,0.6614033255488639,0.6193515347692892,0.5657487213898824,0.7323581844127752,0.5597537577916502,0.6993395432428289,0.493078264332315,0.494128233631334,0.6157986841262412,0.3453493560163678,0.3128055233200496,0.3526513823467798,0.35493112091435625,0.7908844504461273,0.7916529580186312,0.7837483389851776,0.7511475302157613,0.6941230042185462,0.2919737190373223,0.6120499650830719,0.5221726902521181,0.3953746000006343,0.3498147385351787,0.8197174106568449,-0.33295530953025315,0.5657944295444116,0.5540944529560502,0.3538540026400469,0.7298184539346392,0.5710378642902015,0.10021511549450306,0.11807715972606207,0.6102568481032496,0.7535122811725962,1.0,-0.12209968996146049,0.723551683907957,0.5998846190992859,0.7848947969694178,0.6932600050138412,0.6486815758926076,0.8122290440802306,0.04525551583923383,0.25870169382261204,0.4381919247899619,0.6182326599131802,0.25682482848081445,0.5505008207961798,0.6669685466305503,0.20550339559269162,0.45617335652117025,0.6840988770481872,0.5562822148978233,0.349206405983674,0.5043443107666729,0.6494426355526702,0.5915460708102034,0.4415780208793427,0.39695879322780697,0.4938826715588218,0.4196373093847204,0.5712278415917384,0.08693982490821703,0.3361612563760167,0.1486411788296381,0.6161938463615614,0.671087921490946,0.5908783654801194,0.690469573758954,0.7624716849057996,0.6198992690159608,0.4050111382139598,0.5137078683004436,0.7179568644795669,0.6285163012200887,0.6746992310596794,0.3088600332086702,0.7428718528413296,0.7426074340415842,0.6123677096711605,0.7200689575239488,0.3916257890972382,0.3137963491141343,0.1311814933166744,0.6894806411748399,0.394592477954349,0.1297694458148327,0.20718267769817103,0.7505429396588906,0.6996071048960908,0.10460362642130058,0.4115294026747563,0.8544398934545652,0.6731454761329652,0.7730555268286531,0.5578605150707039,0.18121914357008548,0.44499810432967735,0.5310062141206772,0.38286655856775825,0.7933564428304796,0.15277955009834918,0.3411308927713598,0.5089157121719262,0.583448956171167,0.5072876912139114,0.5020441475155909,0.46226359389409366,0.7123990043161169,0.5608822089245232,0.7060829519242638,0.5174292130322717,0.6171883137795371,0.562209896341292,0.4028281613654878,0.42976537770206347,0.423065141630419,0.43326205847369337,0.7169915049547635,0.6424624610195651,-0.02846262744581713,0.36741705477191644,0.7670850505689815,0.6590690220146861,0.7243611649372296,0.24756676067172714,0.5206828240708652,0.6583326516350272,0.7793902524052089,0.5529967534911019,0.3232122170370961,0.1335250232433829,0.3290361498923815,0.584268380486649,0.025317648396366566,0.38347744439661574,0.8120616972056776,-0.10312065393695215,-0.08699388506131761,0.531338255830074,0.770511832663829,0.5332913315288634,0.12797542380326096,0.6326133758918605,0.769997498878615,0.2083520614791442,0.5641240560696632,0.6319059204743115,0.5293707219169675,0.7352425061864217,0.5830766238989002,0.5440995468461597,0.6556916388646328,0.7510455496371214,0.6153343398324227,0.5713371306935922
ENJUSDT,-0.2031895267401654,-0.0319668892881072,-0.22116784321179458,-0.21117162190440233,-0.22677265015860454,-0.04187804393295922,0.0670531708368365,-0.196882508318565,-0.177532869991324,-0.19977889026130163,-0.2129238565215583,-0.03305034511539395,-0.18404076055777446,-0.2019799718335983,-0.0464487391930303,0.09736104235420566,-0.35363100623500443,-0.13959450844621704,-0.15364745366572677,-0.007292514419923763,-0.17639492108809934,-0.22183335601466597,-0.1303314682376451,-0.20500777235627277,-0.23779967762468876,-0.11987539908484739,-0.1511464544388843,-0.29854659996535676,-0.19216233329482277,0.2075593253154912,-0.27902355652590494,-0.2974716265880065,-0.18466967189104874,-0.3090101201422813,-0.14323217004082375,-0.20863516725173453,-0.18263790049802073,-0.05840925854172657,-0.3075724795883556,0.2016763902404199,-0.06307857440637363,-0.1170713344029949,-0.11304605677736496,-0.24687604829153842,0.0023850929920744422,-0.07517392579371485,-0.27870483064315227,-0.033520003460646555,-0.01963832005890901,-0.19254585995584625,-0.18019158067916458,-0.1656829823942258,-0.12209968996146049,1.0,-0.2111455837201143,-0.2735395246934393,-0.17812580089403018,-0.11395202767670398,-0.1252403468390635,-0.21694178769673028,-0.08620570953892198,0.11241480213858829,-0.18559752084723014,-0.034868504927111556,-0.1781414349182189,-0.33836787965614307,-0.26534906332298946,-0.08475530210183593,0.003369534992499097,-0.22487709859677738,-0.04545523312706792,-0.0779906115269353,-0.1328318278746364,-0.15566536809685416,-0.1832622839169215,-0.11781278599658815,-0.23442876917777977,-0.18684173027471768,-0.008041108991538195,-0.38955722008651406,-0.017369776021290414,-0.3645228727131388,-0.23445370333880303,-0.10415149685154969,-0.2999101545610138,-0.21451290738687553,-0.37424744922061876,-0.3195292163299302,-0.28120416908111884,-0.26406619006281845,-0.06119284305540029,-0.22479936366506809,0.11191552550513761,-0.09609142117233471,-0.19492925372833544,-0.22703198990896736,-0.1820135799732737,0.04241891420607138,-0.13795001513923574,-0.19989332276126648,-0.014281672324094417,0.057765167692063635,-0.3385412259742131,-0.22492177110957076,-0.18815842193573512,-0.15553659999985983,-0.2282181690643638,-0.18233174558835433,-0.11118559099032384,-0.32992412325802545,-0.21749330770812622,-0.19229101263484932,-0.2800913637167805,-0.22493882166121434,-0.05906816228860604,-0.19210004715702747,-0.048045709168594464,-0.24175023052942018,-0.24879130269907426,0.09854301340848047,-0.24264522049137097,-0.02418537985386239,0.010865215405755243,-0.17439207712934504,-0.05651291541278571,-0.12019113454487296,-0.10127637266279432,-0.3677920707811824,-0.19970888162172487,0.049256087080869454,-0.0654806029110774,-0.26094896770557324,-0.09617055507962725,-0.09957351666258564,-0.04438388689313012,-0.09057899474412542,-0.22787442925890328,-0.16392018706996872,-0.06283513426203714,-0.05019141401937443,-0.21445958928146985,-0.22732904862175446,-0.3001424573854972,-0.07927106776967659,-0.09561148788752856,-0.11443033278760395,-0.15277773116429122,0.11412705229349525,-0.12357114957644671,0.06885194789450842,-0.16669965007110343,-0.18940683550736132,0.15703957995337423,0.06608934595914513,-0.29961096130586634,-0.38041002090867204,-0.10537380075680228,-0.23435570014567877,-0.23222253741114512,-0.19061445385791384,0.0033910124235438845,-0.04666048131338682,-0.09524816707229321,-0.5277698568356174,-0.21123202130179045,-0.13405860454527002,-0.1877388437213993,-0.18173698767125032,-0.0938815720170841,0.031214160083426663,-0.02040470456468304,-0.23019924288951443,-0.19213133376224556,-0.19034565443647652
ENSUSDT,0.9180562038991353,0.19017467085309342,0.8463581519278894,0.7945757399325283,0.9065572000261528,0.19599146942041326,0.4998172406060747,0.3597185651837482,0.49994433569229324,0.5081672835341092,0.3899243878636528,5.4928515619673606e-05,0.8146833128436625,0.7933498008638521,0.7079568958062299,0.7877246765260335,0.640972103178472,0.7749931198450943,0.7732806453175091,0.5780618302235835,0.7055207892907496,0.9050851723781382,0.5127893375994022,0.6867656111601284,0.5957205239065189,0.6481033516838798,0.6761282792481619,0.4752051007592134,0.5849054751959532,0.3613599047219966,0.571955459743199,0.8083136712165756,0.9185333198947643,0.8973028132512073,0.8842369129293882,0.7250990229232888,0.5017284616460367,0.67945319456248,0.5065177489347538,0.41375606525153374,0.5812675998271394,0.7990342234933053,-0.07114159332617347,0.5975937766010605,0.6753993812490797,0.6302755467338373,0.8899718548796575,0.7765430962974755,0.2273710823251426,0.23880156104908515,0.8995438146339646,0.8354798299196373,0.723551683907957,-0.2111455837201143,1.0,0.8904802717588128,0.933964250090585,0.8014559412066357,0.8750454733757946,0.9089291300765325,0.23109611827374787,0.41066728461916263,0.27683896603010444,0.8184883770342701,0.39992855772778435,0.6977477866176115,0.8053394047007615,0.22871473705084033,0.6406873580590899,0.8728407868598141,0.5849631750827038,0.5679412772910437,0.5566628404849945,0.7817293721074651,0.8097963688121513,0.5841829309936096,0.32825437100015065,0.8133482192765874,0.7028089005905883,0.6962204937469144,0.16260290460566354,0.4356811714169067,0.3208814725622536,0.8778116821022205,0.8204911271750771,0.39674083597443804,0.7995388963207762,0.9097938936956811,0.738732105379971,0.38590903936603266,0.7753639861628833,0.9168574504547131,0.6834879285525319,0.8554356523446605,0.6658292465784807,0.8133180093814785,0.8487560607466991,0.7679314633187674,0.7973261114171865,0.5673010540973611,0.449245509267314,0.14467990579281473,0.7825654571912547,0.6099081737480633,0.24139732121259944,0.15496426284986806,0.8217543291632631,0.8200969906068698,0.2569671643007732,0.4311625354545305,0.899727134820806,0.816885350404714,0.8827657889985644,0.7501214043349166,0.393860721575386,0.6628281534680495,0.6835414567623683,0.2472272310571185,0.8019521769597694,0.138661854979573,0.5894831838288618,0.6099854604852432,0.7205821716658097,0.46574937660401916,0.5973504985841231,0.7631909371491319,0.7323089603372972,0.7117085099834135,0.8871785506988688,0.3224420227605191,0.6522436067330335,0.8307928825364504,0.5227203793776293,0.44450406975641815,0.6059522109674477,0.7246855617288355,0.8951413585139263,0.8026472981376722,0.2610322123420769,0.6618881400523213,0.8788437270630548,0.8031678385306742,0.8797182490091969,0.27741848784192297,0.7211192295440076,0.7446491106557632,0.8997676854699928,0.6585224612322756,0.2767782095744059,-0.12631430581048303,0.2570141756157019,0.8239836938183317,0.183248948747459,0.3962209884519699,0.7542380619678235,0.0045464069385220745,0.07835758054714587,0.8260886753928924,0.8531002981121005,0.7838287482746875,0.37638526990792354,0.8256436973473823,0.740353809553062,0.43950266518521003,0.8516278371443036,0.7484071731880128,0.571452710175741,0.9379878174177978,0.7990951647084314,0.745510653744709,0.7881788139997644,0.8305592124637224,0.8247467828043957,0.8674583176050091
ETCUSDT,0.8091082730533772,0.10446714609286888,0.7910559128483259,0.7118334916861098,0.861470359217807,0.14605632274279343,0.48908316202947316,0.39110423079349843,0.4648861768953618,0.40668242455461806,0.259343077032818,0.15483896309357212,0.7094170878661458,0.7152295519392982,0.6982739694390859,0.6940790081199485,0.4940881900083981,0.745896567616047,0.706524060016554,0.48705931608261493,0.6334623677211253,0.8633064532580731,0.3555419969215013,0.5978641736200467,0.48105159316324597,0.4966096224650149,0.6257666088233751,0.4242764341667628,0.49582102009802365,0.26789134952189436,0.4359894853851987,0.7875825115320709,0.8226782124766964,0.8132504066243765,0.7964669162479385,0.7229808768259611,0.42188566115143306,0.5659539036646329,0.5113214825453508,0.3595056728478892,0.43630755090098405,0.7459813019160346,-0.06285315554909963,0.48744239881196355,0.6363682058758292,0.6445301378080996,0.8555859370676039,0.6404243894529043,0.3518949787487637,0.2587926603499957,0.813573715612461,0.7483269366630854,0.5998846190992859,-0.2735395246934393,0.8904802717588128,1.0,0.8240485398737453,0.7232454778019821,0.7865429648879434,0.8296252930328031,0.2911042472887629,0.40531632040314286,0.2195732064533876,0.8184890877415517,0.5139892406189448,0.6509983909293369,0.711445275493467,0.15071309783438702,0.5460659692346321,0.810395371426607,0.459700239027107,0.5149983011563878,0.4027992579123537,0.6662523244243175,0.7341637825299847,0.5098768198476927,0.31041093144540144,0.745465396443161,0.7014658800414553,0.6635648850901019,0.15644476542583372,0.41403852439531846,0.3731687312225657,0.7397980574046171,0.7212631984913132,0.3967036712549187,0.7431322159544865,0.8202804933786412,0.6374037000823001,0.37389947318278055,0.7260595646596977,0.8991118717426866,0.6198499034261878,0.8032612179423251,0.6515647298058642,0.633479004228766,0.7615830446453371,0.6918360288251051,0.6867864248214779,0.529237433628302,0.33661124491104244,0.1373813620079683,0.6907898889403954,0.46921333210760263,0.3670830150027979,0.19595174763976542,0.7263932338347266,0.678083131707672,0.15877285746131756,0.3560593316064872,0.8035474996640251,0.764227205196279,0.7849064584966468,0.6627184659792557,0.37069672469168957,0.5670291580472098,0.5954525297725258,0.15645553272690868,0.6810461523988507,0.08695550718686484,0.6352056918180911,0.5639520768685401,0.649818106550118,0.42210968240399604,0.4880776989760974,0.6098251114560458,0.5635679866577724,0.6761451914646432,0.8604009076509486,0.2184834297398299,0.5648336518417861,0.8332621608225801,0.3734827704615608,0.4073040475995534,0.5189847263568967,0.6116251635480016,0.8593245979461921,0.726725490000971,0.16268222359598689,0.6068162896673241,0.7744256689433167,0.628339381268673,0.8319505407454203,0.1411326375003138,0.7080942510022333,0.7290310171945301,0.8106059603346947,0.6734247344183766,0.3934363937143543,-0.10441287478228144,0.25394587374327887,0.7245451876374222,0.15670245417844705,0.3598095083506747,0.7262429889667014,0.06941344571329561,0.160004802479715,0.9132877765972653,0.7640693770364688,0.6755580561770437,0.3412218652705639,0.7120648984374015,0.5957005455864295,0.5370550775248236,0.8376501239478167,0.755489837930244,0.587987915534944,0.8081421977728283,0.7368119045976447,0.6450848332047163,0.635055196799789,0.705901021546343,0.6601975983882372,0.7818274405226411
ETHUSDT,0.9527699168962155,0.12911856252717654,0.9095223825445774,0.8107250973869412,0.8960571525054623,0.2397564914622208,0.5755687691570098,0.40553047920073143,0.4939422983403551,0.5665991574366942,0.35648588783505036,-0.007775371096076719,0.7921019981711278,0.7982133638862263,0.6649706420254453,0.8585378181084333,0.6138012419440021,0.756265034803718,0.7834833981799373,0.6248155325499859,0.7313955264775647,0.9080385066281955,0.5142133149374818,0.6957419806827975,0.5265751227894682,0.6392580251237953,0.7371210784351853,0.4567112804233026,0.5942809106754922,0.4025067694864079,0.5245371173529477,0.8359017179660989,0.9617248312297839,0.9009818580712005,0.9326686091240746,0.719986629731355,0.4603012517477897,0.6421849651740348,0.5174331888416626,0.37720271401604905,0.5615236046306695,0.800887748613751,-0.15790948306240335,0.5812794974158713,0.7164669770712491,0.5919097747548969,0.9126209828746091,0.7378193916896295,0.16280003832181342,0.29824210572069565,0.865833638195633,0.8696450232510926,0.7848947969694178,-0.17812580089403018,0.933964250090585,0.8240485398737453,1.0,0.8107511599905338,0.8802109401336011,0.8852809749279922,0.1811863354479791,0.49026437809571777,0.2826938474472333,0.8069526633881354,0.38061975641624857,0.6533629067082827,0.780798954425652,0.24631930538083732,0.6717764551625394,0.8773231226287842,0.5807924699543336,0.5373157454171243,0.5909070851793992,0.773702460542011,0.8374771196819938,0.611626440659765,0.38148451378545434,0.8087283658287627,0.5785221935731054,0.6877866303584269,0.30241881194337467,0.4275043454366915,0.26049354618930676,0.8860128027959173,0.7862371683458053,0.43405390472005284,0.8254228582403297,0.9365060547443376,0.7751680065858655,0.39642204480262416,0.7302671880404408,0.896931612026416,0.7337306387847645,0.8515291465372673,0.558002192033369,0.8273617120234935,0.868252078618091,0.7766557916792952,0.8430922822425093,0.5648376659014341,0.5322698832262837,0.10414996283435274,0.8058991145191345,0.5866066166290053,0.16035819339462865,0.24216966226725223,0.8618185298505828,0.8415248315344919,0.27904484581627287,0.4950623787230525,0.937571379237522,0.8543301164676799,0.8860425805531688,0.7150507475469561,0.23984973010187957,0.6553938741181544,0.7160845341573957,0.32625303131776184,0.8097765079371446,0.17441228103756587,0.61181787083764,0.6389901755624038,0.71220352320432,0.5303312428059661,0.6034590586933091,0.7750708138395485,0.70592169155181,0.6677467040858664,0.8923574707254553,0.3117758102710629,0.6482099242961679,0.812250374945176,0.5921332891366645,0.48086876522268324,0.5531260209598767,0.6566306079580687,0.8854982325100125,0.8069009160176297,0.2485998741359902,0.5802103006629415,0.8757004102938372,0.8037323206272198,0.8743456247063406,0.2771632131384398,0.6236934439958702,0.6283721729739263,0.9134371091116695,0.645099784783839,0.29986408817112925,-0.16188082814088764,0.2964405148736025,0.7826866027764658,0.20315467568728057,0.3351509448851509,0.835742834125216,-0.13412368389850018,0.044089881729175724,0.7502464378049537,0.8857246924711976,0.7988546511492972,0.3411343899925335,0.8211036855826558,0.7962468105932329,0.4554380102635419,0.7817601355031301,0.7659809737178963,0.5635364391064999,0.956385968945228,0.7914327661993007,0.691214723166954,0.7742548410309639,0.8559293307913627,0.8271740103544017,0.8402120813891812
FETUSDT,0.7797891568745087,0.15678463692761327,0.7870775284645593,0.7895678337555211,0.870901123686572,0.09877435406420174,0.6709956919698478,0.370566893813056,0.3885399265434295,0.5697493747039312,0.3261210326524415,0.05083019225031383,0.7293047410032246,0.6986298940397313,0.6241051727345708,0.6601066740545412,0.5355090928669682,0.7005009090666515,0.6736717135307408,0.5392950095972542,0.6268033584405295,0.8119175929347903,0.3444472903312832,0.6648345591848632,0.5225448530997585,0.556327901271633,0.7084976485602742,0.430818833352953,0.4500270058524066,0.37466084275665196,0.435595793272566,0.6702392292173913,0.7741837606000195,0.8321214610853969,0.7239492245015312,0.530363005067723,0.38259747343540873,0.60840063728801,0.43244996442576694,0.31215440338347394,0.5259385949979865,0.7592951096603798,-0.048029666722374756,0.32182106111880554,0.6015444962808224,0.5686083900861951,0.8406772386877566,0.7127561276383987,0.1435374811894035,0.25187600360701506,0.7257885819528934,0.7771306952500616,0.6932600050138412,-0.11395202767670398,0.8014559412066357,0.7232454778019821,0.8107511599905338,1.0,0.7762495786415845,0.7859386173718748,-0.07089298810536938,0.29998656260707646,0.27175298566591827,0.6502631195654047,0.5014707285900298,0.627987675461,0.8188798068074403,0.3160209691974123,0.6501068827334319,0.8478355439508436,0.5167288021421081,0.5197945077955576,0.30098705055678476,0.7035328649806891,0.6646610645774674,0.6652684569724301,0.2212461547945877,0.6798113483481079,0.562145598768094,0.5156309867728189,0.2602492177602338,0.2788871651096189,0.31669049521491116,0.7349780119238011,0.5803430554037591,0.47666358514604157,0.6410857087167653,0.7805065556101437,0.5090786304246213,0.456696411477936,0.6226734480485819,0.8333414143973492,0.6867703763631011,0.7621050735603472,0.5247047072759871,0.5903183502806056,0.7502898563359639,0.759908601734273,0.784547046545841,0.5354493989576363,0.3562154055069495,0.0787276238816532,0.7643244936616951,0.5778126909144264,0.2677217020770449,0.3039879015235246,0.705939053376557,0.5962960012851294,0.2910651216567516,0.2868397875305693,0.8133928853399133,0.7667835514124739,0.773235630166516,0.7790660687921172,0.2651594473940973,0.4335437068434404,0.6579647527342006,0.3173303515484033,0.7825842213919408,0.3336761104595206,0.5128826714229003,0.5597380093396737,0.7366186141051033,0.5918340906888173,0.6383594877399926,0.6599574478289333,0.6735216773931805,0.5642331942479938,0.8078652178256057,0.36137552913472537,0.6886681554877838,0.8048594265200902,0.3966867701242163,0.46426198906706717,0.5358541983824069,0.46913800573274306,0.7605373291409083,0.7827972782237139,0.2111043381596731,0.4354278775985514,0.7525897890019017,0.7281565854087167,0.7822587869652231,0.18591300457946022,0.5988853503511572,0.5409159748229291,0.8187468428979847,0.6150811587572148,0.16057085923911615,0.008639196589666095,0.42077811357348865,0.7760708405198472,0.26412526971471834,0.44010246769597017,0.6576956461346369,0.019430509202733717,0.16403135830772075,0.7187468096174946,0.8252225333772601,0.7249197485175265,0.36536561939379164,0.8039963352245109,0.6956308747978387,0.4498849482069374,0.6777109407411064,0.7853788884105669,0.41065021182439143,0.8200000555826903,0.6990853407018222,0.5570537840669854,0.597430876428138,0.655789462706222,0.7609825585106667,0.7218251038413273
FILUSDT,0.8308599951512076,0.1652636932615458,0.8090921596615094,0.7851956318780884,0.8595221516561555,0.30200978479206997,0.6516029193253351,0.3546336675715838,0.47073416367913445,0.4836455130727114,0.32938928055388017,0.17851953986091387,0.7266394682181972,0.8130840025411504,0.778992095588283,0.7670285364543015,0.5334844053714848,0.7616978908079672,0.7943530797562961,0.6515540385362224,0.6204278930639908,0.8831644435497877,0.5051785745122751,0.6191898126737984,0.5440843440473665,0.6477312280728337,0.7455358412072437,0.40686771498522206,0.6417805208491772,0.3506282150901855,0.4873999013223293,0.725309096565953,0.8814986736378682,0.8541357489579573,0.8520165550528648,0.5278642198857039,0.39800821305033607,0.6717691341222702,0.38585152489347196,0.41684705512245934,0.5252822531770539,0.7042591871220213,-0.029151598403404186,0.5252616553024314,0.6053630604809543,0.7170442212713913,0.8381260412572743,0.7884104122543173,0.125038688368733,0.3110574003117102,0.830378864666986,0.8007164274595882,0.6486815758926076,-0.1252403468390635,0.8750454733757946,0.7865429648879434,0.8802109401336011,0.7762495786415845,1.0,0.8491428769549474,0.22338606850635906,0.40115206818907556,0.2721082092240968,0.7895051581300365,0.39893144571796607,0.6400524857186034,0.7463107817811098,0.21985272212211204,0.7241968545205442,0.8213694717936774,0.6606914751648073,0.5802930162469133,0.47605190405073117,0.7353725577166661,0.8029412483239833,0.612371109265726,0.24765323931869007,0.8465470481466696,0.6604495539177623,0.5877677328475742,0.22290010739024074,0.46063017549472374,0.3441788918882618,0.8354460942498868,0.7412744238219476,0.44684898702352877,0.6899995190304741,0.874057995909356,0.6635998335789474,0.3981822442717366,0.6693248229994101,0.8633060667402745,0.7035456306651687,0.8268671660582235,0.6795280313101343,0.7984603761565133,0.7902722244727535,0.7770053388405415,0.8035204692553992,0.4126668575278554,0.4682381062532962,0.18963260394169162,0.698633552963553,0.559705136326443,0.258500203623055,0.12724357955844423,0.7429175542185049,0.7510402096068074,0.22512383353028337,0.4008946439718624,0.8785912295233579,0.8096267643773409,0.8440930494182899,0.7637655854442953,0.19281589895331985,0.6633733903415521,0.6190110367936043,0.3242597022548529,0.8201455663879894,0.21849894004412754,0.4975212132275699,0.6597659386269177,0.7946965376676656,0.5295720297294195,0.5473429695672289,0.6719251203331135,0.6927989588440724,0.5341317165245113,0.85890452823746,0.16427631966627948,0.6287284875356344,0.7933473433400443,0.43509999486393114,0.510188043918695,0.5025714138194304,0.652793397913991,0.8432351855556814,0.8452113641859805,0.16866269249180896,0.6859299942269046,0.8829413977065389,0.6622074134544577,0.8256824002174297,0.45849687155228824,0.6422151104390471,0.6615028376289763,0.9161342637709249,0.5178649915600161,0.1962669486533704,-0.18083810838435702,0.21711273469512973,0.7146993085589706,0.3802888264325455,0.42824055574072606,0.6609337234690448,-0.01974491378543411,0.09649516467257561,0.6821621722740311,0.7704843008781674,0.7611210022783684,0.40037369135676004,0.7957933989287833,0.7001062430469991,0.49965300758045766,0.7889679397634413,0.711301137085429,0.5532360140719597,0.8784859380384122,0.7855434829972179,0.7570999195751874,0.7333679688865197,0.7415298077377472,0.7895770703895981,0.8339537246992363
FLOKIUSDT,0.8605177575482433,0.15277721665059577,0.8559800615001519,0.7613744627436668,0.88401276223838,0.1685846143102879,0.6038499966229697,0.2865600748610162,0.41252998854142464,0.506669654513814,0.22068663319725085,-0.04839878504960886,0.7876860594084001,0.813109217666924,0.6558360216795762,0.8221052680785105,0.5184301779338779,0.7112712253071685,0.7403287260482805,0.6163041019036745,0.680804374301649,0.9103964172101275,0.536513143383195,0.6645298884095143,0.6106020024422881,0.5906893020072016,0.7178599655846271,0.4450460801849632,0.5158900353313899,0.3526242391122192,0.49175667316684873,0.8063074610959702,0.8713869309181332,0.902226536373429,0.8493464261791475,0.7095863497856826,0.44306006294286265,0.6597977604128553,0.5536431052400559,0.4628815918790607,0.48226318018546344,0.8259118332231811,-0.1375684856778635,0.6842085566673255,0.6504553724785309,0.5695682804677469,0.8942709571892509,0.7535882045828719,0.15752947918463567,0.31632526828283863,0.8185076546697317,0.8296545839574387,0.8122290440802306,-0.21694178769673028,0.9089291300765325,0.8296252930328031,0.8852809749279922,0.7859386173718748,0.8491428769549474,1.0,0.24459358562078923,0.30833408102170456,0.28156957577345576,0.7696699679998045,0.4702819699109275,0.5646623489608615,0.8223908530414652,0.31535480293397317,0.6519725505732735,0.8402378544774538,0.6392070107456788,0.4842714864916682,0.595492937364975,0.7672870290326647,0.7409733640768007,0.5646609181533168,0.3945051059889323,0.7327415404258615,0.6668510674984548,0.6666592717084466,0.1341443649189603,0.394091365510127,0.32623739334975177,0.8441191614471154,0.7437194648449716,0.48041452383534633,0.7916101101601062,0.8753687788747729,0.7453930721831159,0.41651713712042443,0.61486006672312,0.8790033009173054,0.7033322421261954,0.8221224611881058,0.5543019691102158,0.8019376029436535,0.7869109305032301,0.7782962113209401,0.8575297849957013,0.5196470725047762,0.3083419505501427,0.14970868706103027,0.7605177840883368,0.49139580486099355,0.2975087076126574,0.2297249428778539,0.7565930357932186,0.7601276037888411,0.163732741271119,0.4131861944786844,0.9143741911535425,0.8790387564082247,0.9107576147177545,0.7296427264948431,0.16614186055311103,0.5529220190498089,0.6081719558729334,0.375129328832654,0.8721226634335076,0.20930809331776903,0.5200143476331939,0.5691837678180007,0.6714314465631711,0.566613983896793,0.5973168887390472,0.6048032350739203,0.8283992662547474,0.580653419975223,0.8531236420215907,0.3804893626252704,0.6848638614160933,0.8451046101282429,0.4683313207875442,0.496473840371411,0.5876317160327531,0.6696298037099058,0.8663741715930267,0.7623052568872407,0.16738505265372336,0.6266662172066826,0.906465050871331,0.7423471890735523,0.8381318274965119,0.26117448148539435,0.62518718993244,0.742755281739052,0.906624608860224,0.5700850328702602,0.24408132021175644,-0.24202831678725034,0.4389652967748571,0.7191150037266519,0.16290085878470703,0.4419951760726274,0.8018175339383257,-0.03733775783911425,0.16444301870570543,0.7796537478535428,0.8796353015149447,0.6829186986924303,0.257034351521902,0.8107915799435378,0.7741652164168479,0.3767351838906944,0.8215004887419434,0.7461717215851829,0.6370759395500406,0.8728759699731778,0.7816531174940737,0.6865649378935897,0.7612206218930729,0.8513718396465184,0.7975489573008194,0.7873702991683407
FLOWUSDT,0.18182650893739968,0.2311545332839815,0.1036416462561118,0.05722144735117628,0.14280479811658547,0.07244474450541674,0.05285077319203188,0.2203218864463518,0.19000701279337218,-0.009851384296643688,-0.0664754384223449,-0.2686142722649476,0.21247971138417956,0.21224569634207444,0.15402158126990484,0.24009471943144023,0.11372157614187148,0.22058000573648912,0.07643264953080264,0.01642734757115182,0.12760154434951337,0.2580064633707329,-0.014200444738960372,0.02493746737870946,-0.026526526981426587,0.032471720271637805,0.06712158700549292,0.1440334013218681,0.04875309466907389,0.061698484383957704,-0.1194698969302026,0.12477566072811382,0.17290606091450048,0.19815241927455512,0.27923928372202805,0.21026947739317914,0.05367403748929464,0.039053670230083576,0.16193459617508066,-0.023875712823149105,0.008730211535745491,0.15912456572506953,0.12841128678875197,0.2628040025355422,0.29774705016879854,0.19028165305461667,0.29162009999356153,0.03538125962820898,0.18321317415574784,0.2516770469124495,0.2954977154700183,0.045986688441386696,0.04525551583923383,-0.08620570953892198,0.23109611827374787,0.2911042472887629,0.1811863354479791,-0.07089298810536938,0.22338606850635906,0.24459358562078923,1.0,0.12468258406706777,0.09860650178542461,0.1895687092660369,0.005334017805099996,0.012687159823066941,0.04695454903210363,-0.06446651499729789,0.144390758937026,0.17363955121277638,-0.0008824406793362918,-0.028342023715272717,0.232470475905478,0.1059786542066906,0.18841415981584142,0.12823963180075734,0.1870297930913495,0.18929098183484425,0.24136596890433654,0.22251259385337813,0.23307139252843792,0.3198182901877312,0.013269843227818217,0.20095439928003372,0.28365080146305643,-0.05835256977860493,0.16627267825554407,0.19659120176717587,0.21212369673312792,0.15012630353112616,0.21088011264715734,0.13681364990590905,0.26983009411880393,0.26985066233003757,0.2778456696283331,0.24235843138300675,0.07035106022705984,0.2511473567260601,0.13184411241720168,0.0015540095201636384,0.12612205438075078,-0.2153504748713541,0.12860559180329675,0.06564050173954378,0.12597283091213596,-0.11526650680811715,0.0820169548990868,0.30742731751088587,-0.15005093382320567,0.1787083791705306,0.141627300009674,0.20185212033239455,0.23908354572643867,0.14135285605168096,-0.007824267563288238,0.23041558812462565,0.10565219188935873,-0.2121457844647057,0.17365804191502815,-0.3638412032341446,0.1370727286167002,0.1442936822907542,0.17813712870506812,0.03465371928797065,0.07475952406241217,0.16727880029510353,0.17442720869843673,0.08984532250557793,0.2219154566784845,-0.03155582073325878,0.10557647674005342,0.2109336188383508,0.17512610447054316,0.18051274580292348,0.14574856845612838,0.25284019437742045,0.21852724864148257,0.0803832242677211,0.027185613435510746,0.2186827332529379,0.22328139826038415,0.08004572371097089,0.192230389475471,0.038851186857055776,0.20099359733035757,0.24285257130972143,0.13702903930820914,0.1577836361337066,0.025817162573347166,-0.4010497063284501,0.07816542276572826,0.029570377015061194,0.26836472839210407,0.0008485400315812139,0.18560411034071844,0.11031613398544203,0.011562480085979255,0.1971702552345661,0.07680569228513244,0.029496658498119912,0.07561803111732315,0.1933691296239479,0.11566263316488541,0.16886359415898794,0.2543382491408343,0.01214181120423956,0.2709595133836055,0.15239477262519172,0.04919201240910654,0.09382782931842679,0.2664088705909149,0.15754633596319303,0.1605348174184846,0.296120443900245
FLUXUSDT,0.4143903867871411,-0.21063011597837802,0.3396118003167547,0.42167848547484155,0.39571266231649593,0.16583966350236115,0.31143570127343984,0.2929388272989301,0.4541785250879287,0.1142135538157569,0.04300255925932556,0.2465790416714437,0.5083414037743521,0.27360892733782055,0.2890290860864446,0.5420082357490822,0.3044872133843938,0.2966615040458355,0.39275709806851755,0.1327415077531386,0.3819382722491058,0.4126666314246252,0.07027259088026996,0.29838202743569897,0.1569444426893041,0.2957763386249052,0.24430567012683319,0.1414391149776276,0.1810800252119103,0.5144840641865952,-0.023608489718771854,0.2787940725896525,0.40878016557867225,0.3974254434821303,0.35025004576365804,0.3094664444693227,0.09581487816972394,0.2074364099956746,0.2574721981751248,0.06865053398045895,0.26587788147740404,0.3252907796753335,-0.16211407936923983,0.31101958049555306,0.31800031334791107,0.22633039551247883,0.38293874778619524,0.4052909389011163,0.40397556735366985,0.03581453760397744,0.4731550607977146,0.32175754681586455,0.25870169382261204,0.11241480213858829,0.41066728461916263,0.40531632040314286,0.49026437809571777,0.29998656260707646,0.40115206818907556,0.30833408102170456,0.12468258406706777,1.0,-0.10535809243951769,0.5534347912831645,0.2974950606649559,0.43308605196996314,0.35632689602089435,0.04471484634127821,0.29375758822252385,0.37327881078170055,0.19302034518425681,0.38623589748363607,0.3508150700365148,0.42497692400305603,0.4988258521187806,0.4131231524136648,-0.06423657928813549,0.556101257538188,0.1754485622367919,0.3185740722059568,-0.03159273582129087,0.4356203287860545,0.39947188780803594,0.5084431707741047,0.23193622093943866,0.1740544959519827,0.594734164185834,0.4067483429921224,0.35759890803240385,-0.011806748603287625,0.42136041534800034,0.3907086018043604,0.5209789738273375,0.5259437302062955,0.21792722088866034,0.3772440621383667,0.45227038236929173,0.351034723699465,0.36547733283954875,0.3756927807977272,0.27636443728989546,0.04519032362516485,0.35964902494465245,0.194199275801505,0.15970608465771444,0.26269446711961975,0.46882755379902563,0.33739139265941687,0.07374796349092759,0.5671182771086067,0.3928281529813355,0.35655255923388496,0.33273072354050137,0.20721270550733903,0.2192959259153157,0.24739727681904697,0.3882307997550489,0.01893949433068723,0.2914547991084056,-0.044536457614046024,0.42579090544484394,0.40622833036485967,0.3760119911872515,0.05061033403987919,0.16776641420637542,0.3241178627245273,0.2153185959038268,0.4086389904960209,0.4307280632871721,0.15811512873837721,0.304568949602082,0.3500773499689515,0.3194582296580144,0.33676290185167096,0.2782281834998123,0.18764188503881707,0.3107441644373523,0.323648531666883,0.3940322931516975,0.2551222446057152,0.35667668325064183,0.4652206087013846,0.45161852170914374,-0.008647098689120386,0.43894537965280656,0.32292511016048997,0.4203952867447197,0.41397498111430137,0.06542526563741506,-0.12392342208934606,-0.042142266474745456,0.4352880565982579,0.08002726564975766,0.05715225750820829,0.41105980924448776,-0.2233732633646333,-0.2059618596644859,0.3894264038457705,0.3918487714511267,0.41081070637039596,0.1938713289906163,0.2871878216961364,0.259784751975054,0.049127365807412275,0.40768466687434257,0.31853254864402025,0.133707698459828,0.3902718954055764,0.32287466657399805,0.3453373595520257,0.5110362762044177,0.4038274146524486,0.41391719256693593,0.4600641949114894
FORTHUSDT,0.3430256807345183,0.5936113461297562,0.2069038618086979,0.22050704462669066,0.30410234196859787,0.24997633327452168,0.2606009367036478,-0.05007581892297648,-0.07503286926156202,0.2889601268298162,0.4041497795318485,-0.13472248645097065,0.2650653707250091,0.2484755000184028,-0.07673496527597344,0.30964519441594424,0.5529578332456714,0.2250538757004076,0.2993523396218047,0.21920979987215936,0.1961377195849096,0.26110766342726766,0.2957825768508758,0.3479119621646088,0.2713632703299678,0.22984001166584095,0.13677480916430756,0.2375722748657022,0.22406668403289712,-0.2363754112429967,0.168896083166393,0.29472923413223223,0.2988219785927716,0.3442170028595992,0.3585590739989456,0.24315698290518803,0.19773657185215546,0.21748035864696738,0.4061332655684425,0.33395796195525673,0.20107575512099066,0.2793990268309557,0.04655522892981251,0.294190352734868,0.20479546568564616,0.18426710592917736,0.3584308156517899,0.17955550382627103,-0.20028280047210742,0.0033660775500121173,0.23064399205812575,0.27866901511942527,0.4381919247899619,-0.18559752084723014,0.27683896603010444,0.2195732064533876,0.2826938474472333,0.27175298566591827,0.2721082092240968,0.28156957577345576,0.09860650178542461,-0.10535809243951769,1.0,0.16173200516611808,0.05004882136342216,0.37303222289623483,0.2705173567274176,0.19912480288731832,0.1942872702108065,0.22004310050152728,0.3938918462177252,0.026820384906197196,0.10018082865655288,0.32609451427854186,0.0029352460431722174,0.12018093063611036,0.15417251141511412,0.17487311252367876,0.13931581983236246,0.23614662829563904,0.20354698520169498,0.3089467030641758,0.09877088580939927,0.11803252867143031,0.34762175141234164,0.45400839320399516,0.26963270003642725,0.288999183910148,0.2599913463730094,0.6404985834705079,0.17610134271909084,0.30722811524956045,0.2499774018256734,0.21077276575354453,0.33659056278735017,0.3422154011930846,0.46455146280648424,0.3669279991817834,0.37033701667087093,0.1109155818794932,0.09561884243515947,0.11645488156758028,0.24480689926065857,0.26788179660668177,0.07688095603242638,-0.15027425367206385,0.314004658349344,0.2218783153619635,0.12415349696427105,0.06584300087845651,0.29303269680512506,0.21681072626471942,0.2841409786926732,0.16536368734123658,0.29173344145146546,0.23658204000228394,0.3634513438549242,0.2124004114734406,0.3275873435970706,-0.1945569906442958,-0.05106567950816166,0.2581685374371466,0.2665830016660888,0.26087200805764776,0.2822260622133935,0.20797372772533265,0.2755844108223724,0.40184858347627544,0.22330638268267328,0.3845875748463769,0.16962360095852924,0.21696282505741715,-0.08627961550322608,0.05282164014861491,-0.15250736629861994,0.22402120372402143,0.3856382756538433,0.4862130763571603,0.011261245141854679,0.18578893103622415,0.25637917931179294,0.13185230242218016,0.4114985508850082,0.14270354765062046,0.2539585852859366,0.21163375876697835,0.33341903002029033,-0.0300675572423379,0.16289622914982357,0.30063891535811615,0.19010298449668248,0.12757126412723951,0.281673441484987,0.21237728626848504,0.2531552309736455,0.00791919595786175,-0.1365067495073346,0.18550247910092357,0.2191468488715084,0.18545510551914596,-0.12073527876756511,0.16051372421985058,0.3203586498065774,0.07908236170904931,0.24632894161915347,0.11609319220414091,-0.02524760377268557,0.3273050559600605,0.03415953089167175,0.07905371413149548,0.18247746319462854,0.31012750366404057,0.24502549323060374,0.1456721317794853
GALAUSDT,0.8177572673266793,0.07002740517074056,0.7561823717645562,0.7503257047419813,0.813446076622323,0.2827427712582484,0.5309891625853459,0.3959274298487015,0.5680061445672304,0.3547990038393958,0.22388524934206092,0.14868506628268377,0.7449777549154009,0.681978857513365,0.6699854657960751,0.8165919475441917,0.45083867647963916,0.6121035863023683,0.7534377046376523,0.49539244154665246,0.693533162382564,0.8071546779622449,0.42490565734713787,0.49980080819486267,0.45707440429084056,0.6440317006152991,0.6237930424838061,0.4036585723063899,0.5366546568424835,0.3630557476518412,0.48024757879865,0.7000525732357703,0.8620511688459078,0.7884647782304367,0.77286393656792,0.6653472259976547,0.47165306167196275,0.6585321704165108,0.4069294615390443,0.5024539486017947,0.5704618784857215,0.7026287422648289,-0.014850067327222466,0.45444651002600556,0.5613430060650214,0.6026875684011289,0.7496450488772366,0.6534181550053142,0.22827801435417722,0.25483628296015276,0.7789243642497855,0.7190493980320454,0.6182326599131802,-0.034868504927111556,0.8184883770342701,0.8184890877415517,0.8069526633881354,0.6502631195654047,0.7895051581300365,0.7696699679998045,0.1895687092660369,0.5534347912831645,0.16173200516611808,1.0,0.5194113475094541,0.6552095805981387,0.6389517893491677,0.027867418553300435,0.4996052170548717,0.7787916520355265,0.5108771148532231,0.6489392126542992,0.40291673517711585,0.6669945108059181,0.779881563902789,0.6141312572218177,0.29223169129939897,0.7270483016413359,0.5582153638609029,0.6820299082148646,0.14858549059703494,0.3714808320665272,0.3913605819270688,0.7812095102541102,0.606593973304997,0.33756714606068305,0.6913917947744251,0.7808993103192745,0.5966611108794371,0.27021061549817804,0.7748192170342972,0.8279386671121165,0.7169263139584954,0.7975358999043238,0.6514306046385986,0.6891389094216492,0.777550922413042,0.6168097388428839,0.6802548919251032,0.555346334628898,0.4306075294208372,0.23091493120705484,0.6802382862677658,0.6020925075872683,0.299055124061567,0.2424979782655876,0.8113307497738187,0.6642681766855042,0.14460344720774088,0.37625361561856746,0.8157727781607309,0.7471977472581104,0.809836788421051,0.5349378552438102,0.2405883466479856,0.6566060895608413,0.601830900176111,0.16258792187056925,0.5851516783024318,0.1932076768331675,0.5946936646183029,0.643588961961124,0.6745248215634518,0.51710485321931,0.4857043457284969,0.6157245028790608,0.5926074930481069,0.5032023532549843,0.8585140212141988,0.2236107113272075,0.6144384872736836,0.7555556785558533,0.3664574326452561,0.42477580890853583,0.42102155438917505,0.6241186362057658,0.8219463043562596,0.68055302021999,0.24095423130018992,0.6587436403412664,0.8434330316775159,0.6341291802175704,0.7966536142865462,0.2363336698176284,0.6602141146242902,0.6529461149505565,0.8698116206964424,0.7613227279579565,0.5191369466875254,-0.18415044197711594,0.15128924250005044,0.6798198413195756,0.1951822360141523,0.45922336693891574,0.7044422286705594,-0.06950030443190629,0.054193117931148935,0.7451961297778895,0.733654625585642,0.6982100909605374,0.3558474688754063,0.735960139899949,0.5917145656412863,0.3982156412320585,0.7554640706045325,0.7320318139062449,0.584553921544547,0.7843230876609744,0.8003389880727511,0.7471607711736541,0.7126985255991143,0.6936548096335893,0.6946491488405868,0.7347889292856834
GASUSDT,0.4042910618420201,-0.0304998230771962,0.495479817501796,0.635498690664391,0.6033391465121897,0.14599264990993913,0.44564763493427567,0.5140693656853302,0.20160641594281206,0.12924773104795437,0.06740035076365149,-0.03026962920350037,0.6246304719723196,0.34058681266484503,0.3104442377144923,0.39677648234402835,0.23147228030629438,0.308903756217039,0.3554461579822516,0.3673407684103342,0.6576593178619982,0.5702005229058832,0.07830471547660085,0.19959161346403567,0.37593369202518057,0.37869945490822815,0.5297119247073788,0.24672812230037203,0.22560353041400535,0.2820701624194149,0.1527289151055905,0.43402254277046465,0.3676256354049401,0.5065015736095511,0.35130364277566456,0.4330226156488657,0.5492617767512926,0.446699663393805,0.4105247816157511,0.3046704161638239,0.4294768354976604,0.5246933031625793,0.025234676520792955,0.17694636189762314,0.415845206689538,0.40481705764534087,0.47354251361918037,0.3115474804682885,0.3421171342733452,0.39478515210240317,0.49762698100188657,0.43834636023038764,0.25682482848081445,-0.1781414349182189,0.39992855772778435,0.5139892406189448,0.38061975641624857,0.5014707285900298,0.39893144571796607,0.4702819699109275,0.005334017805099996,0.2974950606649559,0.05004882136342216,0.5194113475094541,1.0,0.4075245487427003,0.4491973839534322,0.1212344128791336,0.1292261155271816,0.44506038875089005,0.32147615014068626,0.602527543696426,0.11567575658272704,0.34857185346628655,0.5486269336102456,0.657116266047923,0.11894896129090102,0.3909494065557982,0.1856723872793897,0.6142859688612733,-0.022898451815325294,0.3359699808927792,0.3147429165284495,0.36560245914798134,0.2790225110123663,0.39292471860716566,0.4090698183638364,0.4748734888663563,0.23276028706898888,0.25294203718455166,0.5479991383845499,0.5696355034170644,0.6347563095462213,0.5764607386017897,0.41764004364876955,0.3195807198508664,0.4921694827129869,0.4060561265029779,0.4465113912924701,0.7370590765512054,-0.11198473815750648,0.1127720641840507,0.3747506111967543,0.3985840960662579,0.8363633842495124,0.5477843221718077,0.5089585218299933,0.24570494811384638,0.017792715039594495,0.3042685474853447,0.44176534568581605,0.4385707397927741,0.5355309513785974,0.3881276206766087,0.20362084983367382,0.3160771015600878,0.5048964739126665,0.21901633511844937,0.3225420634330142,0.33663160917903123,0.7569231775586908,0.4053665518146093,0.5689216771898572,0.36108173089676604,0.3176498031245905,0.20520258665664398,0.35422037632983194,0.3958790324225942,0.633401629714556,0.3209377792793232,0.5798149204227545,0.5747239830085225,0.2064466804142122,0.16753619741845246,0.23034057799483898,0.31734404964533663,0.5012338846274735,0.4864019154830907,0.11947485484085442,0.34302431845641335,0.46828241198502935,0.45047116200151555,0.5326664735059187,0.057340217500271344,0.5564022100789452,0.44663656874121044,0.5018209119425905,0.37293511823649145,0.12791972000027318,-0.16320402522442462,0.24873321671509407,0.5063294959362618,0.13534128947286278,0.2866931361681291,0.4423807039648707,0.10965593875718782,0.16903224332833094,0.6458316859056349,0.5378960945295564,0.44230230742915716,0.10322539264475379,0.46575339690332773,0.3298596664965645,0.22927598430921126,0.6438669815569035,0.5031178374404452,0.2993805983355284,0.36445845965970514,0.5664698330527674,0.35966384577463295,0.3370523247944394,0.46286893627223463,0.5566868932455336,0.40687944866051806
GLMUSDT,0.7004325408941475,0.13674069153081547,0.5509454798783061,0.6624363520287324,0.7407766479297119,0.10810970542102896,0.38650756078217796,0.23359381662460071,0.46968296963743117,0.3970792420811862,0.5217852413802647,0.15460576128285053,0.695663265857688,0.5434402344129072,0.49139948672466294,0.539889050697155,0.6919517873954908,0.5905095270806359,0.6584663163126881,0.4794236032195449,0.5431523801671677,0.6886174650785264,0.33981230334105866,0.5623154746981617,0.46565439890091176,0.5609099182334656,0.541438218984279,0.5569692084316292,0.3673802708492458,0.3208605556249694,0.2820071239695167,0.6157995999654504,0.6790611840274746,0.7680012070841082,0.5841577157871551,0.48622413741371956,0.3740802142238108,0.5011398333740085,0.42148704215668703,0.3583955324173777,0.4028900606365205,0.5166529205987982,-0.15769492286202447,0.4245592938983355,0.43931687181352264,0.4368068713536119,0.6340394753157319,0.49032217576712683,0.17681449542100533,0.34317057487398145,0.6611702886150218,0.5731350325811133,0.5505008207961798,-0.33836787965614307,0.6977477866176115,0.6509983909293369,0.6533629067082827,0.627987675461,0.6400524857186034,0.5646623489608615,0.012687159823066941,0.43308605196996314,0.37303222289623483,0.6552095805981387,0.4075245487427003,1.0,0.5751253686330274,0.17082809024575835,0.3420007902915539,0.6081296936814262,0.43472492902471005,0.5447699964954088,0.28714250511110856,0.6035745825782695,0.6448209515981775,0.4474091614863839,0.22552323961534707,0.6812227019346053,0.454342195514012,0.5528731001215094,-0.027497584013533964,0.6355691408685732,0.634630353322231,0.5224865293861384,0.6146624047144075,0.4300867990334897,0.6773467518339832,0.7116395914192041,0.466860765364681,0.5171585858096235,0.675954419424362,0.723412578699554,0.5715566046919263,0.6876636488718744,0.5209048947486703,0.6004957528832292,0.7295127114634119,0.4732078426435094,0.5227745924059055,0.48270408910795276,0.2785341298688693,0.1699985130446195,0.6519677542301435,0.49534130314912195,0.2878122734839184,0.25320691172263793,0.6839344229055099,0.5768685601294445,0.12880257907874565,0.5375794563687717,0.6928737186681928,0.47033406949767687,0.6037106311984394,0.4099821114181589,0.5406354094299516,0.491551190104019,0.5467254891024377,0.22604493023934757,0.5572409683121893,0.052332183303635586,0.5149753737812133,0.5239973353732534,0.6553590620679038,0.32511606780636043,0.5133869303935857,0.5998789677771024,0.4162974313692862,0.7027367773439868,0.6694802641401423,0.1973755522160992,0.5082525241313495,0.5685282444333563,0.30771408496379504,0.1636547387591287,0.27647103560494685,0.34396489318246387,0.6400457912618208,0.6917186646194865,0.23987823510119183,0.47387938520547923,0.6142753154584341,0.6043370083007537,0.752729038550023,0.2841763646719472,0.6851067637005601,0.5947047295067461,0.7221302747297524,0.4630053208167096,0.365713918496375,0.13699587680734493,0.0722538749397251,0.7018217052775304,-0.05848347145075454,0.26607300850497034,0.6123620962095698,0.045999638888265214,-0.11789256472864278,0.5508692506918076,0.6658941136532253,0.664861041010967,0.2520902249153598,0.5130040642524463,0.4077506101509752,0.3783037755672248,0.6296386924647803,0.5776553162026996,0.3388043732757669,0.6157539557051142,0.5461604736253636,0.5048294519272877,0.5943783651749662,0.6307944966968099,0.5360440747938772,0.5919577050258756
GRTUSDT,0.8184561035079758,0.1047402748370276,0.7398625690539629,0.6867788628849152,0.7856978994579407,0.1922138977088506,0.6262681047539347,0.3640586728692463,0.44268393546093204,0.5957809690631168,0.34366719619831626,0.1102221674102206,0.7582260354335042,0.8037433906089348,0.49667139219187956,0.6804447826315679,0.502545512416858,0.6817040734468396,0.7034871198610126,0.4457305324368802,0.6166898229484715,0.816843181877169,0.5070600478925366,0.765967208055027,0.5035541258661853,0.6963774875155607,0.5982159244757637,0.4308049239041282,0.5197572163977847,0.33042371087793304,0.6154861497887917,0.7398676389703692,0.760655983522576,0.796970136555984,0.7487232210436795,0.6300083178476658,0.35005947585251224,0.5726068648952689,0.38841253730549946,0.30478495649162085,0.5701067686694328,0.6956982433199559,-0.04541033465709598,0.507155926825384,0.5272754180938604,0.6044304126933966,0.7623755183448211,0.6852057124886164,0.19981586466255913,0.1391276162887542,0.7638187333399957,0.7187509453319255,0.6669685466305503,-0.26534906332298946,0.8053394047007615,0.711445275493467,0.780798954425652,0.8188798068074403,0.7463107817811098,0.8223908530414652,0.04695454903210363,0.35632689602089435,0.2705173567274176,0.6389517893491677,0.4491973839534322,0.5751253686330274,1.0,0.5893226724905452,0.4671398766495672,0.7825509476327296,0.6978841536853309,0.5694141527170415,0.5330553743412274,0.7775268878338515,0.6544175331992402,0.5639861600674728,0.2301413842494598,0.7714744873187972,0.6767786065896779,0.5929641064110521,0.13008106824131613,0.2822347223108219,0.34561885156390215,0.7185593616155583,0.6690953400494627,0.5106812919108473,0.721046921558328,0.7912472421665445,0.5965792612916695,0.37241787179673064,0.6040122572695672,0.7713391339217027,0.6001285250314001,0.7796585241121639,0.532198396374145,0.6916660163273728,0.7179690500460294,0.7621912788213219,0.8990502410563371,0.6142883015688072,0.38985235544902486,0.2521256663966532,0.6958983613504555,0.4947040170041427,0.3136138198606804,0.23657304828279896,0.6944103282507046,0.687587426381205,0.4172088163533219,0.4458333661157962,0.8274124556962988,0.6628337362028897,0.8329183198519721,0.7527343372247786,0.26038892009229536,0.4876648060119747,0.5911220824818375,0.4779331360896315,0.8261866542534726,0.20136775491987816,0.5184333696745065,0.541944778583425,0.7282945028442283,0.6166634193267759,0.7952911532460322,0.5997721411931962,0.8062485908368702,0.5788582384734205,0.7950412052637518,0.3361099225515893,0.6555834019136859,0.8208014305489392,0.46439112188259224,0.6429575424070936,0.5913338158738283,0.5422928924938477,0.7546344497021568,0.7413331824513005,0.20648804648211594,0.5724152354824402,0.8245735357072568,0.7146788086130769,0.8510657232445995,0.30714234142960056,0.6568267984055745,0.6417466328581215,0.7983540661835928,0.4425450901094565,0.09032212621194215,-0.09113471429990815,0.6026957945527458,0.8073100650508189,0.20141794694787818,0.3433378169638484,0.6909981091873898,0.08531066789674063,0.10983543594618675,0.7168601247064447,0.7825174757324298,0.7326443790778326,0.346729840580321,0.7135991993679656,0.6858392536251509,0.39892989873497275,0.6903084884132732,0.6212223285718103,0.581274880491656,0.726141883250751,0.6824277395881647,0.6231890338834674,0.5850252637037535,0.6761635459918967,0.8449317243915093,0.7335704807998901
GTCUSDT,0.28650168137282256,0.029493787666951977,0.23606354218890746,0.10541209339028342,0.2254146842148649,0.1293781491554945,0.2677870402544954,0.03333273168748223,-0.044156604529374026,0.2743660717363627,0.0019441383068579845,-0.06478365551335603,0.2662171551870132,0.35250205458261286,-0.020623538799021974,0.1945670142660555,0.13869375774931542,0.08904592987821745,0.22461163940719658,0.10744264317696196,0.255773687702413,0.2689463101670926,0.2817183332726987,0.4901704402137511,0.13697836148699996,0.48486737053758494,0.3316531494749259,0.2429024186247408,0.30767417090880606,0.08580423015307183,0.3199172221279922,0.245980116095512,0.22486284507457358,0.28009971206117296,0.1962667112163473,0.2528286053169499,-0.011525893849053469,0.16739281668840547,0.02044615088448271,0.08641410788299583,0.14110542148545216,0.1442587453048525,-0.10980321024364686,0.15571034741811807,0.1160140118522026,0.32374804783879824,0.208827668547721,0.22692563367722293,0.11274783613076096,0.16886199049068976,0.19748296228820095,0.16361705768321266,0.20550339559269162,-0.08475530210183593,0.22871473705084033,0.15071309783438702,0.24631930538083732,0.3160209691974123,0.21985272212211204,0.31535480293397317,-0.06446651499729789,0.04471484634127821,0.19912480288731832,0.027867418553300435,0.1212344128791336,0.17082809024575835,0.5893226724905452,1.0,0.1076825454709326,0.19087676755616348,0.4745150910970864,0.2112004337965627,0.30469572228347347,0.3659573491937962,0.11119241059927197,0.11638369021464977,0.09944214680532205,0.3417282175227806,0.34361475816322434,0.01940783665306713,0.18492866324477816,0.03925389843294314,0.27832635800566186,0.1476656143627306,0.2597901444427014,0.2955460295656812,0.26756615377854776,0.24228225629650693,0.15290223791265672,0.27920384584543556,0.07001161582960932,0.17449663795778983,0.16213130249631158,0.3138034410566666,-0.04703693574231035,0.20640226713267776,0.14176812405990413,0.4469773268268247,0.4873995550314312,0.2662456205206892,0.0643318889964124,0.28606333072086426,0.12180556317487903,0.01879838720164916,0.0826551196515775,0.1853049050919539,0.09755097410044078,0.20344850263297165,0.5590154870988758,0.2998626490796972,0.2861338643212432,0.1344364763716841,0.26141623886339765,0.3357012423491807,0.07213397180151224,0.06529401121509595,0.22781672922291482,0.3672708999307011,0.3759334252142859,-0.02156700200380494,0.10787518872495694,0.10847118372146118,0.33948873183751427,0.278126260661618,0.6413952206062511,0.21637725807878497,0.4421164976019496,0.18873885658557704,0.22485075138557234,0.10802559404741384,0.24566841009028098,0.31483261410932645,0.12630677970306217,0.2545916801580708,0.243804240665811,0.18587915388301207,0.14472799307625625,0.2838151212381104,0.025263824650482183,0.39051915862754233,0.25112765911264817,0.26563373651070044,0.3864085945378743,0.33874069286525915,0.22643353310593758,0.151308009349659,0.2618488639652709,-0.10628531686699982,-0.25345336698637977,-0.1990090743508692,0.5303756427535179,0.32293245884082383,0.005277835086621406,0.09206316008402027,0.21695007836912333,-0.2482577808010418,-0.08928225035414845,0.27065793322740206,0.3214121700229547,0.21618523651264512,-0.11349230701722822,0.15961277244361022,0.18991983153368308,0.0331873388274116,0.2773126105688411,0.10411451637882695,0.27244682501296896,0.15013461179524257,0.13688401838082523,0.18416357107887144,0.10432874278482036,0.1359526704830349,0.3899272582614989,0.19503243774929363
GUSDT,0.4958783171710578,0.11749123831666816,0.5230722420294233,0.6126677224691831,0.5759117382302923,0.13259518120789685,0.5456482931231572,0.27841740293175554,0.24087579205630022,0.3070542769236558,0.06758902026531637,0.14447325835714564,0.47219877582171127,0.524061417148564,0.5282618111129208,0.49783331767850236,0.4224122092326177,0.45050971267612056,0.6127888980729721,0.4253582705156355,0.28445620172183433,0.5745312984405135,0.2853658805252526,0.40594553879389333,0.38476507769747603,0.3002481504387531,0.47052907952575873,0.3046794811217655,0.6372560950256085,0.2752696524858329,0.21970250356279847,0.34917175439199644,0.6295393976302704,0.6113362180613079,0.502983600243959,0.18822123996489964,0.17228471956751187,0.31226547400047844,0.34746698882177274,0.21590052644262328,0.2158996797207986,0.4379316880008214,-0.022646704455930144,0.2993291221508937,0.28900428337923206,0.4958352043624044,0.6485141069116456,0.8199048928273885,0.048682478289919735,0.07550419227157705,0.5169751281105855,0.5295937763858427,0.45617335652117025,0.003369534992499097,0.6406873580590899,0.5460659692346321,0.6717764551625394,0.6501068827334319,0.7241968545205442,0.6519725505732735,0.144390758937026,0.29375758822252385,0.1942872702108065,0.4996052170548717,0.1292261155271816,0.3420007902915539,0.4671398766495672,0.1076825454709326,1.0,0.5397369049530256,0.4045617318097112,0.2016546400583587,0.33111042184249184,0.6056038792148282,0.5009548622848079,0.3978403541918998,0.18277058226531462,0.5449784566022707,0.3348961496902862,0.2675104473213437,0.15677941275692947,0.2077463830931037,0.22730843575109919,0.7230024382594915,0.48156387543221635,0.1809072780454232,0.5008196895438132,0.5098895762432212,0.4459071095347304,0.2855757843387882,0.2419185000829016,0.5764600870650024,0.456160632485923,0.5518475844926959,0.4299754026021277,0.4363358607890459,0.5329039469824371,0.7342491910756767,0.5989498347535429,0.023769954728078562,0.3438093600975476,0.03076078267910033,0.5915812870717434,0.4136007112786823,0.01642798019151531,-0.013698661870201459,0.5175603912518227,0.3914935310188425,0.1002788575842934,0.19268054874545504,0.5433183683085873,0.7768745871987531,0.5777496307610037,0.5338560191735251,-0.02381923619432184,0.4131029262830438,0.5306234797513861,0.2340507073936995,0.6243685335889181,0.042643289573757924,0.1697265739055777,0.3485485157624391,0.42835885223855047,0.255963561309665,0.24038239652670118,0.5309522285583722,0.44555905696581666,0.3416124463950295,0.5379491334601605,0.20703336543061296,0.33480588809964146,0.5049332947307881,0.33320193373941,0.36404001599498903,0.3986358980191304,0.43067196245254685,0.47818663487247326,0.5127287904498774,0.13547632848771518,0.35659107515400384,0.5142106367316303,0.45869111364411824,0.4968891139917257,0.18223123702186628,0.33419027404190194,0.38194408162083937,0.6417175208262458,0.39589975137131844,0.035467701480167264,-0.3199004126230066,0.20859543531158703,0.3825155268965582,0.4004068042337203,0.22130369714838238,0.38023255214634305,-0.05347340884859548,0.23331872115169422,0.5167893797075519,0.48323237544032377,0.45796406610770696,0.19935459359419624,0.5847282504966617,0.46381861695683446,0.33406121366242786,0.4547196833142102,0.4158991504502079,0.20505173026043502,0.7256640474749474,0.4115780849503306,0.4145081298289639,0.5902102612051446,0.571471000780346,0.4758053376724934,0.5381213643096142
HBARUSDT,0.8563433607259624,0.14671371907869887,0.8354631654331874,0.7371625017396939,0.9002256748954336,0.2640815267391923,0.5257638318998115,0.35240484119525456,0.466805032377291,0.6187506828581536,0.28316535625601386,0.007664608897874624,0.7145244384081079,0.740653805132315,0.7312549261209754,0.7659911968884129,0.4734361574158565,0.6853687577888585,0.7072873366196382,0.48119121910723245,0.6633086121657797,0.8762142702517597,0.3796099608562718,0.6553087012392851,0.5451833562443277,0.5922284549334651,0.7074903351262796,0.41959579085737386,0.46264889179647034,0.3445321672779168,0.5491256073931071,0.7339172827876671,0.8566312460312845,0.8617817146797154,0.8648825369917598,0.6617188090353466,0.3564380776897809,0.6117934846945134,0.4835430200867998,0.3487811395870883,0.6076154695454721,0.7919819927680741,0.08502789551124258,0.49941877091593667,0.7381209583030816,0.5900911644592384,0.8959826471011174,0.6816033919179167,0.09146898619365519,0.3793031517665567,0.8187262971688251,0.8229796436905711,0.6840988770481872,-0.22487709859677738,0.8728407868598141,0.810395371426607,0.8773231226287842,0.8478355439508436,0.8213694717936774,0.8402378544774538,0.17363955121277638,0.37327881078170055,0.22004310050152728,0.7787916520355265,0.44506038875089005,0.6081296936814262,0.7825509476327296,0.19087676755616348,0.5397369049530256,1.0,0.47950624797449404,0.5328675704989314,0.36653884878041443,0.7237670522991164,0.758463388205158,0.6281928629068546,0.283278258556719,0.7601248129977761,0.6405277261352781,0.6382708311855976,0.30154801003111903,0.4241427613873792,0.3208864161730682,0.8225552166199279,0.6435094581787519,0.4340084215590784,0.7169116971531451,0.8657994643138979,0.6416004831046077,0.456887746975568,0.7239341845634604,0.8734934076084946,0.6786339197695641,0.8069057977629307,0.6131774833073261,0.6906849860262213,0.7884267757879176,0.6805579885647429,0.7583484198937825,0.5433831190551478,0.5401664733133806,-0.0007272486040837735,0.7575469135118617,0.6178144974904339,0.19743363561212204,0.27955907646243716,0.7066303299332028,0.7195169015308223,0.1953020691071619,0.4375287993315455,0.8711758262356184,0.8104495211436026,0.8397769190915279,0.7216930324180489,0.18952781808045485,0.5745225381382056,0.5893792615578115,0.21574476998320827,0.7978685095306262,0.2639402404123567,0.5542481969495007,0.658686907524024,0.683622110050609,0.620982648738219,0.5809980310865066,0.7498585497603011,0.6788610283275048,0.5551018597423186,0.8536707415608367,0.30794966046698663,0.6548705038343666,0.8326273187341566,0.42663978092161386,0.5089572806753535,0.48251464655552145,0.6235839106764333,0.8593508287911908,0.7347201789267197,0.25220254282950494,0.4665567147963571,0.860730284531481,0.7386807754098035,0.7609484600372983,0.22143861249603136,0.5920770285224802,0.644412630236308,0.8448885349744516,0.6417251514504172,0.27655640516121827,-0.12745171357684765,0.31413526389206986,0.7702003677758691,0.25726104025490887,0.4759725388831878,0.6869617650641491,-0.011405511459158319,0.12373578476748508,0.7245237137875825,0.8924591606497202,0.8112066468637419,0.3577815638362587,0.8457080532411164,0.7910291610963107,0.5679802737138064,0.7766445927195714,0.8081142018538452,0.575199725259979,0.8921699575278014,0.7533103818513436,0.6085624083742057,0.718113394169156,0.720954976978302,0.8029969601620961,0.8392311850511182
ICPUSDT,0.6430326732563438,0.08158247623829872,0.446144323559044,0.5036613702669086,0.5554432077429103,0.358094409533981,0.6987219271163579,0.2111085084594563,0.35829551991912034,0.5459111167223321,0.2280389680551383,0.0616806328565365,0.6111692773615894,0.7564039268550251,0.34139984166464954,0.5924966800180902,0.3923393515637876,0.526065867765749,0.7266541282680162,0.5759435585607344,0.41672329488151905,0.6235703704751393,0.7529225669800389,0.5013986358701991,0.5453096290644024,0.8162469852435132,0.4697762242239367,0.43625663418771615,0.6907924238420425,0.22831212349063934,0.5703401994219955,0.6184223154367279,0.6283591152440743,0.5694660353716519,0.6257309983521895,0.41928172912078804,0.29609064042763766,0.5303655443506357,0.3972532200179507,0.6549730231823591,0.4005188948447881,0.45322941462056265,-0.0375529638987943,0.4164289401538348,0.4166586295189373,0.6107883469053755,0.49956546851039435,0.5611767232692818,0.03919410483446391,0.11367591456815075,0.626608172638558,0.5472266690188231,0.5562822148978233,-0.04545523312706792,0.5849631750827038,0.459700239027107,0.5807924699543336,0.5167288021421081,0.6606914751648073,0.6392070107456788,-0.0008824406793362918,0.19302034518425681,0.3938918462177252,0.5108771148532231,0.32147615014068626,0.43472492902471005,0.6978841536853309,0.4745150910970864,0.4045617318097112,0.47950624797449404,1.0,0.6457866823853631,0.5472848924598555,0.6665597146259736,0.48720842093479383,0.3893061678221338,0.21006908005800912,0.5940791767665904,0.5317461365336525,0.4163206300992647,0.004833489821344402,0.17918906440328333,0.1915510804096729,0.5255002932635218,0.6808133453286456,0.65932611852839,0.5341489945726825,0.5737414231678418,0.4046788198856611,0.44112817516014374,0.44307320400030265,0.6292311625152637,0.5521552061586812,0.6454074543286628,0.4951503665812221,0.6177023302464668,0.5922545859322498,0.6021212628980944,0.6963431470497096,0.3433068551482459,0.3017232653080328,0.6912424749924558,0.4622491727579092,0.39728288856100874,0.2771877516555154,0.09952831393646264,0.5806662626606592,0.5391455444644103,0.5383247362400414,0.3306081209286008,0.6650134732695143,0.5431280818567683,0.6752137999884716,0.6199060767624941,0.1057556833609964,0.58673978535074,0.558440873207775,0.5538991865841401,0.6772964875640998,0.13459200953675493,0.3428212986896351,0.4161150235052873,0.5715035135941373,0.552105181649721,0.6721162597596968,0.4099125857046848,0.6101141901541243,0.47876174043822417,0.6019023114613067,0.31509264675201515,0.3925104674804168,0.5799112079758867,0.39918925654418674,0.3779237072025163,0.4406628068859597,0.5010583899636076,0.5881779137780562,0.657811856720371,0.0929555968776042,0.5121201133106376,0.718678712761487,0.468975702971142,0.6717776778773507,0.46981698135404665,0.4818162825988549,0.5334737168954518,0.7367065972133222,0.19773376126995978,0.07493723115147179,0.029994623886887905,0.27151375036587616,0.6008448251193618,0.2132435706737136,0.26519274616894994,0.511728199420584,0.03540250571191154,0.1133569613501696,0.4868159637725646,0.5316923842358859,0.5701341424889428,0.2873916784633979,0.5754191917685941,0.5609207257643541,0.22526225632780292,0.5758479511061929,0.4423735242088872,0.5241220919441065,0.5406566589010245,0.5515924423341526,0.5589683468837198,0.4876861901456759,0.5434773471277309,0.6550828872462529,0.4534508769195777
ICXUSDT,0.617737098688205,-0.009531740664009903,0.515383957245509,0.684254871449319,0.625289412078472,0.26639753258508,0.5692409303888475,0.5010813895724928,0.43318583295432705,0.3081783992884918,0.280571409769963,0.08475701636534126,0.673723269039978,0.6274249392796283,0.4845098220989204,0.5329111445292409,0.24244263744215183,0.5241760619140314,0.5671516166506136,0.33319433816523225,0.6226150667999808,0.5743558311739534,0.6038715417521384,0.32464760967149275,0.24360306081439959,0.829337722440425,0.544545570670549,0.3032093695431847,0.5874406870456804,0.3820268506477414,0.5194103500397311,0.5302190985866576,0.6183791613898492,0.5649674790170796,0.5102992395547049,0.3953373428098718,0.525612365500695,0.6124881306720014,0.2618562085844679,0.5859374010290783,0.6008388269162177,0.3623562997760405,0.03622302725190742,0.25360353456925416,0.48486798208371035,0.6984943409858744,0.41325710138689564,0.5052176571829065,0.22805993376355221,0.30471085723558294,0.6400145787524434,0.4679055456214278,0.349206405983674,-0.0779906115269353,0.5679412772910437,0.5149983011563878,0.5373157454171243,0.5197945077955576,0.5802930162469133,0.4842714864916682,-0.028342023715272717,0.38623589748363607,0.026820384906197196,0.6489392126542992,0.602527543696426,0.5447699964954088,0.5694141527170415,0.2112004337965627,0.2016546400583587,0.5328675704989314,0.6457866823853631,1.0,0.42267433965292667,0.5608062659019357,0.7116407735599295,0.6452472474408945,0.27252931332706876,0.595926519313517,0.42621478945136565,0.5618537356291278,-0.054679581293918374,0.16721944441547598,0.21989194373892848,0.5679000184159378,0.5801850451168652,0.4412716087452558,0.44527316813462114,0.5583646590858735,0.38994035166407925,0.30195401791600823,0.7067112422271565,0.66686364507136,0.6497816099893806,0.6675120303595207,0.5302969090637903,0.5782529251983388,0.611836685951803,0.40856801037995844,0.49070829601879595,0.6485607611534032,0.28503119282869543,0.6431453801933155,0.4141303719225163,0.5917281295085884,0.5195293793497932,0.3428308304874404,0.5819744128483202,0.42459470613429984,0.474263117170163,0.30751218463914476,0.6014120536849475,0.4570750045955997,0.613882579010701,0.5318556165907399,0.2536896671355155,0.6712358679762864,0.4787002765850618,0.4203056994022109,0.4282719526661834,0.22983183598915688,0.6976386675890653,0.3767003753720876,0.6283984677483055,0.34653814539350375,0.6044459747103381,0.5445346100702448,0.40566542198864586,0.5096980142638607,0.7083041558976743,0.10496706512818596,0.48838826374436584,0.5688147943241705,0.35812738226432267,0.367706823948047,0.33727664167033067,0.4954038454783074,0.5651675640686478,0.5394749671783171,0.17671457440448995,0.5803748117274238,0.6110323162901452,0.534537973475815,0.6253480364703397,0.42675278287908724,0.5363692038387446,0.46280136371295444,0.6746203975850356,0.43785192599607353,0.0678140080693968,0.03171691177620482,0.017266477034290607,0.7463285892756549,0.21432744271860996,0.33348426025641315,0.47365783745392376,-0.014511408249655185,-0.03342451348666663,0.5198288266502036,0.5084323541178737,0.6692587030954317,0.3471305351812112,0.5889954819034791,0.46413333209767643,0.2461758493090205,0.5849976921132769,0.5092250866731695,0.4638373890959856,0.498598474108548,0.6103689182884074,0.597372149275216,0.35450017574189924,0.44486900756562825,0.6600317286996136,0.516551866321259
ILVUSDT,0.577211616395956,-0.21001689464344017,0.5571252558260151,0.48966166780337234,0.37745197790221036,0.015392843539194614,0.3589565496055969,0.3697362290355526,0.288516259369216,0.3378025551780579,0.2878908412538354,-0.19014789540614724,0.5269218942995689,0.6801122925318607,0.3195653661714522,0.6382711683454806,0.22618319224860847,0.5230574277641545,0.5148606675280722,0.31585339132321183,0.4128102033148473,0.4575702066325574,0.5913870206602683,0.43935990624096544,0.273122226738541,0.5439885589714522,0.3452395178811238,0.31617063593275124,0.42226421424387256,0.18927910232188716,0.3782773594261582,0.5356997409875333,0.5826251759360436,0.5129896855988103,0.5622578826808906,0.39979847239235905,0.2876117562116527,0.45604436848382884,0.2617427083949869,0.4347197760703737,0.3679825314583336,0.35020391372302734,-0.15840541437334948,0.7022588814453513,0.5370965866759296,0.43604042204188403,0.4853084912327052,0.40995435094766447,0.01403325215156912,0.09197886279981901,0.5649778097803992,0.43763268805214134,0.5043443107666729,-0.1328318278746364,0.5566628404849945,0.4027992579123537,0.5909070851793992,0.30098705055678476,0.47605190405073117,0.595492937364975,0.232470475905478,0.3508150700365148,0.10018082865655288,0.40291673517711585,0.11567575658272704,0.28714250511110856,0.5330553743412274,0.30469572228347347,0.33111042184249184,0.36653884878041443,0.5472848924598555,0.42267433965292667,1.0,0.4351965642755074,0.6043384616929578,0.3161094317529893,0.3206553917484926,0.5188499405196914,0.4621745444982954,0.5238259181433176,-0.06471830332431418,0.19416274585869306,-0.006896696720830531,0.55200445465765,0.602638730020191,0.4104555563608057,0.5835126501845342,0.5001693266907146,0.7996299511000017,0.2471884993291479,0.39495708840508187,0.4927945794721773,0.5453317647417761,0.4477626856045466,0.3228909081242313,0.7131201960066316,0.49754738375219965,0.4567044030741831,0.5678291575346927,0.3620527346731906,0.20475805968327723,0.2833030903714983,0.49670966381227566,0.3263098728105084,0.1007565471664937,-0.019143299149703415,0.5299035971274577,0.6630286794516989,0.29182180194321394,0.4305732942624552,0.5922522608237085,0.48420582303350956,0.525253256236432,0.3526744486383724,0.1121952898337102,0.46609889669284743,0.42046873429665094,0.46932935843826284,0.5351334758446954,0.12257975080314719,0.45979761066266056,0.255265996557636,0.3295926316018147,0.2908720309439078,0.5047766121408828,0.4946432898881824,0.6238805158570725,0.41069727360912955,0.49224869122423126,0.13040322447283673,0.2778416709090008,0.4287847364006076,0.6943837270065106,0.28655259719725656,0.4367007053230112,0.4545438268580898,0.4812664963171522,0.4067986402475173,0.15191826823308263,0.485390509591107,0.5357655105780695,0.4185247687969582,0.5564926559538305,0.2964998551888683,0.40605167453542484,0.31162097123310145,0.5346552699714217,0.2646790698921837,0.07020653321283793,-0.2717722401068266,0.21927168063269842,0.4787132489840571,0.0001861784220614951,-0.11160745661645748,0.5405455489445415,-0.0923326330205485,-0.003564743230129411,0.3505400814528043,0.49089006494716997,0.44483139382584014,0.1263571725462844,0.3826725560911506,0.5127189794006209,-0.0790847833697892,0.39800101011842826,0.33073761241509236,0.4431466117120247,0.47705817894934804,0.47490451375011294,0.5840849977942054,0.41894581109588425,0.6579368291984815,0.5370633771318422,0.5524212737114119
IMXUSDT,0.7493277604907175,0.2897298982272573,0.6324025779492859,0.7546921542525995,0.7389477086889482,0.21768713908735632,0.6528761754394848,0.16662047566823335,0.5051906901983328,0.5071431327238628,0.15750430522822778,0.20906213757728895,0.757993426304705,0.7120048930742127,0.4929071350375856,0.7101655059221126,0.4947152049124579,0.6221831442569442,0.75074710158908,0.40461880907062175,0.5236183653907577,0.7567534949071936,0.5733346636057103,0.6163556715297018,0.4606875988832775,0.6288300795511033,0.458371916046839,0.5609185179274396,0.6525785983207432,0.3552016919564175,0.4540333851061915,0.7093517412418395,0.7310854718223246,0.721390551011227,0.7021978060803489,0.6512862615719449,0.22053526945672242,0.37783880229480593,0.48739730024646044,0.46281195704844974,0.5449810731312914,0.5328170280443855,-0.1667537935715623,0.5944228639141752,0.41225464314886545,0.512815124411299,0.6860572188600865,0.7835034902500811,0.11618800448379886,0.18392942468968942,0.8111200129071157,0.7480171583184565,0.6494426355526702,-0.15566536809685416,0.7817293721074651,0.6662523244243175,0.773702460542011,0.7035328649806891,0.7353725577166661,0.7672870290326647,0.1059786542066906,0.42497692400305603,0.32609451427854186,0.6669945108059181,0.34857185346628655,0.6035745825782695,0.7775268878338515,0.3659573491937962,0.6056038792148282,0.7237670522991164,0.6665597146259736,0.5608062659019357,0.4351965642755074,1.0,0.5972825565477538,0.44348563322488754,0.33186644252488373,0.8011992577945295,0.5850877603421548,0.46020017080768594,-0.006173217773425901,0.39964834135274546,0.4430335960639622,0.7532805237820448,0.6694225550744651,0.30550661981485416,0.7224187744340829,0.7017982867278083,0.5767773033394272,0.32852127758827526,0.574835175310691,0.7548072853630968,0.6175771253500086,0.7517762786535597,0.4357102749213762,0.7139145370258746,0.7174281802908653,0.7587544778909072,0.7541492324946816,0.4993039018270486,0.40583481680036365,0.32273158689696735,0.6608510601739982,0.48399780614029275,0.25227570616775746,0.037499106813252345,0.6772796834573284,0.5803650651626301,0.2549352390690087,0.34544950475715713,0.7749420220603853,0.7211939099818263,0.7626534156755085,0.6312473150405303,0.11363928803093026,0.5032287573312062,0.6313324648107856,0.3499253136301165,0.7456848073852786,-0.047924958073401636,0.37473680619243116,0.4132193122293479,0.5589727780460833,0.3550527605374209,0.5446421883445949,0.5358128900299767,0.6771043432014339,0.6355187195834883,0.7277398053159733,0.32191390639788753,0.5079001499886726,0.6441040625858511,0.2809982323174203,0.4878720591465022,0.5793689430079113,0.49390210718343436,0.7417672160433044,0.5844971913208226,0.2207117436415414,0.44037412555667715,0.7678091227363647,0.6846507690240784,0.7518208766851032,0.28537333987609603,0.6070338880843368,0.703824119139851,0.8113720557031897,0.42020415788134496,0.07402155656598929,-0.08719768468711458,0.36900817463371394,0.7099650858177049,0.3170492109629937,0.45076028197927415,0.6563531891447179,0.09189370072560069,0.09199620843955358,0.6147019139226707,0.6786295373181201,0.6990754865366139,0.3575966307420338,0.6819861477387971,0.6385342431006361,0.31883746281745967,0.6416266630712306,0.4688786176979307,0.4370263983601434,0.7858203274056694,0.5916641423841582,0.5941701450301603,0.6846833178657867,0.7398204218303999,0.7360225230700159,0.5790256866470845
IOSTUSDT,0.8356253073604868,-0.11957117786350692,0.8079390581891069,0.8420024493081045,0.8105693729583905,0.10362465053721866,0.5496450728568917,0.6084077504556306,0.4515449019656529,0.43191939097894533,0.40905234609443725,0.0038404216683002707,0.7594578021730225,0.781981582637323,0.6879283710244041,0.7206133809014356,0.37596776139395693,0.7029027563550917,0.7084055936552961,0.5600784622176543,0.7454998650023678,0.8205893282971949,0.4454597654997091,0.6156768120692585,0.4599741669203247,0.6669791241549502,0.7774941910006502,0.4166241162402768,0.5602365563471612,0.4906958953191068,0.4145655182570837,0.7333651918908832,0.860092272482178,0.8174777477543913,0.762903047511875,0.5737651332410576,0.4795591475907613,0.635671358848662,0.414678944084216,0.3897073170040219,0.5731542413220811,0.6731215942045472,-0.14655722124992718,0.4622433711359717,0.6657931786010627,0.7146453804133036,0.7394522443190878,0.6336002944369113,0.2557247284617676,0.380556803488461,0.8148763069307946,0.7100842424148466,0.5915460708102034,-0.1832622839169215,0.8097963688121513,0.7341637825299847,0.8374771196819938,0.6646610645774674,0.8029412483239833,0.7409733640768007,0.18841415981584142,0.4988258521187806,0.0029352460431722174,0.779881563902789,0.5486269336102456,0.6448209515981775,0.6544175331992402,0.11119241059927197,0.5009548622848079,0.758463388205158,0.48720842093479383,0.7116407735599295,0.6043384616929578,0.5972825565477538,1.0,0.6796378711676252,0.29213802861280264,0.7513533151095757,0.5157301562448171,0.7518785148866641,0.03827320417258744,0.42703951700263276,0.23846060786115347,0.7469267837226825,0.741407600162813,0.4052507550478363,0.6788772490874376,0.81740015956205,0.6826125923118731,0.31239239580005346,0.8096976498174782,0.8313960707260689,0.7768167840190482,0.8266178255744282,0.5675597606213075,0.7434048903843666,0.7352968282144462,0.6239202706236728,0.6917775835253073,0.6169300501137822,0.40326801873364276,0.1275800826685799,0.715249293332886,0.5996680301755635,0.4180678604594004,0.345033388542394,0.7820672179042052,0.7667519967025801,0.12120206009702993,0.5910483858337903,0.8084876904386192,0.6676167053437816,0.8098581860219966,0.582887065579838,0.24606728633638997,0.7434370950609724,0.6357763026704042,0.30914994142909424,0.6284759817077503,0.22289985846248958,0.8106500366503466,0.6350995524381127,0.7853045748148401,0.4071651361258003,0.5555863176843442,0.751185618156708,0.6314333849771583,0.6007308692597024,0.909550292257124,0.2607619745667185,0.6365644359149052,0.6903823734226612,0.6771277425260391,0.4634485047008999,0.4239817898031833,0.6306320115314954,0.7336264875953494,0.6834600240358409,0.11857642978107788,0.5989839716424801,0.7686832256684807,0.7193312020478313,0.7644399801209558,0.46925568631211917,0.7235594650675164,0.6372147623645236,0.8152521280399992,0.6717015186293709,0.30693931050393797,-0.24015977099038768,0.14599568260283052,0.7405810217599376,0.11291153851194426,0.1725337206430699,0.7158710491202984,-0.002012438120825759,0.007594729756684847,0.660603316375763,0.7657796906301712,0.7592921022155733,0.30009748516105755,0.7266863043768638,0.6785474055738722,0.4305973561771571,0.7466028500919892,0.6836632863289939,0.5912122123799441,0.7793311140578901,0.782345835139604,0.739444760041926,0.6725751571346508,0.7852097118654744,0.7617887494671176,0.8606496141350389
IOTAUSDT,0.5974976437512445,0.23126434533829412,0.6266577680647645,0.6668046501823285,0.746668568810794,0.29371466138516505,0.5046912148582977,0.7165589431733442,0.40465683049955314,0.4489874137949872,0.19112777584263796,-0.12089297579700525,0.73865615467937,0.4823428454763492,0.3838684312079584,0.6008177379296081,0.3631099654912491,0.46127263926198664,0.4585673469618564,0.5269079486864273,0.7756861208094004,0.6862549252079883,0.22828321342115093,0.33748627332436226,0.4632152948253398,0.5588032051502717,0.5921254672871651,0.2386471247986411,0.4037342473260237,0.5623876991081452,0.41474931843026824,0.42652156819502557,0.6094597293603576,0.6358293839953246,0.5375555308368206,0.3631957888430829,0.5107006972352995,0.6301485811811289,0.36661342879977765,0.17285968207027724,0.5623230560861927,0.567181578717111,0.18020869406341322,0.22763798872761043,0.5383368456320052,0.5108565939310541,0.6513042827254152,0.45528178670643593,0.44455511296766764,0.29322572091234694,0.5795289144191839,0.45559691892615545,0.4415780208793427,-0.11781278599658815,0.5841829309936096,0.5098768198476927,0.611626440659765,0.6652684569724301,0.612371109265726,0.5646609181533168,0.12823963180075734,0.4131231524136648,0.12018093063611036,0.6141312572218177,0.657116266047923,0.4474091614863839,0.5639861600674728,0.11638369021464977,0.3978403541918998,0.6281928629068546,0.3893061678221338,0.6452472474408945,0.3161094317529893,0.44348563322488754,0.6796378711676252,1.0,0.10119319361205503,0.5513900199105536,0.266210085474557,0.5881997395962704,0.25229955766200574,0.29669460540672016,0.1254853599674673,0.5864106303236343,0.4542035575148059,0.47815500832860336,0.522641005295022,0.630066626870066,0.4272047337120404,0.2590492427687475,0.5321774284168534,0.6200060531027178,0.7332230213081138,0.6878511159086861,0.5913524289283141,0.6031235445865266,0.6798131812018187,0.5381720015907119,0.6145809996721509,0.5637002269027074,0.3641337451436151,0.04476694252396852,0.5310603023595262,0.612078105944225,0.6120721250930019,0.4618883426490163,0.6187306556231471,0.3656100297687253,0.23020382903793446,0.311655738087824,0.62863796504549,0.5939504935918657,0.7243090617846766,0.6706551121000115,0.11247924883484432,0.5679837795975816,0.5558974837152811,0.3778968051297706,0.5513345656345163,0.3894647251147302,0.6353884103585723,0.49808947731531633,0.6758325056288148,0.5584350338261157,0.4788454274300906,0.49141086376965726,0.5653209453422672,0.31824158578231654,0.7378160510623799,0.31064166598739645,0.811032853495741,0.65969848458587,0.27950712912516607,0.36637324276850197,0.4176890559816181,0.371354758875659,0.5535645812901363,0.6426805259732817,0.11774201623382892,0.48509367458233726,0.6368589920805136,0.730722943828275,0.653902409604387,0.19799879540172094,0.5415372393390062,0.37684801777223703,0.6597849155773641,0.5951173248857131,0.16451378531193225,-0.07487466691889283,0.23174240912457209,0.59618479730614,0.4576091863862763,0.519817592989294,0.5111964239251503,-0.14564340990842975,-0.19299518409577385,0.6003472364218644,0.5799541068198216,0.5622821078689645,0.2636614765417242,0.6230437379971476,0.5725779357268503,0.30567811178962967,0.5953893697959193,0.6257994109685018,0.4348867112068351,0.6205658536899507,0.6120933142043279,0.5100281153900368,0.37669925767097656,0.45361206376869784,0.7140176335598317,0.6227185232248191
IOTXUSDT,0.3957130627897514,0.14213495729759346,0.4078101017828402,0.32183195129333897,0.3106940870869578,-0.0693702128172392,0.2168297020061507,0.15248252647542138,0.1576362862643182,0.11279166598356831,0.19927516611582116,-0.16374317164000682,0.24787987996107008,0.3086736992039516,0.23268084012267928,0.326782587015967,0.23562207519956957,0.2701283119063697,0.4356377638081386,0.10708969348751156,0.2132236346918191,0.2884627416671324,0.24349153720394662,0.16589424592142338,-0.1277841519773993,0.3002014675523906,0.2697410267427975,0.2053906734418075,0.3149467155965303,-0.0017564157732795015,0.18306649317107623,0.34499930016323754,0.41761562571630106,0.44101002652359866,0.33408372748135157,0.29675588687386895,0.0955732410565739,0.1089004343505953,0.19986926333836139,0.3224855403020726,0.08207496705948843,0.23636514377990772,-0.08160231809938129,0.37089549901984004,0.2602774852422704,0.17133280551419283,0.35715895299105155,0.31456969438533183,-0.09499297344682413,0.41907741242163143,0.2621337331007207,0.3717794125977938,0.39695879322780697,-0.23442876917777977,0.32825437100015065,0.31041093144540144,0.38148451378545434,0.2212461547945877,0.24765323931869007,0.3945051059889323,0.1870297930913495,-0.06423657928813549,0.15417251141511412,0.29223169129939897,0.11894896129090102,0.22552323961534707,0.2301413842494598,0.09944214680532205,0.18277058226531462,0.283278258556719,0.21006908005800912,0.27252931332706876,0.3206553917484926,0.33186644252488373,0.29213802861280264,0.10119319361205503,1.0,0.06218966566020058,0.016091523384207586,0.38599790440211595,0.03234991276057121,-0.021978667851851357,-0.146404256698286,0.40701249585359034,0.3810502574072297,-0.07526092065221776,0.1531816313054075,0.3209537652365917,0.3256307881391218,0.30123457458671515,0.2895960820089674,0.3210950981303365,0.28656790526869086,0.2586980590753966,0.11436352696320762,0.3565586196752757,0.3202532362946712,0.35458978171491523,0.26652628433546033,0.19933093697258866,0.023960537244372526,0.1809614957342248,0.11557139341948332,0.26482384574222906,0.024006943032035922,0.00036720534054493216,0.4324429365316421,0.38185483843207413,0.1119032601996037,0.11367808484002237,0.38452175024979873,0.4177224887254611,0.38574613288093346,0.13685621604698467,0.11413965903699985,0.23928306624433746,0.04620974782348653,0.3449856842968506,0.31498228399268086,-0.03793166671247742,0.2649595636361386,-0.1542637982494177,0.10649426179253488,0.22424172300118123,0.23853225196831457,0.30282850742210277,0.29977899998985713,0.33562959868862635,0.36882407681532575,-0.15069817899142654,0.20576035404213486,0.2990039349501696,0.22756822417330116,0.03277643398344127,0.2548701872755874,0.11161935720760299,0.3901219111554103,0.13905514485476264,-0.19891822971608897,0.11417177523492056,0.3364416312968604,0.22343197483957264,0.282271767305028,0.05201691609696259,0.04252840224039778,0.17357785982617352,0.41082340761861086,0.2404654980523078,0.24148106511365042,-0.07687578800287088,0.2931405573080743,0.34102057843762007,0.0029257236824316232,0.13921925587410383,0.3814844380364638,-0.12278180861117484,0.11970916831947755,0.2630390934282048,0.40912658480302216,0.42958370740925494,0.03655020340038585,0.39277537634609205,0.4580455190352466,0.22351434455661084,0.2610044992741513,0.12780680538967332,0.12000815277285386,0.362143732932479,0.3747852865744888,0.1310874132463285,0.3493788069564495,0.39588382233105923,0.1666569424067854,0.09626288606108672
JASMYUSDT,0.7727665237186635,0.09138009310292713,0.7079740628077045,0.7608254136127923,0.7682883947367743,0.27685604491059923,0.4922330471612847,0.31291097043412586,0.49296405088760964,0.5314673275601134,0.2318555147087988,0.2049157538277679,0.7591513289066544,0.7396643621211161,0.6757001497822195,0.7131689859910378,0.4567133384355101,0.6639847765049142,0.7009224465721661,0.4733175005405855,0.5873386416829726,0.8215945519669101,0.45748463336094564,0.5670790772343158,0.5130377728424627,0.6366024268902649,0.5580034121694079,0.5033860111559637,0.5713147516222886,0.3544809766437228,0.4660948867436885,0.7115552958757458,0.7765675879930208,0.7583754817550264,0.7745891748743616,0.5889725520689743,0.3305580864168153,0.5422836800076513,0.43674611151449283,0.3234245911953869,0.6739871347683268,0.5344532815532578,-0.08647775916983719,0.5714876040647542,0.5488268286165716,0.6164294058355344,0.7450078674020628,0.6520671284401969,0.16830805865562146,0.2942319357304876,0.8348357419586477,0.6784622234895336,0.4938826715588218,-0.18684173027471768,0.8133482192765874,0.745465396443161,0.8087283658287627,0.6798113483481079,0.8465470481466696,0.7327415404258615,0.18929098183484425,0.556101257538188,0.17487311252367876,0.7270483016413359,0.3909494065557982,0.6812227019346053,0.7714744873187972,0.3417282175227806,0.5449784566022707,0.7601248129977761,0.5940791767665904,0.595926519313517,0.5188499405196914,0.8011992577945295,0.7513533151095757,0.5513900199105536,0.06218966566020058,1.0,0.7283620133325341,0.5526683348656241,0.166245967308835,0.5369140588017433,0.5311045826938009,0.7430084907305589,0.6435574366501486,0.3652466493643331,0.8012388167121736,0.7934176907923143,0.6717300213910967,0.23286443223368522,0.637431587055294,0.7837332902713874,0.627766839752458,0.7929085887007064,0.5779171177659415,0.7601643576305704,0.7148638023737991,0.6624499483231719,0.7652121192773168,0.5185141609026618,0.44959694526021404,0.20147412233549886,0.7237532580535581,0.47063030161555464,0.2929542972004651,0.1597110251118458,0.6338820999444191,0.6761332094625061,0.28325774202755244,0.4650060377990863,0.8157471477342093,0.6852493052857265,0.746226104823283,0.6850247849641871,0.18466746467335637,0.5611440984044971,0.6455115920567074,0.23555757791334103,0.7086837536287348,0.08963980531641606,0.5181099534122824,0.5855523821747558,0.6937834181057517,0.4260443418804642,0.6093520189844948,0.6672489946629291,0.6423481676784611,0.5773914804938547,0.7745658570243876,0.16880179240463086,0.5095728226549382,0.7561916136439765,0.4138792947597277,0.4423349958667013,0.5211322440121787,0.561396259754476,0.7772988981416036,0.7465023526994018,0.4128209299993003,0.6442974777474063,0.7973875576443303,0.6662634897241958,0.824935262159507,0.3392505854752935,0.6483914767694504,0.6283000375089346,0.806426747084852,0.4158562527968076,0.1376785044248411,-0.20456699511907322,0.23770070444188976,0.7101819363556182,0.3274744336245571,0.33502231544845007,0.6600167238039063,0.04664480647248081,0.0695566054937052,0.6224549458055062,0.6929731878894286,0.6891808549694575,0.3945048261577095,0.687382855264358,0.5932837033158217,0.443190731245098,0.7074520248651541,0.6706229943170366,0.6008152555321791,0.7739935949090009,0.6857767542696108,0.7571071885281261,0.6216133079050573,0.6970076041711664,0.7696027723155997,0.7930665211225948
JTOUSDT,0.6272292359168737,0.13467052319394496,0.5754378502470318,0.44545147900398196,0.5767335547610254,0.11039077626669248,0.43360314755232077,0.08079505179009935,0.39556988072160465,0.39309235907237655,0.20280357773290408,0.15300659153373047,0.5035236107314394,0.685266525511986,0.6849349009673248,0.5977789454380418,0.17603115966409547,0.7134904627691507,0.4690999956544324,0.37317031298777564,0.44550371015932416,0.6709692689505865,0.4652278933482228,0.582697405342431,0.43580485890262216,0.5048634407021492,0.4443014544183426,0.446999316712679,0.35514363750775046,0.23960237390767147,0.4826095524482368,0.6307869700715536,0.5856225279433224,0.5314713010961868,0.6760681252079653,0.5419664501399872,0.2068745709559454,0.48817077393362124,0.21500594801359138,0.49588574613632724,0.4125037793344532,0.4610177720019557,-0.07622224744905558,0.5338101390667013,0.5277516575907697,0.5981324313177936,0.5807320715653028,0.42010541798063095,0.12404371186383807,0.1704352452678658,0.7282326733644733,0.5748823875463207,0.4196373093847204,-0.008041108991538195,0.7028089005905883,0.7014658800414553,0.5785221935731054,0.562145598768094,0.6604495539177623,0.6668510674984548,0.24136596890433654,0.1754485622367919,0.13931581983236246,0.5582153638609029,0.1856723872793897,0.454342195514012,0.6767786065896779,0.34361475816322434,0.3348961496902862,0.6405277261352781,0.5317461365336525,0.42621478945136565,0.4621745444982954,0.5850877603421548,0.5157301562448171,0.266210085474557,0.016091523384207586,0.7283620133325341,1.0,0.2834908208328935,0.08226322284303078,0.25228599979791766,0.35578800080867756,0.5181330908521441,0.6080104711382804,0.3510789834998128,0.5153389240053619,0.6080667394487195,0.5806790996288366,0.2908247845544204,0.5781270455881086,0.6900229549526722,0.46714821316556315,0.6071837367578385,0.5447320988014688,0.5804262651301338,0.4969476159528735,0.5095893630782147,0.5720834946637096,0.3941549875780018,0.34543751752476504,0.2676823506940916,0.4879977586617676,0.24594300129649113,0.1548617830885031,-0.03353940047796024,0.33167452105698186,0.5994784727315411,0.1952824177526248,0.11031556798753023,0.6357992049204299,0.43603980312293816,0.5324897339254038,0.5930913471422767,0.236659380246898,0.4411341686676259,0.40186542982014306,0.13793823574896882,0.5507506045997486,0.11451393459714733,0.34677300269065653,0.5158283929903309,0.5485058421996966,0.3530959568583266,0.639441028042625,0.5066913653842969,0.6379113621055987,0.40729955074465607,0.5990954516256758,0.09143743025026449,0.4038849821130646,0.6669284733736319,0.27869987395685775,0.44095274779226273,0.5166746017922307,0.5758673186414635,0.6852232046351366,0.5980431591872318,0.18858287687205144,0.6726004028100445,0.6458499257936073,0.43743781540977855,0.6275244537540087,0.34741745321900425,0.6278279346671025,0.6168584724350601,0.6131579157566817,0.4340335868118813,0.18309530378961933,-0.027784913184045395,0.2596939150275703,0.597808952107323,0.13048826134911157,0.356442156619969,0.49563015891908946,0.1027173066029459,0.06303150895219899,0.5483811811876995,0.5285871210845334,0.5269341812725429,0.4544197614636953,0.5311791220350793,0.45081105097337115,0.25803764711829147,0.6283554002581074,0.5888078767411937,0.6106093057984093,0.5630096949176241,0.594206702847883,0.6749511819615849,0.3926835527458228,0.4924500553340647,0.5713867099804157,0.7003521932680808
JUPUSDT,0.7158012605960091,-0.027053595794581588,0.702969631264119,0.7275781595604326,0.7195954889341402,0.24718191539325915,0.3083015636637241,0.5201627684202612,0.3942150337897336,0.43889389623553626,0.4858499625608076,-0.08477154180972075,0.6656670194828385,0.6761621729106286,0.39010718187088916,0.623346691660456,0.5142559493468918,0.5928777304530602,0.6778617333018718,0.4210107712544355,0.609146106186828,0.6849894537841438,0.3438777748684267,0.4224692040833025,0.3958104897450062,0.5323669771064058,0.5370538614169165,0.37347044203036045,0.3788120365331161,0.09692909549036324,0.46385926436584834,0.6400662344596691,0.711337947369569,0.773079003362535,0.6770460564030502,0.5681210134973049,0.5978625534520504,0.6686729786504845,0.5808713709827584,0.2585113663147939,0.6550083145061205,0.714772683060541,0.09888007609430033,0.49807054033662146,0.5818356050857963,0.5165153519874804,0.69156998295565,0.490225136013726,0.0973037459782156,0.24658968374641718,0.6260565472086509,0.5456203795250804,0.5712278415917384,-0.38955722008651406,0.6962204937469144,0.6635648850901019,0.6877866303584269,0.5156309867728189,0.5877677328475742,0.6666592717084466,0.22251259385337813,0.3185740722059568,0.23614662829563904,0.6820299082148646,0.6142859688612733,0.5528731001215094,0.5929641064110521,0.01940783665306713,0.2675104473213437,0.6382708311855976,0.4163206300992647,0.5618537356291278,0.5238259181433176,0.46020017080768594,0.7518785148866641,0.5881997395962704,0.38599790440211595,0.5526683348656241,0.2834908208328935,1.0,0.13544612647475976,0.4942415115377738,0.14291370915293566,0.6244200369246738,0.6221815911402703,0.4333700445657041,0.6686275420137687,0.708152586876794,0.6240791450733206,0.2863526642321854,0.6971335499804506,0.6896747422477025,0.6553640417429817,0.6671130340595426,0.6160082294374493,0.6888734908580152,0.7601319813507401,0.48766774457113704,0.6118244486335437,0.5944964580149539,0.26737379827378044,0.025514828200795734,0.6380276782142275,0.6642550197838385,0.5007997469665677,0.3631642301293527,0.8225068113154382,0.7042717903003111,0.11766729653307263,0.514892589485109,0.7230079563437443,0.6241574576873707,0.7627913418922736,0.47626269043548586,0.4062573128758668,0.5748427122645888,0.589767432874834,0.3034447840890361,0.5959586904383228,0.30034369405253913,0.6785296338888174,0.5550396705497486,0.5637983329899451,0.451223649381071,0.409208018196701,0.6055564183333783,0.5144142671449535,0.6350745683244708,0.7686599781336402,0.3444410978112804,0.4650282274622129,0.6536395306952046,0.5711363657146626,0.2978500559692969,0.3705075443527527,0.5117413872419438,0.7228068004521724,0.6164854452719544,0.1798518672966979,0.42423829382958905,0.7000326305079017,0.5199440105528786,0.7055097865194233,0.13987523401832477,0.5932976650070401,0.5450397670317275,0.6663104816395609,0.4926551039894378,0.28059464916474713,-0.15789315461942785,0.18253927702880987,0.6700157256730098,0.15892283516610917,0.0883719252418278,0.6273590301777185,0.21785038066620405,0.14591487183378882,0.6437892629544519,0.6837691956216202,0.6710834860564381,0.20433344801376263,0.6641974760945419,0.6495559706806123,0.3336025325782229,0.6409036076489989,0.5645185654418321,0.57596292218179,0.633978259090273,0.7062791344149719,0.6318998943732772,0.6114589701978869,0.7164982025578316,0.6703727016745984,0.6482909815732457
KAITOUSDT,0.2453520173403275,0.24732629733350692,0.33248827595727365,0.027689859971210172,0.20603583903136105,0.4422555434703737,0.002685266608449225,0.07751400029084868,0.13139405000343898,0.25498748166240576,-0.01522139377199567,-0.21329600951808705,0.029811073951957468,0.12980878089481934,0.14325843433964275,0.22169994689122258,0.23338492171735994,0.11445320896039297,0.0518186723771564,0.17298162186551858,0.2535404205068968,0.20762446169211082,-0.02805814500380205,0.09686895370482818,0.02915147814651511,0.16855300317773014,0.3217046029455094,0.17069437997259068,0.0944935893577188,-0.14371933053549898,0.2778867131488084,0.10188233287346396,0.25594726217611585,0.20695527123984678,0.34318809271553646,0.16766523942912598,0.20791991776578153,0.281873978050394,0.09994006588794158,-0.20459538543737987,0.21829269351660338,0.2535825804976501,0.2576818125057654,-0.09460331326442804,0.2622405235637861,0.14796577218720403,0.3309178547795668,-0.05876265025294064,-0.08771214594449091,0.26076297556480643,0.09395143586868031,0.13080441976320398,0.08693982490821703,-0.017369776021290414,0.16260290460566354,0.15644476542583372,0.30241881194337467,0.2602492177602338,0.22290010739024074,0.1341443649189603,0.23307139252843792,-0.03159273582129087,0.20354698520169498,0.14858549059703494,-0.022898451815325294,-0.027497584013533964,0.13008106824131613,0.18492866324477816,0.15677941275692947,0.30154801003111903,0.004833489821344402,-0.054679581293918374,-0.06471830332431418,-0.006173217773425901,0.03827320417258744,0.25229955766200574,0.03234991276057121,0.166245967308835,0.08226322284303078,0.13544612647475976,1.0,0.137034503440813,-0.03916987612658452,0.17631691656087972,0.09921513668574303,0.09226356997049384,0.1710811967636988,0.28461372153653947,0.14440291553851603,0.16561193907973254,0.12649324418590005,0.12017427779460513,0.13181326743766228,0.1480423487586044,0.14147388638923608,0.15714909960446086,0.18114863230588824,0.14191848656744196,0.2028485007985363,0.07056762291034555,0.41287804501458963,-0.24320527476570053,0.19568479524548588,0.239466916996851,-0.21651176900226457,0.27760776198545206,0.13875797848745083,0.22701052370679126,0.4137466014241377,-0.0360656167021679,0.22706981476747015,0.2553653450230423,0.1686973211038848,0.363910733192029,-0.017892340203045764,0.15077647765565244,0.20951914637485103,-0.0961521116913273,0.15677312243716757,0.1901993272344217,-0.0042731496594223635,0.3408817093810431,0.10778786629159741,0.3399796963511678,0.21134488115556932,0.3191889769665861,0.0616881824708768,0.014574394533031141,0.17132492712713407,-0.08854946008808125,0.08737016518376328,0.3562820589708248,0.04358080762395959,0.0995523561275856,0.12097361083900353,0.15491106264757168,0.25393169974104735,0.3217538955518761,0.29280768912998373,0.19402748134685244,0.20854268156119368,0.14103371288839398,0.22786296895775304,-0.030930844841327937,-0.08039706514928673,-0.24175705698813094,0.1471150487288553,0.1703684007310211,0.035940315726229126,-0.2002358246950258,0.07115659020280711,0.11977139561350936,0.285878098573617,0.15926106456242883,0.18519939761369364,-0.22046313812806678,-0.016722314429834705,0.1674723222173092,0.2126406922978557,0.1629526193197113,0.15998432174398175,0.307797745821881,0.19060716665492627,0.30505198428709185,0.16748042492615217,0.36009732647586695,0.2676188814273087,0.25750990217987146,0.2054992493753057,0.08560103619086486,0.04485654122235128,-0.046401843220508644,0.2568585991133494,0.21999434145493002
KAVAUSDT,0.38633529341738554,0.11544380861682227,0.34928061348148437,0.4142842613224463,0.4873313202656939,0.25935003412637997,0.17770267172379567,0.004215038457107886,0.3797817323635521,0.22129021799512885,0.2803547510675122,0.15439571332791374,0.4570977307528328,0.3616770118952311,0.27044216237942953,0.4123995678033301,0.4791327390522124,0.4059899491877251,0.40829102158400044,0.3357590512095981,0.3654119038990817,0.4861747418551863,0.04801465120177312,0.3966021076561608,0.4378179098395271,0.2421846433597011,0.37119579410595077,0.5733516080173426,0.10604868389421852,0.1273900568599377,0.00910550755736455,0.35377162403750845,0.3483579779160638,0.5368732751562227,0.39554192359496576,0.3386933632416885,0.16900429209180548,0.30671718292379424,0.522929042734748,0.04885978999056669,0.23400347342849465,0.4268317317226305,-0.07132272429980872,0.48857463228242265,0.3085781138939335,0.22376491455531872,0.4821633709664705,0.2471358516128877,0.09079195490605382,0.31285771297205345,0.4738284868430221,0.3239806900326296,0.3361612563760167,-0.3645228727131388,0.4356811714169067,0.41403852439531846,0.4275043454366915,0.2788871651096189,0.46063017549472374,0.394091365510127,0.3198182901877312,0.4356203287860545,0.3089467030641758,0.3714808320665272,0.3359699808927792,0.6355691408685732,0.2822347223108219,0.03925389843294314,0.2077463830931037,0.4241427613873792,0.17918906440328333,0.16721944441547598,0.19416274585869306,0.39964834135274546,0.42703951700263276,0.29669460540672016,-0.021978667851851357,0.5369140588017433,0.25228599979791766,0.4942415115377738,0.137034503440813,1.0,0.6466955676498021,0.2925584092571589,0.44390614951426444,0.34535773196042385,0.6591847136083386,0.4937659257981624,0.40166234267306994,0.352344657203657,0.40742218531667157,0.43268562972139096,0.48086642870223856,0.4834370053846952,0.33538515743530256,0.49766770294268514,0.4942809552656871,0.2511255240312469,0.2919511893129489,0.25984318824736835,0.16158375005836143,-0.24654202763456232,0.4370949297261984,0.23462808132676183,0.29845802299770763,0.25795489475682976,0.40936226407297055,0.46619333410366603,-0.14914216314623358,0.606448416592172,0.43956299706907537,0.31529950064218265,0.3630618084203365,0.27389541057945865,0.35282413716804334,0.2646435670314871,0.3857213211455942,-0.0006062225190984167,0.4337515029395313,0.007333467573051395,0.26718247291428093,0.5894793330588001,0.3441854380707564,0.047518150964137924,0.06774749333499064,0.29521289851795685,0.24704568033112598,0.5638002337042398,0.41016668810535917,0.2271580142239094,0.22459593166737496,0.36506841929806266,0.16560158383481824,0.12055131931897867,0.1998850739123449,0.2265701837646313,0.4279347612474692,0.47116091186167025,0.2440071285172486,0.2597265079551185,0.40528477249726214,0.370434917418243,0.466567846744002,0.1788510397303187,0.5801589809302458,0.43483428521460443,0.39548914053319545,0.17961251472693104,0.04994465194284098,-0.10635149012603715,-0.09337042495929442,0.37730404398652406,0.04200016048222513,0.06925234216157075,0.39555903281892835,0.18261141562717118,-0.15026230600173085,0.32322233006706635,0.43572597397905855,0.42053542493013596,0.11332450132439616,0.2788282443043024,0.260510018257236,0.2068689166124614,0.5424773922235666,0.3154990108152292,0.3112721857296459,0.3984624360526822,0.3477458930761133,0.3651356083939397,0.5485597958704208,0.4667910661474991,0.4323593359701995,0.47213186712108957
KNCUSDT,0.24310258570517523,-0.0031108516741902626,0.15720893096598998,0.3446148109558789,0.3817665404652437,0.045075357297821556,0.2534914927071084,-0.14322888407722148,0.27274536414563116,-0.0070023965211244155,0.012283049841136165,0.38066190473524464,0.44399470027553534,0.2113264182700673,0.28358775993042934,0.23857893337150543,0.262080253980053,0.16901891260327526,0.28203600892144526,0.14863090532142886,0.2116627847835856,0.36538137569773377,0.052044511627389316,0.3092640282173924,0.2972410500790191,0.25660407051548617,0.23434477370126378,0.5084457630312285,0.13227581181197773,0.14488235789815807,-0.001396710747937795,0.24590679215177147,0.23075860067738216,0.40831051797817186,0.1697633738162083,0.21768295691225745,0.1389906630176752,0.12418418227334295,0.2745760358443974,0.14134031943204636,0.09715760252517901,0.16895187968566977,-0.21963568276374834,0.23448866137184854,0.08666184318710496,0.14834625006077914,0.2856883229052163,0.28988317985044393,0.06630236056320346,0.21530105101584185,0.3343301358152482,0.21854090875811777,0.1486411788296381,-0.23445370333880303,0.3208814725622536,0.3731687312225657,0.26049354618930676,0.31669049521491116,0.3441788918882618,0.32623739334975177,0.013269843227818217,0.39947188780803594,0.09877088580939927,0.3913605819270688,0.3147429165284495,0.634630353322231,0.34561885156390215,0.27832635800566186,0.22730843575109919,0.3208864161730682,0.1915510804096729,0.21989194373892848,-0.006896696720830531,0.4430335960639622,0.23846060786115347,0.1254853599674673,-0.146404256698286,0.5311045826938009,0.35578800080867756,0.14291370915293566,-0.03916987612658452,0.6466955676498021,1.0,0.2115173377906874,0.22384383654227913,0.14731131205175438,0.5569972251042192,0.30514676127972823,0.140522175261874,0.25641759591432134,0.2132702580664035,0.35968059531566215,0.24360024401694522,0.3647709680032797,0.1441068767698752,0.1864666518356358,0.26939506276352015,0.18409570307224338,0.2933550330608612,0.22253210326341485,-0.02300734136985858,0.06108287188417417,0.4081220834428037,0.00293010045346655,0.15659061895227203,0.2070925073954722,0.1845814691750809,0.18504050876127487,0.01132281548464735,0.4109533382059626,0.3087928305586542,0.2626582620912291,0.25378713876768105,0.13889651888404198,0.16947639335025128,0.052725440099123735,0.20015082662386469,0.02401065594342167,0.28557949392760945,-0.07017657792352858,0.14809356683179625,0.3573130071052057,0.2605763341749581,0.02455302209514274,0.210493509082966,0.1450237434840099,0.12421803226890644,0.3258044082115828,0.2673262454286419,0.05626246651654706,0.17102359385658372,0.3701032392790304,-0.048694746013755806,0.16149937411494275,0.08583692025554461,0.18144891505942257,0.2807246594686949,0.3522073805927288,0.35164157683618935,0.3443820402880384,0.30424284422761155,0.27761614417239305,0.38711054361049535,0.05298975368616707,0.4335992601977007,0.3271769557697495,0.3395756619611769,0.09614359769623425,0.03830816398951998,-0.2008898923264219,0.12464381935385455,0.3033420071761198,-0.14279320143046703,0.1489070736466111,0.30379353763654643,0.07530520859769671,0.07955847933379531,0.2953834058000904,0.31346172935528116,0.25094211806259525,0.05679671922906295,0.16676624851519875,-0.06956406962430726,0.19964332763247078,0.38292124570675684,0.30395534284232895,0.24439976556298498,0.23574462318557415,0.21043254252979304,0.23459292795532632,0.34026873559094106,0.2372620453633722,0.33279135569810564,0.2742962889278838
KSMUSDT,0.7966051882384545,0.11532541238817896,0.8102153481760677,0.760704352663212,0.8005027043521403,0.3390894962206779,0.4807506198366117,0.36846779490160547,0.47153598202449554,0.43399074895808676,0.2313577269364799,0.021223680934597627,0.7032102502970202,0.6812406128503741,0.7133441310917472,0.7834509337003563,0.5583252118626322,0.6374278611039041,0.7224539054626749,0.43644761204266685,0.6060489578950394,0.8049864260787029,0.467292467552642,0.46500197864188164,0.38863295263239733,0.5737060385732146,0.6063843438313653,0.269808338650221,0.5976833448080192,0.4092469727063212,0.5223979074440748,0.6139756483909382,0.8480309730941518,0.8160595840168274,0.796224860485749,0.5484970303607191,0.44883955474018444,0.6024421254704736,0.3893523496857342,0.38643346286921626,0.5766544835722309,0.6743510345810942,0.07335284214545265,0.6117685246210627,0.5976996164448719,0.5489360369027824,0.8070157356441701,0.8552331631354685,0.12045941299927397,0.2865564289259572,0.7925487878644825,0.7756306223156916,0.6161938463615614,-0.10415149685154969,0.8778116821022205,0.7397980574046171,0.8860128027959173,0.7349780119238011,0.8354460942498868,0.8441191614471154,0.20095439928003372,0.5084431707741047,0.11803252867143031,0.7812095102541102,0.36560245914798134,0.5224865293861384,0.7185593616155583,0.1476656143627306,0.7230024382594915,0.8225552166199279,0.5255002932635218,0.5679000184159378,0.55200445465765,0.7532805237820448,0.7469267837226825,0.5864106303236343,0.40701249585359034,0.7430084907305589,0.5181330908521441,0.6244200369246738,0.17631691656087972,0.2925584092571589,0.2115173377906874,1.0,0.6255791629519051,0.258959588207444,0.6894326731920035,0.8173745154022662,0.713382450606656,0.2797814500406214,0.6350796670614127,0.7895477577585742,0.6506894009074172,0.7841022380775495,0.6218865094584433,0.7531142306749727,0.7979568046130288,0.739126876307042,0.7445900521145371,0.4998929726082714,0.4997417045777398,0.15354340175928616,0.6634108529051096,0.6447408022131254,0.14589964440123315,0.205831070612097,0.7513617187138043,0.6823084694080497,0.23351491652138,0.3763062467581318,0.8191357127399989,0.8723464591389333,0.8038509091312337,0.6515320295443106,0.1989230292946396,0.6103089327358623,0.5888145542300256,0.31330244755187675,0.7547385718331534,0.19920045142097528,0.512176765682352,0.4860251541290343,0.5944088535219679,0.4470464453485642,0.5008121027012775,0.7456396810954926,0.6438628477257634,0.5424634709240205,0.7743825213438728,0.16649780532110275,0.5674476069411051,0.7514784172150966,0.5096458007830029,0.4708221310733917,0.5652654529657688,0.6231619597753733,0.7880286040015129,0.6514289110197296,0.37159782438741956,0.5480991605338889,0.8073828943150639,0.7184814788033304,0.7190631164527115,0.173954504971161,0.46480929992591147,0.5991654296229935,0.8468291417672393,0.5500793244167103,0.10122434770176847,-0.26515109186223096,0.2363773433152273,0.7554033658580356,0.32017521420828127,0.42145015919480733,0.6291359103534618,-0.13785061175601693,0.12457103937975578,0.6942923278894606,0.7989853581230442,0.7947754445601578,0.35658300284894684,0.8293067850273584,0.7452674237335531,0.360255017920116,0.721749925024373,0.6415770108232602,0.42763411823325204,0.883764910757004,0.7259894186742586,0.6242867881431576,0.7890612476768771,0.8002289168796971,0.7564517156522963,0.7511975930637873
LAYERUSDT,0.8386883050415316,0.20321972589312984,0.6662730766918517,0.637173813554529,0.7404584654456112,0.19249158696419758,0.5830706813566553,0.3508677274900681,0.44022723130232905,0.4234084323502274,0.5292688753715382,0.07024570918018991,0.7165398981377473,0.8093243172585297,0.4555878492382206,0.633996260614726,0.485718326269652,0.7900114090713775,0.6914435678921245,0.598689265305533,0.6214170922200971,0.7710028734457751,0.6049582645534615,0.6927826650137763,0.47584339574339696,0.7146806806700762,0.587779395210658,0.5715452913983751,0.6662098589810767,0.3335715196259106,0.5637340246598481,0.7813823918467637,0.7945678613375642,0.7400087747569827,0.7687218742078291,0.6140950365577272,0.4521793344433281,0.5594577821619673,0.48552876264057426,0.47072383475823276,0.3135266716150839,0.6380904277901835,-0.19445834445938767,0.49352596609106014,0.566026146768309,0.6396749168739171,0.6788790878617414,0.5749326243491455,0.2292699857734754,0.1310367226132111,0.7925539496324405,0.6740753356517964,0.671087921490946,-0.2999101545610138,0.8204911271750771,0.7212631984913132,0.7862371683458053,0.5803430554037591,0.7412744238219476,0.7437194648449716,0.28365080146305643,0.23193622093943866,0.34762175141234164,0.606593973304997,0.2790225110123663,0.6146624047144075,0.6690953400494627,0.2597901444427014,0.48156387543221635,0.6435094581787519,0.6808133453286456,0.5801850451168652,0.602638730020191,0.6694225550744651,0.741407600162813,0.4542035575148059,0.3810502574072297,0.6435574366501486,0.6080104711382804,0.6221815911402703,0.09921513668574303,0.44390614951426444,0.22384383654227913,0.6255791629519051,1.0,0.5117658271396665,0.7103923826800927,0.7731676474785069,0.6074772734418346,0.47179808440066545,0.6656930504371981,0.7873667241270172,0.6040153768468033,0.7686523855146978,0.5905815905178491,0.7436233870147273,0.7230991907580995,0.6108239003360342,0.674750630355623,0.45562873301235224,0.398950886986699,0.3355695797263703,0.6105635628768977,0.41760037952136364,0.26439820181509377,0.11783618636151796,0.7082400293911001,0.801318691574589,0.3175147469172409,0.47255192608321916,0.7626835844994458,0.5851249574959626,0.7731923405700282,0.6355786917717623,0.3504398506529023,0.7716872146056692,0.5617568052257118,0.43581115563936546,0.6845054762939453,-0.036844931465790313,0.5669107102687304,0.5332987817668752,0.6179935905932114,0.31645328588408606,0.5880110022200739,0.6160118360856877,0.5789750703122251,0.7412380339394584,0.7818914786048945,0.2651852855355377,0.48593261760454465,0.6472663964786455,0.574964244567339,0.4695602536246977,0.48274285585288973,0.6567139094697029,0.747263869641183,0.7133897582083827,-0.020083710771330324,0.6200952259166526,0.7329580566690606,0.6765345059112725,0.7654611172615562,0.43862383571890584,0.7197550812155314,0.6519824893128645,0.747017124177529,0.47941703438537964,0.21650078561246214,0.023441855962873792,0.21625083648694546,0.6968549555646334,0.08910261390853391,0.17911224377939458,0.7134517225081211,0.09838714342178922,-0.06093432189200488,0.6526679947039848,0.619714724730161,0.6940111234905714,0.2921885882613458,0.6077585696370843,0.621291965733221,0.4041963944310744,0.7346599498701591,0.5152756947449281,0.6184292349386942,0.7478618312527381,0.6328128277974949,0.6122186214203071,0.5964835922832974,0.6843686843879148,0.7517547324844724,0.6910739118205549
LAZIOUSDT,0.4975916792466715,-0.045625773613527945,0.42893771822316196,0.3464008366880142,0.5330273501965763,0.3570757345280981,0.5220127073881696,0.28835895701958697,0.22606997812702376,0.5692148495889832,0.2769672674928517,-0.00885597788337287,0.43782597325871553,0.6203670335671668,0.1191514894637623,0.4707902960959126,0.31847148013767174,0.48818978858027917,0.4661719824192991,0.5128437237945156,0.45673498319685896,0.5065997569834753,0.498089315072824,0.4861113628613353,0.5402465076965194,0.5435259486638878,0.5117879633835619,0.2791368720812464,0.3097585594215065,0.19260773586779506,0.39173932929618566,0.5075526809022382,0.4743715688180451,0.4827844454193322,0.4776670802302166,0.35750895452769693,0.26323060114581753,0.6324605429861244,0.4112909452425949,0.3950095170652088,0.2233164695688947,0.5482682189007845,0.06591824103816116,0.28660494918070273,0.47089744142986173,0.4952910071441187,0.47850972951073917,0.2409899525045725,0.15918570647220462,0.05383952918748193,0.4022338103505064,0.37960650776469096,0.5908783654801194,-0.21451290738687553,0.39674083597443804,0.3967036712549187,0.43405390472005284,0.47666358514604157,0.44684898702352877,0.48041452383534633,-0.05835256977860493,0.1740544959519827,0.45400839320399516,0.33756714606068305,0.39292471860716566,0.4300867990334897,0.5106812919108473,0.2955460295656812,0.1809072780454232,0.4340084215590784,0.65932611852839,0.4412716087452558,0.4104555563608057,0.30550661981485416,0.4052507550478363,0.47815500832860336,-0.07526092065221776,0.3652466493643331,0.3510789834998128,0.4333700445657041,0.09226356997049384,0.34535773196042385,0.14731131205175438,0.258959588207444,0.5117658271396665,1.0,0.518107861086135,0.5026189362410146,0.3754912839619682,0.5588168102116454,0.3234261249798715,0.5314041438426588,0.5208920557402966,0.5265494139877405,0.443398378700477,0.4681094393226726,0.5660799242149145,0.33598614547338707,0.4659710608560901,0.3006490661498532,0.24641148620118722,0.34550522356164637,0.4474965948279266,0.36160851331194593,0.3680054606384925,0.3649785713820905,0.4559968764753102,0.3663182165031362,0.316644315014026,0.41996278705241485,0.5556932343736459,0.3660067453311878,0.4865366985201253,0.49793260385623966,0.15622286500874025,0.4432919624300238,0.5202661471122946,0.4312936111287309,0.5774178903494818,0.2909449244217288,0.370997968593557,0.5447211480941881,0.5013072764380019,0.5393921297517764,0.4633121720043417,0.2867818831294129,0.4188050951693454,0.41339161913303435,0.48235141813290305,0.4462362129705687,0.38731013550069643,0.41101788017239466,0.30236625561591984,0.26976431756546426,0.18523600931973297,0.32032881949275543,0.4272834346595234,0.5747719731857055,-0.04339456809282869,0.3305248379054158,0.5067449999158561,0.3564010056536902,0.5584924979375946,0.3424647341690026,0.4664973376488974,0.4153090839801155,0.511902064698539,0.2220176826427853,0.13304813977650035,0.24236242620845405,0.06861898541650065,0.43615304483452544,0.08245345839114374,0.1948483515692095,0.4558566597304646,-0.012036056699518604,-0.17867558626550628,0.43774549893115366,0.4896191453291397,0.3715194095023602,0.040095826297714736,0.3031861374095264,0.44694431880185065,0.13725506340512583,0.4780061714478169,0.5072737592173194,0.4791985093237293,0.36320388896388267,0.3300849391989333,0.3751514392731861,0.2506549026997932,0.3987094260570863,0.48819422752170355,0.4343951762272091
LDOUSDT,0.7899984591888696,0.021717552011008386,0.6995851970919666,0.7065672760727763,0.7776238868950354,0.20545257733510752,0.4620298721571227,0.2540937903255809,0.511131140881451,0.47961491195491135,0.2391220065066095,0.09186956588899685,0.801404415006969,0.6945332751995341,0.43849999093201353,0.7243511547498137,0.5680261832616182,0.6220760182515962,0.6609941923842668,0.4987521108544359,0.627923425878133,0.7955873055510162,0.4320124926038252,0.616898618123633,0.6087208328567664,0.5508278950038461,0.5283030213781312,0.5834775159163776,0.4376429955074483,0.32948074379411846,0.4002322834818619,0.7540985952621256,0.7618334204378869,0.8080856687184541,0.7362680222362237,0.6689971151781212,0.40670527655305844,0.5417173742837216,0.695465405471494,0.2602347596283808,0.45216690715415614,0.6910200996785366,-0.23394791553176905,0.6179904984889344,0.552638219427841,0.39971899464818395,0.7920467371071183,0.5627892826871952,0.2140427963428241,0.16933331406703278,0.7559786287678926,0.6580946466152936,0.690469573758954,-0.37424744922061876,0.7995388963207762,0.7431322159544865,0.8254228582403297,0.6410857087167653,0.6899995190304741,0.7916101101601062,0.16627267825554407,0.594734164185834,0.26963270003642725,0.6913917947744251,0.4090698183638364,0.6773467518339832,0.721046921558328,0.26756615377854776,0.5008196895438132,0.7169116971531451,0.5341489945726825,0.44527316813462114,0.5835126501845342,0.7224187744340829,0.6788772490874376,0.522641005295022,0.1531816313054075,0.8012388167121736,0.5153389240053619,0.6686275420137687,0.1710811967636988,0.6591847136083386,0.5569972251042192,0.6894326731920035,0.7103923826800927,0.518107861086135,1.0,0.8001543587014144,0.6991422794551806,0.30629610821461417,0.532404091625066,0.7777771623605217,0.6138609462936478,0.7541016487236802,0.4436707353707419,0.7380188924735597,0.7533114592887051,0.5394414461945728,0.7294002593131248,0.5163235596363335,0.30997623091800935,0.11259610768537351,0.8061007617818559,0.3732617788237903,0.2449802961219506,0.327002178917961,0.7327130715586737,0.7066019212327408,0.24877532932228233,0.6188718988449373,0.8169850460109576,0.7346508478759085,0.7664858520214453,0.6187787929869667,0.22937023096981243,0.47350326924017716,0.6325108632695432,0.2849304004789175,0.7312569242975702,0.06526848121357154,0.5201513997099146,0.5914862005606687,0.5004449977696327,0.3892451717552746,0.46575401289033913,0.543868886753217,0.5816019295593786,0.7207079176677369,0.7309882897773146,0.40219481489935893,0.475952652790476,0.7489146045050201,0.4850327302562891,0.4161015415482406,0.5075251733731595,0.5326951312179858,0.7479436498813034,0.716452946389951,0.3916075920814219,0.5064156119972888,0.7640583634509157,0.7417000635364147,0.827322728901276,0.10302608206486787,0.6220999610995724,0.5793323469705026,0.7560933422776059,0.4571286064433465,0.22222446445110403,-0.14432307293586366,0.2547699693209656,0.6669955252997409,0.039095275179584985,0.19673399579178533,0.8244811851656079,0.023696239483784954,0.035185868194159274,0.6764861039843528,0.746328136535174,0.59775608356142,0.23009916512777384,0.6014933324687662,0.5889318106415404,0.3633456804389797,0.7177248888128783,0.6910844325921817,0.6007751065597037,0.7660215199628997,0.6254391390770532,0.6008093823735434,0.6626389442978159,0.7453667099575442,0.7587483955564884,0.7149703441953441
LINKUSDT,0.9444894986464837,0.17428117622957537,0.9078829055479544,0.7670580373141307,0.9132123473018993,0.29475113688083915,0.5035442824713081,0.3763723540749312,0.5328069842836355,0.5427263104685685,0.37029429505572403,-0.022036028282346753,0.784291949813737,0.7710979415266078,0.6694874397078834,0.783412545077417,0.6634417369773031,0.7736125819681003,0.6926987008948297,0.6573994865592392,0.8072347644429712,0.9471085074164696,0.5060512150487961,0.6673257382597944,0.5992388893182571,0.6233707797291267,0.7849656399437521,0.43378416577712475,0.4925713673028151,0.40574208431579006,0.5523655985803438,0.8736778916538745,0.9157707522749321,0.8908802898898813,0.9278255824796658,0.7595567617031348,0.5359794124939979,0.722542425552397,0.4899735780866633,0.3413658267113055,0.5479407203144567,0.8394786064872777,-0.12445710220639908,0.580989289412402,0.6766192202779272,0.5564681227787751,0.8939256070715533,0.6144781098162816,0.21451070857753707,0.37642438114855026,0.8733899823313539,0.8707645356602511,0.7624716849057996,-0.3195292163299302,0.9097938936956811,0.8202804933786412,0.9365060547443376,0.7805065556101437,0.874057995909356,0.8753687788747729,0.19659120176717587,0.4067483429921224,0.288999183910148,0.7808993103192745,0.4748734888663563,0.7116395914192041,0.7912472421665445,0.24228225629650693,0.5098895762432212,0.8657994643138979,0.5737414231678418,0.5583646590858735,0.5001693266907146,0.7017982867278083,0.81740015956205,0.630066626870066,0.3209537652365917,0.7934176907923143,0.6080667394487195,0.708152586876794,0.28461372153653947,0.4937659257981624,0.30514676127972823,0.8173745154022662,0.7731676474785069,0.5026189362410146,0.8001543587014144,1.0,0.7340742019025989,0.3867809009358375,0.7605797272284271,0.8993089476834246,0.6757541400254825,0.8625844036207165,0.6078965442710915,0.8440388887471959,0.8436355864860536,0.6658285135575627,0.7903288650966039,0.6585350244240517,0.47467393149040293,0.10613192292729266,0.7676897104116176,0.5807082661750349,0.271539005673621,0.3437079713727728,0.8257505751546901,0.8371059934291454,0.23307523554263276,0.4893391148700912,0.9379661531491265,0.7617363561613464,0.8874119261804746,0.7583437819455225,0.2776594118364481,0.6452342066880117,0.6800353037666517,0.28660228049885406,0.7851645870080434,0.21637962032781713,0.6583245939558243,0.6871760331472058,0.7735481407797841,0.5872723296609238,0.6106632641971058,0.692575914905372,0.7113540710690119,0.6596569214558501,0.8920294547236755,0.2880549001885138,0.7167483190157644,0.835499913217421,0.5233816184153155,0.4723193379413495,0.5318249673321902,0.6697892551084044,0.9082796408171688,0.8409178191280668,0.24234963047770927,0.6417376236823199,0.907702050984962,0.8175179018646133,0.9022564325036101,0.3454785814767708,0.6386157127467468,0.6907412189789406,0.8965876318033624,0.5751017297628199,0.32219438334186423,-0.08480208040687158,0.2657338819639212,0.7992267194055851,0.13220319784731835,0.41701073190455223,0.8619551665461702,-0.05537268313212196,-0.01500366491310761,0.7448446101688349,0.8972855283673083,0.7738804583566525,0.38388823634821895,0.7789061184465468,0.7476458603528651,0.5190058670051344,0.8437466840263135,0.7969037595723888,0.6022894084994603,0.893973017175069,0.8145503329221818,0.6790755268375518,0.7204750400170628,0.826539942404978,0.8315860427360022,0.8556601217099161
LPTUSDT,0.7161692712047533,0.07136370551299707,0.814061931543089,0.658031780461278,0.6136309154430888,0.14321475060141617,0.3401936391370334,0.29210172381460703,0.4249444257453603,0.4116596527902105,0.308186940071992,-0.09038181427845629,0.5672600895165878,0.6831553790424578,0.5961073796046247,0.7893330327955991,0.4306524138477445,0.6735296920453717,0.5499228650130078,0.3959624859074494,0.6035951851968804,0.6514528035685736,0.5754852142971555,0.5565798969106894,0.39786939477111927,0.4385634340406121,0.5366277186625366,0.38252037652341203,0.373688479946911,0.148100906247361,0.45358716757824163,0.672762500205181,0.7383097382012753,0.6839112040056408,0.7644847022322308,0.5678249124738252,0.4114960710881231,0.5609164041450436,0.39180795011674835,0.3986717547690464,0.5564023612707437,0.5236419715582242,-0.1177773224197456,0.8442724317066694,0.6220691674328265,0.4878397136882919,0.7194291235971781,0.503730906443197,-0.02416248902853614,0.26590528771199273,0.7144689044586072,0.6643763254683912,0.6198992690159608,-0.28120416908111884,0.738732105379971,0.6374037000823001,0.7751680065858655,0.5090786304246213,0.6635998335789474,0.7453930721831159,0.21212369673312792,0.35759890803240385,0.2599913463730094,0.5966611108794371,0.23276028706898888,0.466860765364681,0.5965792612916695,0.15290223791265672,0.4459071095347304,0.6416004831046077,0.4046788198856611,0.38994035166407925,0.7996299511000017,0.5767773033394272,0.6826125923118731,0.4272047337120404,0.3256307881391218,0.6717300213910967,0.5806790996288366,0.6240791450733206,0.14440291553851603,0.40166234267306994,0.140522175261874,0.713382450606656,0.6074772734418346,0.3754912839619682,0.6991422794551806,0.7340742019025989,1.0,0.34699503047251024,0.5774106345969389,0.7119331287061829,0.6072742073917301,0.5271675193978785,0.4535636636633626,0.868581356883728,0.7351063263154989,0.5120981590216551,0.6309595217480964,0.5019556879558006,0.3974428969377547,0.04874595261298448,0.6502010748882235,0.5159728090660165,0.13181200842062488,0.052616934005423936,0.6396443484073736,0.7067633741415918,0.1269822087971618,0.3043699338338251,0.7483995305781668,0.6458606138833768,0.6359952518982088,0.49021417627980524,0.19191695317448407,0.5005582155224209,0.5138391455746982,0.3572693706660112,0.6243049859766582,0.2575242295216362,0.4821904694876326,0.5061800597919526,0.4112356773160905,0.32833682143154214,0.4350238742085601,0.6202118150957178,0.6794753061766704,0.5217726765985116,0.6459784130013839,0.1597019861035543,0.4395031901228465,0.6226108764829581,0.4659873632151926,0.3701922661395654,0.4539483037753994,0.5589887847104849,0.7320176653022258,0.5944510488741132,0.26617809104558,0.5631121265938909,0.6677169635569281,0.5406047103427116,0.6920234610133822,0.2907546232857269,0.49659455935510877,0.4367157353213808,0.6852024568417551,0.4473562520441753,0.20742809091475578,-0.21026110851302254,0.16499282503251733,0.6091829889991102,0.11117214590332815,0.1876103287901648,0.6702924378300804,-0.08919126470705444,-0.04061576513103237,0.5025849351382881,0.6765848097521259,0.6160971249437583,0.30830870606285155,0.5411364852061825,0.6275872287352712,0.10237603032591522,0.570219365124402,0.5540561243450336,0.446854104740639,0.7222284156889399,0.6505409860327088,0.6717879336139017,0.5015231442805265,0.8014854563837444,0.6171324772351073,0.7392084092385426
LRCUSDT,0.42436866115038635,0.24522465430894905,0.3406013021840229,0.32629791800514335,0.44930130963850207,0.12109633046212363,0.4940251554054199,0.16438895110262508,0.03900979595151216,0.3399567714585385,0.42901356648387506,-0.19983901569527351,0.36719066564004343,0.41086433512415704,0.2940126663279974,0.4041710803749505,0.4479502727354482,0.32563402599002805,0.4268023396955359,0.3196336498665741,0.2916156791008077,0.3857331917203017,0.3602275626096485,0.5043969131882661,0.2702887617550297,0.46422819902728074,0.4805152943649098,0.3847457158568641,0.30107406052241936,-0.00734346596209576,0.16448356270110095,0.3188281084664598,0.418708262379746,0.5285253576964912,0.41383649624262026,0.19865256961415168,0.23678899760816957,0.2340162105611222,0.32930644674839277,0.485281485285484,0.1169502642457517,0.30789763634522693,0.07903636670875147,0.3162178251826833,0.5148598424129758,0.45389432345150776,0.47700089080047625,0.3113853347708498,-0.10936600261239604,0.4159239276505167,0.377874630339727,0.38718238866135835,0.4050111382139598,-0.26406619006281845,0.38590903936603266,0.37389947318278055,0.39642204480262416,0.456696411477936,0.3981822442717366,0.41651713712042443,0.15012630353112616,-0.011806748603287625,0.6404985834705079,0.27021061549817804,0.25294203718455166,0.5171585858096235,0.37241787179673064,0.27920384584543556,0.2855757843387882,0.456887746975568,0.44112817516014374,0.30195401791600823,0.2471884993291479,0.32852127758827526,0.31239239580005346,0.2590492427687475,0.30123457458671515,0.23286443223368522,0.2908247845544204,0.2863526642321854,0.16561193907973254,0.352344657203657,0.25641759591432134,0.2797814500406214,0.47179808440066545,0.5588168102116454,0.30629610821461417,0.3867809009358375,0.34699503047251024,1.0,0.3981738287846652,0.49242170459134177,0.49088319215735704,0.35193488257366656,0.3577388325669321,0.3283168798349483,0.49470578856625863,0.43968650827062866,0.41542907300781373,0.2158844047526215,0.18534673503005333,0.1521189236923197,0.38497428128957994,0.36995109467899506,0.1340214840623201,0.10742973883303986,0.3358827573449792,0.32017577840057543,0.22416110201776213,0.3520288935364541,0.38144081547170666,0.36234947064746037,0.36776700029767695,0.228275373171978,0.32531706338288857,0.42514428182843,0.3012678527964624,0.3964558440498561,0.46344896864850654,0.005331089259024461,0.27027179594244644,0.3644584515836115,0.3855777064008424,0.3091355233551666,0.48728536747390006,0.45450036414051187,0.3035611602175027,0.456309719159851,0.3933737667066615,0.21183204694090646,0.3017273320903738,0.40137190636553133,0.16646881747558134,0.15355930520938466,-0.07603331426932061,0.25993333697021925,0.3870268137229375,0.5247395525689813,0.04665514740107014,0.20621354031840264,0.3336459926047971,0.26955829846505874,0.4247843596526541,0.28763887119010884,0.40208451648956256,0.24605801226747048,0.4702081517489689,0.20747282375718712,0.10892796343515258,0.031128289744344433,0.20633189599837792,0.3896313558129313,-0.004066372922266778,0.12585999053593697,0.2907359051255942,-0.07870555165886878,-0.006801578071417013,0.3571182328625118,0.47123481908614234,0.46794713236125285,-0.048725240298618605,0.37257951705055875,0.3559863769725518,0.22498311573035537,0.4311431526896878,0.33071625083876754,0.0970878739654282,0.3763990951658705,0.19559033435141815,0.0475509512621463,0.3163795770881574,0.3968364758061234,0.36607819328245705,0.3437755524044129
LSKUSDT,0.8060581353381304,0.08441680556781243,0.7186715767632822,0.721598046921926,0.7336531114321009,0.15829262820507248,0.4620941194286415,0.41637864603856856,0.543784752678984,0.35806026650438905,0.46608389815206225,-0.05443158688896787,0.6832535322123177,0.6692569564132687,0.6557979616263789,0.7017738206943369,0.5034503192471115,0.7180952524349262,0.6276156950338361,0.43782640752862473,0.729526648537546,0.7345033969500904,0.4353698569797485,0.5964720321978753,0.39162082466661535,0.6503257874510453,0.6709481390044963,0.4669206801282089,0.39095582275799357,0.3155355331360574,0.41462852137528144,0.710260737557796,0.7524263474560707,0.7090900526844849,0.7615407388590766,0.6779191477456907,0.5198036672294668,0.6093972818955496,0.35641019204444213,0.49076887547716963,0.6352306367873897,0.6647524757391582,-0.061429497312915964,0.41022864455941815,0.6626242262621125,0.6565396618348804,0.657894519415573,0.47897171615893547,0.20926985455579356,0.3696992086237704,0.837230869176068,0.707590783226655,0.5137078683004436,-0.06119284305540029,0.7753639861628833,0.7260595646596977,0.7302671880404408,0.6226734480485819,0.6693248229994101,0.61486006672312,0.21088011264715734,0.42136041534800034,0.17610134271909084,0.7748192170342972,0.5479991383845499,0.675954419424362,0.6040122572695672,0.07001161582960932,0.2419185000829016,0.7239341845634604,0.44307320400030265,0.7067112422271565,0.39495708840508187,0.574835175310691,0.8096976498174782,0.5321774284168534,0.2895960820089674,0.637431587055294,0.5781270455881086,0.6971335499804506,0.12649324418590005,0.40742218531667157,0.2132702580664035,0.6350796670614127,0.6656930504371981,0.3234261249798715,0.532404091625066,0.7605797272284271,0.5774106345969389,0.3981738287846652,1.0,0.8061006399949248,0.7574101516738826,0.75126323199939,0.5853766536976149,0.6735768522265297,0.7272216610484392,0.5519926920780719,0.547952706831415,0.7485364735805619,0.4124921877526129,0.16400295215960886,0.5914490120160192,0.6599719150783815,0.3761156686732303,0.2594309512483503,0.7538927167370879,0.7439555002058539,0.1747594105966479,0.38072871837291594,0.7068171440699951,0.4841916964392884,0.6732906111341372,0.5241186982916625,0.5348211988311395,0.6606070446283898,0.6446648389005861,0.079312865308598,0.47007719470385234,0.1864464059226093,0.7493328318635937,0.6774740329594396,0.7470240404377767,0.3373560615627885,0.5654130151157486,0.7101051630662275,0.5434582813847879,0.6868092415354756,0.8391852716515853,0.2658457435578947,0.5690520853156675,0.6688121269039418,0.4921109130061194,0.36940940442048475,0.41798727493948173,0.61231924040741,0.7717466627541383,0.6586857283469849,0.22601114407221343,0.5480216030178312,0.6996793216944944,0.6214578111683764,0.7472911784602476,0.3904895724257763,0.7795709864316552,0.6386370804467464,0.7352032801325363,0.7199233630235382,0.33871912035748636,-0.01720711910338073,0.040195552647251644,0.818546579615326,0.0547779614217028,0.24740542847909816,0.6323647393970023,0.10088780821301073,-0.019426687365388207,0.6698683942184626,0.7151814031960806,0.7822431762160051,0.477792478315365,0.7111418967827529,0.5771594747980432,0.3145382560314086,0.7600719982396053,0.6244819970845367,0.44440845705995485,0.6843682427722901,0.7684362261652515,0.6743848115470097,0.6379314138915547,0.6853024304778523,0.6976792730254573,0.7704261041340904
LTCUSDT,0.9031666663004462,0.11611603413672165,0.8449903337818059,0.8597687225680232,0.920663995087296,0.14221613955619644,0.6582307144921525,0.42715440869257565,0.5265523524668685,0.483913779035457,0.32091382246059036,0.05215537165257114,0.8226675167908554,0.8126585956786267,0.7383188653187042,0.7959407736225624,0.5335113125336303,0.8151845999890512,0.7560274464081956,0.5920221244714774,0.7562566106137882,0.9222369283749718,0.5459358224555286,0.670794910056887,0.622418766198891,0.6391168431565675,0.7416320346586308,0.5281410929073723,0.5561973987031484,0.34225051155379094,0.5008250695889921,0.8605091884100873,0.9000796451272705,0.8788972047962615,0.886185273961338,0.6830401593737485,0.5171219004402309,0.6763851439112979,0.5854371138024403,0.5657924321218224,0.5523680388020271,0.7780068704403578,-0.1406470210936814,0.5362184868719992,0.7309640223163584,0.6951333335674541,0.8956825133093675,0.6791220107143758,0.15854225375169753,0.3296192669821038,0.9109310320151891,0.8441614363927963,0.7179568644795669,-0.22479936366506809,0.9168574504547131,0.8991118717426866,0.896931612026416,0.8333414143973492,0.8633060667402745,0.8790033009173054,0.13681364990590905,0.3907086018043604,0.30722811524956045,0.8279386671121165,0.5696355034170644,0.723412578699554,0.7713391339217027,0.17449663795778983,0.5764600870650024,0.8734934076084946,0.6292311625152637,0.66686364507136,0.4927945794721773,0.7548072853630968,0.8313960707260689,0.6200060531027178,0.3210950981303365,0.7837332902713874,0.6900229549526722,0.6896747422477025,0.12017427779460513,0.43268562972139096,0.35968059531566215,0.7895477577585742,0.7873667241270172,0.5314041438426588,0.7777771623605217,0.8993089476834246,0.7119331287061829,0.49242170459134177,0.8061006399949248,1.0,0.7698492863372366,0.8553832463216434,0.6556094440566478,0.7627053972974823,0.8601992345618279,0.7007314935384056,0.7624037405968188,0.6394858808019535,0.37519545416033656,0.2504497418032653,0.7795930268749485,0.5920594859674645,0.3709895120198652,0.2433465599814566,0.8097534554002307,0.7573096242829367,0.2079513270398629,0.3658109866220641,0.892122514427543,0.8005330721923971,0.8634372160531183,0.7342004782645426,0.2966837940693705,0.6194904801729112,0.7248338743475344,0.2851475987201446,0.7457427675777614,0.24125877018919037,0.7092993182452392,0.6715254157280341,0.7513996953598449,0.5291584970874669,0.5909061446805737,0.6981063621036732,0.6689034696670147,0.7128938595552105,0.9304559114131895,0.37071029371509345,0.6526123477766472,0.8686292202115865,0.48315955187155984,0.4685461252467243,0.5175350071019248,0.7232644422102925,0.9214896426308223,0.8381834963692121,0.1723251973560261,0.6252884454358684,0.8624427974934513,0.7264145132530602,0.8828869601911582,0.31413773434293435,0.7275880271065738,0.705626491258951,0.918407994113865,0.6588238249471876,0.36039738446999314,-0.028715894227531926,0.2301439268199639,0.8331272134743647,0.17294195594861578,0.36847960997557466,0.8066097299418927,0.045669784764349075,0.141045991830753,0.8064439968236669,0.8554453813700175,0.7915962783153543,0.4398372160224661,0.7886057080748167,0.7047680281074762,0.46860890939722877,0.8523991475239021,0.8072280525346727,0.5508170166264199,0.8996900794700892,0.8274223007570395,0.7141645532294648,0.6694629252795683,0.8103238709452396,0.7998546389737144,0.8538944665046813
MAGICUSDT,0.7220525982260844,0.08430875107521263,0.697222433501776,0.7677307032311242,0.7605778143348753,0.15615840803640318,0.7154309302833207,0.5046217285070166,0.47308886049532795,0.4302094328300836,0.27958214909131507,-0.1067857788905527,0.7831322063626815,0.7002283129320006,0.527445105339493,0.8614658979234019,0.38514109244371186,0.680677224404821,0.6809661188805393,0.5692177748400271,0.7076374373483776,0.7539145587433234,0.38714541540624425,0.5389848610356918,0.4349811728177651,0.6173133128306644,0.6690777374766556,0.4879959190253396,0.38290216496048735,0.4696531555721094,0.22137513278500737,0.5979863858941469,0.7107353538183632,0.7508166400290565,0.7095011077544235,0.5079517410788632,0.40292331397869247,0.60239395555365,0.4876560710500083,0.5423587453332304,0.5398599900678707,0.6669812972630029,-0.0922277296368713,0.5076746509480815,0.7405037327402646,0.6262271041798396,0.735372501612968,0.5548395752457675,0.21193937997469578,0.3951693402508281,0.7619442054701014,0.6256846589582775,0.6285163012200887,0.11191552550513761,0.6834879285525319,0.6198499034261878,0.7337306387847645,0.6867703763631011,0.7035456306651687,0.7033322421261954,0.26983009411880393,0.5209789738273375,0.2499774018256734,0.7169263139584954,0.6347563095462213,0.5715566046919263,0.6001285250314001,0.16213130249631158,0.456160632485923,0.6786339197695641,0.5521552061586812,0.6497816099893806,0.5453317647417761,0.6175771253500086,0.7768167840190482,0.7332230213081138,0.28656790526869086,0.627766839752458,0.46714821316556315,0.6553640417429817,0.13181326743766228,0.48086642870223856,0.24360024401694522,0.6506894009074172,0.6040153768468033,0.5208920557402966,0.6138609462936478,0.6757541400254825,0.6072742073917301,0.49088319215735704,0.7574101516738826,0.7698492863372366,1.0,0.788308461839422,0.529023095081748,0.7147249639940348,0.7730531924409951,0.7128098111153307,0.6810388581909016,0.5923938557305133,0.3134191238980536,0.11860007656805778,0.6026409809427021,0.56218232907445,0.5125934547249203,0.314355357947621,0.7333623808194754,0.6377557368864878,0.09861408028569423,0.42923783066096344,0.7409368086565872,0.6493317069628962,0.7189718656446068,0.5457624695486437,0.2751766497777272,0.5422721482795071,0.6942415756608474,0.3221642404446371,0.6428674756337438,0.31859632237323426,0.6685041925378709,0.6496186230358251,0.7368601108634197,0.44633904402154456,0.5515048663111818,0.5920444656232714,0.6558372519583578,0.5416428816815689,0.8182332682748169,0.40375595341639126,0.6675273558603859,0.6748041969254479,0.48163298141407773,0.3735624056850937,0.47593175545973315,0.4600613219812057,0.6937986696390285,0.686237897275133,0.11477680332323958,0.4752783912952114,0.7040518928670716,0.6131413691990132,0.7217953247375912,0.289884407042064,0.7450563433638728,0.5579511558345562,0.7828882367968532,0.6702294400907014,0.19047800106879295,-0.12861518525343224,0.20889814740286974,0.7156152786087333,0.29171176405098775,0.29309596187102016,0.6352678401742069,-0.08111188613942935,-0.045305333056144405,0.6156716714588875,0.7211603228483794,0.7056472510138251,0.32541738656691555,0.7124345547551044,0.6591001579317254,0.09757568295547457,0.6974658272560148,0.6103491351991014,0.4490592999662099,0.675658676425897,0.717267889850879,0.646468178287383,0.655786840284704,0.7113080344499141,0.7231537799906237,0.6973997974126493
MANAUSDT,0.8729279755588917,0.11366219470710659,0.7614811811810979,0.7528571116288061,0.8990913571679406,0.3545990697403751,0.6089925873062267,0.46497432882792467,0.5084057409840759,0.5272455525493588,0.26731445686766303,0.05508908758972017,0.8123264965842315,0.78351551560194,0.5637742525733764,0.7618990021721118,0.5099514053095836,0.7247979385715002,0.7457522749284083,0.5777931395876291,0.7715099259775641,0.9373604800909071,0.403192399648138,0.6302130585784516,0.5504256031346567,0.6965617899188752,0.7352556045454106,0.47511238509622106,0.5909552327934535,0.5787058919415985,0.4648351219338557,0.7422876019619309,0.8482916207465139,0.846754330801752,0.80508228324455,0.6767821474323321,0.3923567668258912,0.6767394533495129,0.5363560384344219,0.4184762776093563,0.5067543752233397,0.7995511789310743,-0.052031496455982845,0.4486966708694541,0.6058765092266103,0.6821170580123443,0.8174930879418145,0.6780021574011088,0.3789664725583777,0.3318080550142878,0.8549233743967515,0.7205857767570589,0.6746992310596794,-0.09609142117233471,0.8554356523446605,0.8032612179423251,0.8515291465372673,0.7621050735603472,0.8268671660582235,0.8221224611881058,0.26985066233003757,0.5259437302062955,0.21077276575354453,0.7975358999043238,0.5764607386017897,0.6876636488718744,0.7796585241121639,0.3138034410566666,0.5518475844926959,0.8069057977629307,0.6454074543286628,0.6675120303595207,0.4477626856045466,0.7517762786535597,0.8266178255744282,0.6878511159086861,0.2586980590753966,0.7929085887007064,0.6071837367578385,0.6671130340595426,0.1480423487586044,0.4834370053846952,0.3647709680032797,0.7841022380775495,0.7686523855146978,0.5265494139877405,0.7541016487236802,0.8625844036207165,0.5271675193978785,0.35193488257366656,0.75126323199939,0.8553832463216434,0.788308461839422,1.0,0.6662001308853959,0.7059413128385631,0.7968570809659741,0.7627280455718781,0.7614936766330476,0.6117183087777047,0.4435654008924056,0.22060344782407587,0.6492194560053184,0.5551153713394111,0.4585107855838022,0.43826344761279995,0.766675520900441,0.7179674405597624,0.19073767201100894,0.5521064782758367,0.8521663960697876,0.7096279057951342,0.8568296345352029,0.7163331368278024,0.2878278122461619,0.6780277468161828,0.7560863494486457,0.2482565604404879,0.7332348885607592,0.10464023472778797,0.6811474216383017,0.681487260965518,0.8486096398491065,0.5250982371490307,0.6522903797886349,0.6950569068872282,0.6815377417463948,0.6686668123872489,0.9134390701355689,0.4075713548772368,0.6833301360941857,0.7749276463945057,0.526070362306193,0.49859442504569534,0.5560572444997894,0.6310621288000291,0.7941611145112983,0.7475101928752753,0.14372478036237996,0.632996955942456,0.8378727177194265,0.7722943289392165,0.8461375145190105,0.3587554493940738,0.748738483562676,0.7976916830379673,0.869634637011408,0.6249678076538686,0.24873738891931227,-0.09290973159446754,0.2675642464559117,0.7901232461167733,0.2726107420147594,0.41038613965593057,0.744857706610856,-0.036603244497785625,-0.07021478521836064,0.7888763576922109,0.8065730842723373,0.7657694321730104,0.3167867505446172,0.7668369734557473,0.7236305908054138,0.45186345902092007,0.8684049417958857,0.6895012119457106,0.6386317460321795,0.8109268725471933,0.7392339278108244,0.686050665355774,0.760667177723211,0.7480321936411299,0.8079320269723291,0.8065487703052744
MASKUSDT,0.5821642016245389,0.22976047196948396,0.5410348828065531,0.5447943661896503,0.6328791085909726,0.5069684547702821,0.3383283974222253,0.5208836730117798,0.41463662908703525,0.36122832303450964,0.41270400223080006,0.13406772991914398,0.5309026104334734,0.5682182936535943,0.4977810836259271,0.5103391536223192,0.4296170677114728,0.6135398670681013,0.588939086913981,0.35924288624783096,0.5183679012494653,0.6573498192974827,0.24584870666712538,0.2796868151182658,0.4361644590568283,0.51070104852565,0.36961742779690626,0.3085129279488718,0.5623506487697506,0.17331575944218597,0.6059673687699418,0.41966883381257414,0.6009841090947741,0.5745570840375402,0.6185300176203721,0.32284333916982594,0.44582587629904896,0.6356592199139071,0.2919349761099804,0.4194601752883067,0.48375678128791866,0.5235523205409573,0.4932654637998214,0.3639571231112477,0.45105514712150685,0.6238875722636075,0.632293740669423,0.4996823168135775,0.13023059956741195,0.09052437531827237,0.6595377215171063,0.4764456390380782,0.3088600332086702,-0.19492925372833544,0.6658292465784807,0.6515647298058642,0.558002192033369,0.5247047072759871,0.6795280313101343,0.5543019691102158,0.2778456696283331,0.21792722088866034,0.33659056278735017,0.6514306046385986,0.41764004364876955,0.5209048947486703,0.532198396374145,-0.04703693574231035,0.4299754026021277,0.6131774833073261,0.4951503665812221,0.5302969090637903,0.3228909081242313,0.4357102749213762,0.5675597606213075,0.5913524289283141,0.11436352696320762,0.5779171177659415,0.5447320988014688,0.6160082294374493,0.14147388638923608,0.33538515743530256,0.1441068767698752,0.6218865094584433,0.5905815905178491,0.443398378700477,0.4436707353707419,0.6078965442710915,0.4535636636633626,0.3577388325669321,0.5853766536976149,0.6556094440566478,0.529023095081748,0.6662001308853959,1.0,0.5410979192809452,0.6939593093273945,0.5127976307905492,0.4961610168703516,0.3876261103142594,0.4349214110928385,0.17704791877681084,0.42758021873031943,0.6619506841958464,0.3973804830238041,0.09042014155929712,0.5753271132403639,0.5082374846718634,0.11148452460271988,0.18341254251620667,0.5683343634170914,0.523562366224007,0.6149781361630526,0.529282277846894,0.3435549329572965,0.6769217882533101,0.5620706675775665,0.21018418994634278,0.48701273702254805,0.2163341774678789,0.48915410924965663,0.5455504654439044,0.5837445169974708,0.5221294076230105,0.41925430210388687,0.5865589835645288,0.4503635444582844,0.4223929984051888,0.6481074578844703,0.09862210172531553,0.4278917494377422,0.6172194525848199,0.3495809308063903,0.2899262469217988,0.3424499983499457,0.5647226691194416,0.6871129142461416,0.6314028331584168,0.13367536332044638,0.5801112850613361,0.6305755280372013,0.4045677468235679,0.6067967295100659,0.2108693005124143,0.5731828436509333,0.5171780375730672,0.6217525923889079,0.4124213851281593,0.2963450120021424,0.024136539992083685,0.08188337683389756,0.5588709939743275,0.49812844720169763,0.3634235354716796,0.32482707470436445,0.20510429749612397,0.015295022565863584,0.6160148466258004,0.4666285746662617,0.6683772026951703,0.37423220118225653,0.5402307946400019,0.4924948762578504,0.40217691405978484,0.6512374298604132,0.476361922496218,0.40872492537906707,0.6131795453276777,0.5885054863876473,0.5817292373562535,0.4683727142929424,0.5048974699312935,0.5933742630170419,0.6474070766732155
METISUSDT,0.828250349034675,0.27419585210285896,0.806728720668188,0.7227497139938602,0.7565416515901305,0.2851759905406252,0.47719220185831623,0.2815615653304379,0.5508251294449432,0.5382735991519221,0.3864873218036398,-0.05781606610122042,0.7314428125737293,0.7742387740819503,0.5741085884989618,0.8429784026050192,0.574006211713313,0.7515507750519761,0.6789999844902846,0.6032234055199274,0.7006857477564156,0.782954583156273,0.6772358492672619,0.5901565152622555,0.5112619002062749,0.6497754162229716,0.6202131771603177,0.4476489749770247,0.471952532111242,0.3329876179358028,0.5317599803454888,0.7553330020078358,0.8194816350721543,0.7856952466940218,0.8329851736303986,0.638586313470102,0.4665125801294835,0.7011401284162012,0.4568321831576726,0.4302285099881302,0.6455141040596063,0.6356805281844102,-0.12752694251980892,0.7919696971856437,0.6001172996794026,0.5373487936769888,0.7414855543485184,0.5848897888529622,0.11435440174382622,0.30298020830690836,0.7950754074653674,0.7176861365110457,0.7428718528413296,-0.22703198990896736,0.8133180093814785,0.633479004228766,0.8273617120234935,0.5903183502806056,0.7984603761565133,0.8019376029436535,0.24235843138300675,0.3772440621383667,0.3422154011930846,0.6891389094216492,0.3195807198508664,0.6004957528832292,0.6916660163273728,0.20640226713267776,0.4363358607890459,0.6906849860262213,0.6177023302464668,0.5782529251983388,0.7131201960066316,0.7139145370258746,0.7434048903843666,0.6031235445865266,0.3565586196752757,0.7601643576305704,0.5804262651301338,0.6888734908580152,0.15714909960446086,0.49766770294268514,0.1864666518356358,0.7531142306749727,0.7436233870147273,0.4681094393226726,0.7380188924735597,0.8440388887471959,0.868581356883728,0.3283168798349483,0.6735768522265297,0.7627053972974823,0.7147249639940348,0.7059413128385631,0.5410979192809452,1.0,0.8265369974703817,0.5989312341237152,0.7271302768971322,0.5435583375827999,0.45764824454421177,0.19954137894673954,0.6591900913650661,0.5867252085795736,0.2892228039742317,0.13875848522643802,0.7599270302442126,0.7728319176348246,0.23127758875287113,0.37547857300374005,0.872490745949405,0.6715559399456001,0.800518661692001,0.6781405136793428,0.2501241117125349,0.6390959547209033,0.5764525663669557,0.42839542807384406,0.7591368932435686,0.23869626197064867,0.4796012930005381,0.5729365233527718,0.618448779987108,0.4380226771348839,0.5492575328202627,0.6122122930098209,0.7799626383043362,0.5932894819251596,0.7682296516940957,0.24608821008682447,0.6261695146344138,0.6825338826095392,0.4195549808172905,0.4253688850976827,0.5696707777647482,0.5619245531156822,0.8057178810445644,0.7349592866418136,0.2167281428623993,0.6460494723378155,0.8399335905928453,0.708710522914752,0.814855268397517,0.4366088174132734,0.6071427319810816,0.6109100323593801,0.8318313583323423,0.48613407869674863,0.1830116600305797,-0.061594731081944416,0.16539845015001883,0.7274659099321604,0.24596898029668612,0.415190513916122,0.7482553319159679,-0.055758370526807356,-0.16032745763032613,0.5315073901997416,0.7240951204327661,0.6982122438420842,0.39722819297305945,0.6909218823040872,0.7440915912651273,0.19155954359149843,0.6774109589139982,0.604395425510357,0.5816650201559954,0.785676249109585,0.7517673341823486,0.7753181951574792,0.6309496825395694,0.7999031018531845,0.7543624031856081,0.7432891697363991
MEUSDT,0.8488505752364086,0.29422129284800574,0.8034800083436041,0.7654781520957233,0.887832243696137,0.38893179883952617,0.5417003927740736,0.4008147675400801,0.5024617197692169,0.5676202046091917,0.48746330232949775,0.07544279112043525,0.7623284752950847,0.7011882651774849,0.5411581150085178,0.8530703586931196,0.6719095202876127,0.7528282177831044,0.7588792909300891,0.6170191421052055,0.7145144229553374,0.8361217257613384,0.5230113222262959,0.6026390872873332,0.5038270880714046,0.6056162431198234,0.6231209400552952,0.39776356018716325,0.5011699408791823,0.36601587621370935,0.554684197344134,0.7028839730505512,0.8491142973372379,0.84347298397532,0.8381701223125616,0.589093107333829,0.5586205484633812,0.7022006511380934,0.5561514892077611,0.4585295120422307,0.6237977194243529,0.7385026914247321,0.0026908006100457684,0.6165325151364083,0.674538473725457,0.5869395516170143,0.8194623216941387,0.6946398953003615,0.17375190023766954,0.21807362613831685,0.7702622094638224,0.7251084386233211,0.7426074340415842,-0.1820135799732737,0.8487560607466991,0.7615830446453371,0.868252078618091,0.7502898563359639,0.7902722244727535,0.7869109305032301,0.07035106022705984,0.45227038236929173,0.46455146280648424,0.777550922413042,0.4921694827129869,0.7295127114634119,0.7179690500460294,0.14176812405990413,0.5329039469824371,0.7884267757879176,0.5922545859322498,0.611836685951803,0.49754738375219965,0.7174281802908653,0.7352968282144462,0.6798131812018187,0.3202532362946712,0.7148638023737991,0.4969476159528735,0.7601319813507401,0.18114863230588824,0.4942809552656871,0.26939506276352015,0.7979568046130288,0.7230991907580995,0.5660799242149145,0.7533114592887051,0.8436355864860536,0.7351063263154989,0.49470578856625863,0.7272216610484392,0.8601992345618279,0.7730531924409951,0.7968570809659741,0.6939593093273945,0.8265369974703817,1.0,0.6921869778823002,0.7592059887205965,0.5769507478113012,0.5455587167493179,0.16775873634753483,0.6724742274141184,0.6759246849340964,0.37146977056466546,0.28268864679522643,0.8448552520319016,0.6731002049662106,0.20080164736784165,0.38977379497282894,0.8535343571306403,0.733635617280116,0.8135107444809828,0.6147164309938649,0.43691357390946234,0.6468232273860564,0.695848562167377,0.46226568698029125,0.7621677309076857,0.3254234439583148,0.5695519524890567,0.6837385965720427,0.6824175535792366,0.4746003926888595,0.554992652973341,0.7061726019612767,0.6074338004848615,0.6854424855396029,0.8188587274503584,0.38090595598855237,0.6620269043285982,0.7422222115136208,0.38964096493988926,0.4141943744984516,0.4659167060871844,0.5509124326103094,0.8336060098939533,0.8240116331904914,0.20015470680475506,0.5485317301280678,0.7795217741764635,0.7016495586710613,0.8148988984327221,0.2130705640176106,0.6791357757466941,0.6489971125521832,0.8523653204711241,0.5964736434070458,0.251088894977918,0.1036407306507984,0.1872565966750869,0.8181886118742343,0.3000740439248676,0.4345419999275357,0.6882711240799294,-0.10613029347633465,-0.11629692811803946,0.7154487317411754,0.7807595334871726,0.8357246442390258,0.3595375259335284,0.7366668449437598,0.7414976353060185,0.2561035441954468,0.728221190326654,0.6680110069767381,0.47906147979598535,0.8453966940698368,0.7338340275852,0.6535687676238098,0.6696825525312181,0.7917903984816985,0.7547479233749989,0.7218259203702126
NEARUSDT,0.7143653221808007,0.2297144049530461,0.6825328583223089,0.6840163074924024,0.7440265104713851,0.15166506579439323,0.6623209359499331,0.4204757320908579,0.24914743606249362,0.4821154835130926,0.25338776083528775,0.002459442546263103,0.6959723082966558,0.6849511566578277,0.47803082576451117,0.7078615551019929,0.5066348025873217,0.5809771219201144,0.7609951377629462,0.5155259769856422,0.5098491323266653,0.7567487424243415,0.3322756604616408,0.6298375685197929,0.39057286778370165,0.5428563605631627,0.5744431015228847,0.33592774587616897,0.6086670585537088,0.3430121531315751,0.32599287549534667,0.5892948859831862,0.7343698353827632,0.7506932651408785,0.6961061812531742,0.5347056325178332,0.23075658543427813,0.4169952762162082,0.3386235826076074,0.34007490822513664,0.43718825886326895,0.6470156718922223,-0.026767238753000498,0.43791156981181467,0.5450276625326725,0.6171740030203161,0.7709866228514344,0.8108605012192548,0.23990389921506336,0.20647539968422157,0.7092212221789036,0.7036704849613916,0.6123677096711605,0.04241891420607138,0.7679314633187674,0.6918360288251051,0.7766557916792952,0.759908601734273,0.7770053388405415,0.7782962113209401,0.2511473567260601,0.351034723699465,0.3669279991817834,0.6168097388428839,0.4060561265029779,0.4732078426435094,0.7621912788213219,0.4469773268268247,0.7342491910756767,0.6805579885647429,0.6021212628980944,0.40856801037995844,0.4567044030741831,0.7587544778909072,0.6239202706236728,0.5381720015907119,0.35458978171491523,0.6624499483231719,0.5095893630782147,0.48766774457113704,0.14191848656744196,0.2511255240312469,0.18409570307224338,0.739126876307042,0.6108239003360342,0.33598614547338707,0.5394414461945728,0.6658285135575627,0.5120981590216551,0.43968650827062866,0.5519926920780719,0.7007314935384056,0.7128098111153307,0.7627280455718781,0.5127976307905492,0.5989312341237152,0.6921869778823002,1.0,0.8457897814701307,0.3957570313445163,0.33745228631228946,0.09407791529302365,0.5778161030509016,0.4851779882706972,0.3144642910263762,0.02507784811526105,0.6943882062863017,0.5978700518010907,0.21543162483340647,0.3715130071645703,0.7240632580383264,0.7465515953217705,0.7643577850165947,0.6126282131446236,0.22839669743810084,0.49102717319297434,0.6619073461468026,0.35391337709362886,0.7768580189145579,0.049244756449535264,0.43395350414067274,0.4232685527938461,0.7374629393801972,0.47392434169205366,0.6006423734965974,0.58749045605374,0.7297459655551718,0.4897737809892265,0.7596952766741254,0.3177982811435858,0.633867702159184,0.6591453759954734,0.4129602467416501,0.40754875729793083,0.5163126817449376,0.46184396290524493,0.677119509963992,0.661505012263153,0.028831290339984585,0.46392097888351513,0.7028739285370214,0.6019055429628954,0.7382851713915226,0.2577349767163892,0.6363211030834692,0.6287727532422349,0.788264031306626,0.4950716156155345,0.08813447669057459,-0.2448462590333626,0.5212890938081558,0.6204786750355721,0.4259299702860332,0.34465914203535564,0.5302140814587242,-0.08226079665750993,0.12754983057116104,0.736978386204529,0.7075189691164987,0.650482602465819,0.1703618685016625,0.7215576984841884,0.6761836951269448,0.29203627249434067,0.6671183262447964,0.46851087353956267,0.34776267355001733,0.7618775512560271,0.5893067227884261,0.5455038150691822,0.7142886326518367,0.7115934094450758,0.6927308260979693,0.6312516150508011
NEIROUSDT,0.8355484888183611,0.207557799430489,0.7612012748778698,0.7291083277743747,0.8080125091968826,0.1643135701240146,0.6896059492058751,0.39748260831986304,0.2804124942399378,0.5736577464613665,0.36565547619248023,0.00041509188084040824,0.8135106478573064,0.750507156124661,0.4954538250880223,0.7832613120508475,0.5064746420794316,0.6080452800187333,0.7165424853719123,0.6163648243665634,0.612670362435104,0.8374393755427842,0.484262671335083,0.7016118562428982,0.4898613924048744,0.6446387486089976,0.6105406604227307,0.3529631082023522,0.5380367357816689,0.3721213524896332,0.48518287423112877,0.7380206490689534,0.8112463419044694,0.8298675969918128,0.8039643155757654,0.6026920961495481,0.4394272427795964,0.51533263880277,0.45739382493570124,0.34137369627337316,0.5622902415382643,0.7009842732309481,-0.16164702299512587,0.5319028905661711,0.6234372173679397,0.542738678253784,0.7994713522265361,0.7204062885033925,0.16300192351601292,0.1939448783513485,0.7322146972675867,0.7486159324744643,0.7200689575239488,-0.13795001513923574,0.7973261114171865,0.6867864248214779,0.8430922822425093,0.784547046545841,0.8035204692553992,0.8575297849957013,0.13184411241720168,0.36547733283954875,0.37033701667087093,0.6802548919251032,0.4465113912924701,0.5227745924059055,0.8990502410563371,0.4873995550314312,0.5989498347535429,0.7583484198937825,0.6963431470497096,0.49070829601879595,0.5678291575346927,0.7541492324946816,0.6917775835253073,0.6145809996721509,0.26652628433546033,0.7652121192773168,0.5720834946637096,0.6118244486335437,0.2028485007985363,0.2919511893129489,0.2933550330608612,0.7445900521145371,0.674750630355623,0.4659710608560901,0.7294002593131248,0.7903288650966039,0.6309595217480964,0.41542907300781373,0.547952706831415,0.7624037405968188,0.6810388581909016,0.7614936766330476,0.4961610168703516,0.7271302768971322,0.7592059887205965,0.8457897814701307,1.0,0.5315076111620499,0.363689999008786,0.16324548988107432,0.7339160260929891,0.4182941810395214,0.3061713687611499,0.18260443148556438,0.7262502900586867,0.699960291323987,0.31840235184297827,0.4682033651580531,0.8460515974487942,0.7658927891821626,0.889426242888155,0.6637197966171393,0.1539934451466022,0.549802411285925,0.5876656702640127,0.5530167062874088,0.8445122576763775,0.15372991192270974,0.500750562684632,0.5332872910737485,0.7461820759079777,0.6097225507532306,0.7654430720118819,0.590679312790416,0.8015019076469223,0.49894875192600496,0.8044816209566956,0.38299121103897704,0.7179136359030023,0.8109275990730691,0.4876020084051709,0.5838550884927417,0.4537174904039833,0.5378446341330956,0.7729604691977191,0.8230547223290032,0.20284373308388237,0.5589459570872176,0.8339926167315582,0.7296889804683058,0.8349084626627249,0.24280836712379655,0.612620722758228,0.5955818845976824,0.8439064750921098,0.4509542001924647,0.1488891138534299,-0.20893009238541735,0.6628686877378223,0.6665455311629845,0.28182895633261884,0.34316035228546854,0.733479284348045,-0.08160280008239079,0.1457178210039738,0.6771468352949821,0.7706053737094669,0.6653871948539699,0.19213434720452374,0.7688174063550847,0.7483780742262262,0.3784262067467008,0.6622701745209978,0.6474907538799607,0.565110223647157,0.7865403266052985,0.6701293927557531,0.5850545998071003,0.6395231894798835,0.7467624377396846,0.8451328945366464,0.7013116754391266
NEOUSDT,0.6516931301796223,0.08641407355608213,0.6672093386151994,0.6592084067335885,0.6026167911893712,0.1443508318352758,0.35480330617853684,0.4412881421091846,0.3366958836733276,0.16218076979086757,0.26286674588619025,-0.14398271513751507,0.6947239723131131,0.4293137080516211,0.34342703096810556,0.5376595959567373,0.3653531822439425,0.47455140827103826,0.2934217183630034,0.2738470613059136,0.8331472651659961,0.6223060031450692,0.3113535518829956,0.40695111199992234,0.30778376274310043,0.5116539898598245,0.5168448620879955,0.30007277451598524,0.25224669359044455,0.3342742038961258,0.39790741720510014,0.6466029802285649,0.5208985328538329,0.5242761450834194,0.5692154784632675,0.6972930997649579,0.6477518002839209,0.5023887224627183,0.28657399251542254,0.3720072981676559,0.5722797191975749,0.5546675852035514,-0.13562413514238741,0.3747549979290108,0.5114511446584931,0.3540313372857325,0.5077731928524065,0.2764165160093902,0.2637323307644251,0.3071267054743049,0.7024365587267872,0.6337764869375992,0.3916257890972382,-0.19989332276126648,0.5673010540973611,0.529237433628302,0.5648376659014341,0.5354493989576363,0.4126668575278554,0.5196470725047762,0.0015540095201636384,0.3756927807977272,0.1109155818794932,0.555346334628898,0.7370590765512054,0.48270408910795276,0.6142883015688072,0.2662456205206892,0.023769954728078562,0.5433831190551478,0.3433068551482459,0.6485607611534032,0.3620527346731906,0.4993039018270486,0.6169300501137822,0.5637002269027074,0.19933093697258866,0.5185141609026618,0.3941549875780018,0.5944964580149539,0.07056762291034555,0.25984318824736835,0.22253210326341485,0.4998929726082714,0.45562873301235224,0.3006490661498532,0.5163235596363335,0.6585350244240517,0.5019556879558006,0.2158844047526215,0.7485364735805619,0.6394858808019535,0.5923938557305133,0.6117183087777047,0.3876261103142594,0.5435583375827999,0.5769507478113012,0.3957570313445163,0.5315076111620499,1.0,0.11588136590056244,0.17776412468845768,0.4677187770932607,0.4616890603129524,0.51826604232335,0.42268253853897264,0.5884387926413662,0.5196238840816662,0.2062595092978666,0.30419107671168644,0.5677374091683893,0.36411979804801897,0.5705591092138473,0.42247000431873843,0.31474634919025263,0.42980114277508386,0.5740792998222317,0.20139536661793578,0.3092195176224708,0.18919681818074255,0.8240608840895769,0.4411887225844577,0.5880513559076886,0.331834955025623,0.5529170614089051,0.417845369081005,0.5037274964005218,0.5454269504224326,0.6734354317253509,0.26974364909202114,0.608362072529582,0.604340294957822,0.4019107107901964,0.3196337502280046,0.32504744814563874,0.5176566392789735,0.6570349105964965,0.5218712624760469,0.30241084495837073,0.5002156087043257,0.5555265850255182,0.6495704371433065,0.6705184245972065,0.16102088197857156,0.5880806272929219,0.4490108010721173,0.5436411318641721,0.4218006447569902,0.1514248929262662,-0.06266877771848313,0.2949045303446228,0.6749718458383615,-0.013932583031529585,0.2729052369577785,0.6453363049304875,0.0047933158608398155,-0.04272135081761685,0.5950184321806883,0.630055954986503,0.5767962548523816,0.2539781894057263,0.4724881700396275,0.43109843113254115,0.15807348865230686,0.6575536546903179,0.5080528760142023,0.3016499886182168,0.5056148494169491,0.6158405350035058,0.4520080266781658,0.3612376030561782,0.6035459850000735,0.7238120525262981,0.5575091990578995
NMRUSDT,0.4985238667124472,0.2122530422234251,0.41007778495651354,0.20723008913292026,0.41574990319646715,0.5593979698765691,0.23286681874604978,0.2642569777843415,0.5658176103988103,0.6097106182396288,0.20119425787502426,0.15902195116156362,0.20827213032295824,0.4380852352185334,0.35502263329818656,0.5036019740649678,0.31509707692513395,0.4517292433687131,0.43600184686283316,0.3332388908033127,0.330770287709104,0.44310509119066316,0.3974406220403193,0.4155549122969129,0.2143304166514092,0.4069086010876074,0.3436019464074322,0.22385179586937404,0.41675634980085485,0.3329322089336763,0.6035324228603867,0.2854315562726033,0.5345843083210825,0.3380266060275729,0.5625758356864727,0.25074021396790636,0.10117343851428726,0.3455196329374526,0.0857921748006975,0.05653340955028747,0.40235454859678627,0.2930536657268515,0.26355269910588447,0.22009261564675395,0.329461868031979,0.45318838439322323,0.3960831197725308,0.363983753572427,0.09963593110220426,0.0483212101229865,0.4128661756803,0.31012835836222646,0.3137963491141343,-0.014281672324094417,0.449245509267314,0.33661124491104244,0.5322698832262837,0.3562154055069495,0.4682381062532962,0.3083419505501427,0.12612205438075078,0.27636443728989546,0.09561884243515947,0.4306075294208372,-0.11198473815750648,0.2785341298688693,0.38985235544902486,0.0643318889964124,0.3438093600975476,0.5401664733133806,0.3017232653080328,0.28503119282869543,0.20475805968327723,0.40583481680036365,0.40326801873364276,0.3641337451436151,0.023960537244372526,0.44959694526021404,0.34543751752476504,0.26737379827378044,0.41287804501458963,0.16158375005836143,-0.02300734136985858,0.4997417045777398,0.398950886986699,0.24641148620118722,0.30997623091800935,0.47467393149040293,0.3974428969377547,0.18534673503005333,0.4124921877526129,0.37519545416033656,0.3134191238980536,0.4435654008924056,0.4349214110928385,0.45764824454421177,0.5455587167493179,0.33745228631228946,0.363689999008786,0.11588136590056244,1.0,0.019079875673625162,0.3440415915800264,0.5391875215350778,-0.12535110260621993,0.1487503287414621,0.3960700458677385,0.37445469783704916,0.2570475006607279,0.1714763848783572,0.44865968374575005,0.31928184268302623,0.4209079867525321,0.4131574408069035,0.06038423680578929,0.5534186846562679,0.3817024616284164,0.2236755647481541,0.41820140223457664,0.24026635981757055,0.13296126685040963,0.5768612683460655,0.3372802151418263,0.333816897476977,0.3681989738997918,0.6083929142443988,0.26927269072886695,0.17961454291453613,0.40127518898669856,0.07872752439458515,0.29786020019309295,0.3329265393537213,0.22180227545165399,0.4708759436938145,0.36794194164910676,0.30238040952143913,0.3555892130775769,0.3368482519006872,0.10206462876037434,0.24426766385859258,0.4338608948003805,0.3794432506861882,0.33411695911177275,0.3138111351161725,0.2721154728164569,0.29414164277168386,0.4121378415694389,0.4498088745451018,0.13735492874826588,0.040234818601624645,-0.04176417698926534,0.492658316529068,0.31692508623812377,0.2871599974902021,0.2457543705675436,-0.13891975400873438,-0.285924077633148,0.27307773391727425,0.33888332667135246,0.5987905012083157,0.5109540454195493,0.43808092800346904,0.415191051474303,0.265377817446781,0.24318320532873325,0.29676130677137136,0.43423924200365066,0.4904087232587005,0.3539187181514252,0.3591984765289795,0.3288740930668394,0.28059908324437105,0.3926361644720304,0.4766147259924757
OGNUSDT,0.2187395199737128,-0.042612236625398134,0.029146847968785798,0.17180211820320465,0.10557933436797666,0.193326617991472,0.4098222123248124,0.03243903589148726,0.16094480966975108,0.07666022289785124,0.008971917095549878,0.18725819578021086,0.2200771195344607,0.34901882430418635,0.0851039611858149,0.14630106532650577,0.0053608897926758865,0.17904070889209586,0.29361511498603554,0.09942046883815776,0.11658398944366218,0.12078560727890729,0.6804509279008438,0.059715597149857594,0.0459941064977611,0.5980243114899453,0.09881304547078947,0.11840455808397063,0.5215860952953432,0.06559994156407024,0.38257112750039096,0.2672378545684069,0.22929150784703195,0.08418927726177745,0.13079723964631898,0.1165533868503986,0.18574287766355124,0.25130021602127783,0.05052799946196282,0.6365394211675666,0.12045480136519167,-0.07389539397139222,-0.08988475976912086,0.05947651560427346,0.011535754186364938,0.39446010794168856,-0.05446391086511468,0.21799564134396354,0.028795690052885323,-0.053441571526988224,0.2120341475045087,0.12260168791052456,0.1311814933166744,0.057765167692063635,0.14467990579281473,0.1373813620079683,0.10414996283435274,0.0787276238816532,0.18963260394169162,0.14970868706103027,-0.2153504748713541,0.04519032362516485,0.11645488156758028,0.23091493120705484,0.1127720641840507,0.1699985130446195,0.2521256663966532,0.28606333072086426,0.03076078267910033,-0.0007272486040837735,0.6912424749924558,0.6431453801933155,0.2833030903714983,0.32273158689696735,0.1275800826685799,0.04476694252396852,0.1809614957342248,0.20147412233549886,0.2676823506940916,0.025514828200795734,-0.24320527476570053,-0.24654202763456232,0.06108287188417417,0.15354340175928616,0.3355695797263703,0.34550522356164637,0.11259610768537351,0.10613192292729266,0.04874595261298448,0.1521189236923197,0.16400295215960886,0.2504497418032653,0.11860007656805778,0.22060344782407587,0.17704791877681084,0.19954137894673954,0.16775873634753483,0.09407791529302365,0.16324548988107432,0.17776412468845768,0.019079875673625162,1.0,0.013748789591363376,0.12597881352472223,0.13896228280850767,-0.001720453352524991,0.16190788807206175,0.05213462262582672,0.5706559777681285,-0.050075536983338206,0.20054299410885257,0.11140899317501303,0.1862029821610344,0.21393313677743991,0.009577747420620075,0.35740699801018727,0.14531317323600182,0.3887556670127001,0.10930067254650988,-0.07766871512848764,0.16129226124498108,-0.06070491530386634,0.1551747436023903,0.12797416079098767,0.3905616399057927,0.07550817462233235,0.10012169266256343,0.23378902072193616,0.18774011413466987,-0.039929060504349106,-0.012436933379406968,0.15499698077978974,0.05933555997489637,0.1544174414520616,0.10900922125956632,0.2517753824748689,0.1732354886311177,0.17777571756920157,0.016436097713874193,0.3758992372503219,0.23750942920398307,0.06822193054428977,0.2626058173033624,0.34658723853865503,0.08641244224233063,0.1816840200623093,0.3110825836558692,-0.03820699447809168,-0.007331495803013906,0.22592660213510252,-0.060138016911857786,0.2838774479760976,0.018696077962521002,0.15020899881265184,0.17626557896289677,-0.041396050684391374,0.021795510307357536,0.14591682439936962,0.030132101380690633,0.17534375282408443,0.15288114882851098,0.12059016852643335,0.07723624677402326,0.0021478117850633124,0.16556247889385475,0.09358526806754194,0.2206080875611633,0.07078298624827567,0.14888493643334952,0.24758521127271607,-0.03578402900337161,0.06638650119378792,0.18127410540170977,-0.017071358294418325
ONDOUSDT,0.7787184971611804,-0.017741843216161977,0.7026613776526093,0.7976938641120652,0.7574042462685644,-0.01700378204181187,0.5317086545118259,0.3726583154208082,0.46065467434652035,0.5641608471852247,0.29373204572440353,-0.0715501593102907,0.7698093877915754,0.7283557829574759,0.5402629115596133,0.6464191126360467,0.5816131246990538,0.6127940340093317,0.6622820063057616,0.5313491043592813,0.5454424016243953,0.7445783302313259,0.47648537396216045,0.6037890984657917,0.6034565682767636,0.5177711070125022,0.5813155084533933,0.5504196165014938,0.4280043600025912,0.22039825848145167,0.3613849475470582,0.7575487782769249,0.7942400440659925,0.8061677538910234,0.737790240972669,0.6153769982476793,0.4646280737063998,0.5357207385420326,0.5414808691427379,0.24552328442607022,0.5527397314484953,0.673853221802269,-0.1775566188793645,0.4300222911686404,0.5930618959704412,0.44574466774975513,0.7976915945032694,0.5886075103650251,0.0362805156314637,0.19345184579548305,0.7357958680239054,0.7173530064364517,0.6894806411748399,-0.3385412259742131,0.7825654571912547,0.6907898889403954,0.8058991145191345,0.7643244936616951,0.698633552963553,0.7605177840883368,0.12860559180329675,0.35964902494465245,0.24480689926065857,0.6802382862677658,0.3747506111967543,0.6519677542301435,0.6958983613504555,0.12180556317487903,0.5915812870717434,0.7575469135118617,0.4622491727579092,0.4141303719225163,0.49670966381227566,0.6608510601739982,0.715249293332886,0.5310603023595262,0.11557139341948332,0.7237532580535581,0.4879977586617676,0.6380276782142275,0.19568479524548588,0.4370949297261984,0.4081220834428037,0.6634108529051096,0.6105635628768977,0.4474965948279266,0.8061007617818559,0.7676897104116176,0.6502010748882235,0.38497428128957994,0.5914490120160192,0.7795930268749485,0.6026409809427021,0.6492194560053184,0.42758021873031943,0.6591900913650661,0.6724742274141184,0.5778161030509016,0.7339160260929891,0.4677187770932607,0.3440415915800264,0.013748789591363376,1.0,0.5624881128346743,0.1543363497064494,0.18608410232792325,0.7616397992333523,0.6975643197781618,0.2265483448855442,0.47249852589809627,0.8070641181142886,0.7722634840675731,0.7929573344875146,0.6248812986716561,0.11964189905063914,0.49120477078829233,0.6827377684151844,0.20640788877753538,0.7232737949383327,0.146515952995799,0.5117690264618654,0.5579538930520453,0.5788338059613485,0.5148955043649894,0.5117640924231333,0.629983573751796,0.6018152200635576,0.5618807710197088,0.7451907682783084,0.4077120182786245,0.5139877484809325,0.7058220626694315,0.5618801220089441,0.3892902871790404,0.42325246386565246,0.5240608948748159,0.7262788348926714,0.6848769362735511,0.3850411260387027,0.3749455716975195,0.7722811605556279,0.6870520207764705,0.7953027579438927,0.16410295076773707,0.5648116692685742,0.5087713311660842,0.7688204654324876,0.5639315023344806,0.3101043876643256,-0.239889691489316,0.2892504125335559,0.62306076742792,0.03943212922472622,0.14551471501218266,0.7744463312075106,0.2011306949665296,0.29243401673020586,0.6130854919457573,0.7509477516174434,0.5423400826773556,0.29477510069316765,0.704919850615851,0.5558631503283366,0.4556657844419602,0.5619203337202797,0.7521862702076979,0.5322360957751796,0.7706710044178573,0.602033046454557,0.5703065558327646,0.6195471637879474,0.7493689149930903,0.7178581374305919,0.7327757267435399
ONEUSDT,0.5805131476291071,0.10638278540475193,0.5962594740523893,0.6545819941085975,0.5906223619714068,0.4303192389628893,0.2799723716812453,0.5214089751302329,0.48833485129712095,0.5048660829316993,0.2870752908224683,-0.1532381204809058,0.4672392521318838,0.5833846540344997,0.43881934771306974,0.503550310935524,0.5586659674714539,0.45903948256790744,0.6226999509184362,0.24708519045564104,0.5560749478641746,0.5235456549590806,0.44488394890498717,0.3357743042488035,0.39064537033557123,0.5919868661251051,0.542452362815955,0.35823634844213065,0.5577672808600005,0.060657114951830925,0.5942025291597252,0.38941349436330197,0.6538954594934812,0.6075095528349213,0.5538607097360638,0.3575022850257442,0.4335734678574549,0.6694347504270204,0.2852159731397529,0.3163500733689558,0.7201921640428403,0.4832738884250465,0.45903334864171275,0.2918458396172383,0.3869761828643695,0.6375965875591665,0.5844374686872448,0.547574409143548,-0.04448091742589257,0.26720100838642225,0.5732721095536789,0.4730954110348618,0.394592477954349,-0.22492177110957076,0.6099081737480633,0.46921333210760263,0.5866066166290053,0.5778126909144264,0.559705136326443,0.49139580486099355,0.06564050173954378,0.194199275801505,0.26788179660668177,0.6020925075872683,0.3985840960662579,0.49534130314912195,0.4947040170041427,0.01879838720164916,0.4136007112786823,0.6178144974904339,0.39728288856100874,0.5917281295085884,0.3263098728105084,0.48399780614029275,0.5996680301755635,0.612078105944225,0.26482384574222906,0.47063030161555464,0.24594300129649113,0.6642550197838385,0.239466916996851,0.23462808132676183,0.00293010045346655,0.6447408022131254,0.41760037952136364,0.36160851331194593,0.3732617788237903,0.5807082661750349,0.5159728090660165,0.36995109467899506,0.6599719150783815,0.5920594859674645,0.56218232907445,0.5551153713394111,0.6619506841958464,0.5867252085795736,0.6759246849340964,0.4851779882706972,0.4182941810395214,0.4616890603129524,0.5391875215350778,0.12597881352472223,0.5624881128346743,1.0,0.2702206531466653,0.23133868598687113,0.7038828868824042,0.4469097323161114,0.29019154527931734,0.2008310965336449,0.5787367758794945,0.5585657517530643,0.6001085212354608,0.5388183466825259,0.2686348273382763,0.6048407807584216,0.6877303789851411,0.1479344853744144,0.46700900042349486,0.3578458348307506,0.4560623099306521,0.5041908804343482,0.5185518753687014,0.5006817902284625,0.38026379997709653,0.730286761120777,0.4725841353613946,0.43653456317613765,0.6386916330189361,0.23768844416106047,0.3969526573226054,0.4888332993569379,0.3522388378610443,0.22114799575735364,0.3603833440109575,0.4924983027329338,0.5612749065419326,0.45566478869765853,0.22947802314643284,0.3780657149932739,0.5899762840560341,0.44377631059474254,0.5840960496317128,0.3714887148602987,0.41613884208423024,0.36493770022143285,0.6283872307020307,0.5096178735021933,0.20518334974102984,-0.1231395584612373,-0.076460304161828,0.6509963392166361,0.37751385053014797,0.2978585087300918,0.33306888666747003,0.1375096407626004,0.016516876337564018,0.5062198953904053,0.5738694441382562,0.6782618165559972,0.3831851160988178,0.6237177777399059,0.5261626976378599,0.28068675702654083,0.4925888443669976,0.4465832720930749,0.2880724564856805,0.6232861931348042,0.5683861982647618,0.5718064768229613,0.4865455885077221,0.5513623557209522,0.5552840532514561,0.5979986216203715
ONGUSDT,0.21550829065545965,0.14658243228253884,0.26418037050754833,0.44767488172341835,0.43838529586973557,0.11542492872091904,0.35022712331730865,0.49877471862222245,0.13926634643608646,0.159055300666326,0.09637102978921029,0.022154119631306573,0.4817539795582516,0.2584124199548187,0.11894508853490152,0.2326169340016403,0.10937195338024457,0.2728114360269539,0.23645650453121914,0.32621219895213294,0.4984287645509359,0.42288563360329656,0.06979840915634902,0.1300705517618299,0.30047434877625684,0.26939122912071567,0.32760449343704484,0.174831482310865,0.17753541452627244,0.3307261311410252,0.07061082970886484,0.2668475477170502,0.1759075420151885,0.3189149875730461,0.15655512630323914,0.25731882845414816,0.36877545424365366,0.30662533142373455,0.38251615010682255,0.17699212524385483,0.34835552190392854,0.30117974212158616,0.042555520262023756,0.16774307900745306,0.20355288088017603,0.4017362378204551,0.26647716250062714,0.1811233043596979,0.5200385370831767,0.25661711005438015,0.33672778375508283,0.15523646510298153,0.1297694458148327,-0.18815842193573512,0.24139732121259944,0.3670830150027979,0.16035819339462865,0.2677217020770449,0.258500203623055,0.2975087076126574,0.12597283091213596,0.15970608465771444,0.07688095603242638,0.299055124061567,0.8363633842495124,0.2878122734839184,0.3136138198606804,0.0826551196515775,0.01642798019151531,0.19743363561212204,0.2771877516555154,0.5195293793497932,0.1007565471664937,0.25227570616775746,0.4180678604594004,0.6120721250930019,0.024006943032035922,0.2929542972004651,0.1548617830885031,0.5007997469665677,-0.21651176900226457,0.29845802299770763,0.15659061895227203,0.14589964440123315,0.26439820181509377,0.3680054606384925,0.2449802961219506,0.271539005673621,0.13181200842062488,0.1340214840623201,0.3761156686732303,0.3709895120198652,0.5125934547249203,0.4585107855838022,0.3973804830238041,0.2892228039742317,0.37146977056466546,0.3144642910263762,0.3061713687611499,0.51826604232335,-0.12535110260621993,0.13896228280850767,0.1543363497064494,0.2702206531466653,1.0,0.4164876138930768,0.3115984837236113,0.04948166028950743,-0.09966396488750674,0.18397242896038504,0.2569786491874831,0.19137955391345013,0.40470262271036905,0.3288073489524609,0.21694166019096067,0.3204447264608695,0.350403661589076,0.2901798693731116,0.22762253430300855,0.1837563174593054,0.575799695539548,0.26099299459009456,0.4872354923381276,0.16110121118772336,0.2399202837253549,0.050800704158554866,0.3172091829102777,0.32518817656715243,0.4876177662602668,0.32819194505186805,0.5125765838469675,0.3649935504888588,0.01554038206370316,0.1521497213735723,0.21992206334908765,0.12154333852684478,0.2854401196150469,0.3447915212378017,-0.11067287668808466,0.2911948738958911,0.28533865766892813,0.3243705099729914,0.38985085493559146,0.1611483897350808,0.5609628254681148,0.4792229159343865,0.3239464505455943,0.25824515346520066,0.030278094840008055,0.020108451067858787,0.18753658694669575,0.34886680524655295,0.2667926280943472,0.28466544760164364,0.25745412816993535,0.2195645154981606,-0.07012194265886962,0.48477763714140143,0.2368616846432895,0.2586029318326411,0.07995378909575308,0.276542532319135,0.24705795749036358,0.11117375871091134,0.46934266068797176,0.24351819030811991,0.30872918355802703,0.16073052045540137,0.35965210812217574,0.30723280774885947,0.12112757904265774,0.2916554501656824,0.3533799320387462,0.2635294812210058
ONTUSDT,0.26607166888237893,-0.13095113831277883,0.32703883638397074,0.20858434995307965,0.3846970465705647,0.3565148990159866,0.111172452472948,0.20799732750967798,0.1561822118385733,0.27128003517627797,0.003267521427217081,-0.13708881861422226,0.22074689997495828,0.14902559625513523,0.1281542524626082,0.1999805839914559,0.18199418039202125,0.08964430750759794,0.083443011873584,0.2647074339205934,0.5020022885246719,0.3647185611747042,0.015881965546074118,0.18018359277524948,0.21878789871714807,0.2726870392180483,0.568803680339592,0.14161910875503728,0.004754610159825885,0.44529386903537066,0.1268896617366515,0.15048567549436032,0.2387236593595306,0.35384475236141594,0.15605898260737788,0.2036238939773628,0.3067303421095112,0.3790141942381584,0.40352930535760195,-0.05523164291798921,0.20535957330132762,0.3874573408071221,-0.01505297754811715,-0.000939319871355761,0.15089141260202787,0.20798508770724863,0.2394549600697767,0.028413652230071692,0.35591426208229976,0.4544134070714742,0.12077631062151409,0.08952275093632316,0.20718267769817103,-0.15553659999985983,0.15496426284986806,0.19595174763976542,0.24216966226725223,0.3039879015235246,0.12724357955844423,0.2297249428778539,-0.11526650680811715,0.26269446711961975,-0.15027425367206385,0.2424979782655876,0.5477843221718077,0.25320691172263793,0.23657304828279896,0.1853049050919539,-0.013698661870201459,0.27955907646243716,0.09952831393646264,0.3428308304874404,-0.019143299149703415,0.037499106813252345,0.345033388542394,0.4618883426490163,0.00036720534054493216,0.1597110251118458,-0.03353940047796024,0.3631642301293527,0.27760776198545206,0.25795489475682976,0.2070925073954722,0.205831070612097,0.11783618636151796,0.3649785713820905,0.327002178917961,0.3437079713727728,0.052616934005423936,0.10742973883303986,0.2594309512483503,0.2433465599814566,0.314355357947621,0.43826344761279995,0.09042014155929712,0.13875848522643802,0.28268864679522643,0.02507784811526105,0.18260443148556438,0.42268253853897264,0.1487503287414621,-0.001720453352524991,0.18608410232792325,0.23133868598687113,0.4164876138930768,1.0,0.21808711239453885,0.07339744678755997,0.10683314308038382,0.38307157495662586,0.25925544432723835,0.16336378301024948,0.2653037624584817,0.27878663127493286,0.15639972345235434,0.25320222634671696,0.25159868500802507,0.15298135805544363,0.14558966711484014,0.2935856947211579,0.41700268908696997,0.4309447518684791,0.31807682932283937,0.2067269363981376,0.30299052867371057,0.28319850665913987,0.12717820690666995,0.2978659677368691,0.34197199207444595,0.32364596241604326,0.32766349834914477,0.3554241404252026,0.15472291990517303,0.20502459808265258,0.11197089483153314,0.06664221363172469,0.12618741497210403,0.28014597501539373,0.24532113141892173,0.17789586063111226,0.20032783670560553,0.40122505744144743,0.2536865364773373,0.10022416574912892,0.17767838147063408,0.2012264841250839,0.23864084722104772,0.3022096285863629,0.036930142966128336,-0.03174741470561287,0.0327800577357742,0.34976295540144287,-0.15816547182106877,0.17742871051618292,0.3507465001053221,-0.1976746543242851,-0.22618784031493325,0.30480962253394256,0.3803961414935659,0.27324851745976225,0.007739019764173319,0.323747863078777,0.2829246447258855,0.23004845953658204,0.3827820303737258,0.4513935933024484,0.3866633489545255,0.1426911136023867,0.28426435743312334,0.0816112611323034,0.16230234636094668,0.1763633666834155,0.2659878882312213,0.25838347349469115
OPUSDT,0.8621914549158115,0.034170113645830474,0.7860332655629556,0.8130368015796213,0.8056624381455717,0.1997046208095658,0.5478658245019483,0.5039755795763806,0.5818264781183671,0.493154268639198,0.4224001740128668,0.016078847080252336,0.7827350830772631,0.7449694519624169,0.4588054335674642,0.7556428722966904,0.6920557754065684,0.6859119696837048,0.8455275892932415,0.5951539396923472,0.684119089341625,0.7849354044619296,0.47637085135810014,0.5868027938922393,0.526274151187327,0.6417010500545812,0.6196577721981097,0.4797259985108058,0.5684689987895656,0.2705009226268985,0.49042926710945656,0.7791321396274177,0.8688764035514791,0.8330779956592639,0.7908359672385937,0.6775169664711626,0.5039554825546417,0.6579484151314272,0.49701871144647713,0.36671018637754366,0.554421836791682,0.7847391861959367,-0.0753736026398108,0.46195733754812074,0.5649765494494114,0.5273365508355657,0.7966940481605042,0.6657500241448671,0.17777616872214613,0.15667657860673403,0.7739179895389966,0.771927092380004,0.7505429396588906,-0.2282181690643638,0.8217543291632631,0.7263932338347266,0.8618185298505828,0.705939053376557,0.7429175542185049,0.7565930357932186,0.0820169548990868,0.46882755379902563,0.314004658349344,0.8113307497738187,0.5089585218299933,0.6839344229055099,0.6944103282507046,0.09755097410044078,0.5175603912518227,0.7066303299332028,0.5806662626606592,0.5819744128483202,0.5299035971274577,0.6772796834573284,0.7820672179042052,0.6187306556231471,0.4324429365316421,0.6338820999444191,0.33167452105698186,0.8225068113154382,0.13875797848745083,0.40936226407297055,0.1845814691750809,0.7513617187138043,0.7082400293911001,0.4559968764753102,0.7327130715586737,0.8257505751546901,0.6396443484073736,0.3358827573449792,0.7538927167370879,0.8097534554002307,0.7333623808194754,0.766675520900441,0.5753271132403639,0.7599270302442126,0.8448552520319016,0.6943882062863017,0.7262502900586867,0.5884387926413662,0.3960700458677385,0.16190788807206175,0.7616397992333523,0.7038828868824042,0.3115984837236113,0.21808711239453885,1.0,0.7815134449696806,0.2531561032032889,0.48914604645329357,0.8514423599616711,0.7536968705024772,0.8531317557626956,0.6056923782734979,0.34813441865280337,0.6104003204695394,0.7537150422413353,0.3184535600607869,0.7019058519301542,0.24516158528463083,0.646916574845984,0.5747341124435122,0.6685950998426955,0.5520623454070497,0.4635127619825368,0.6216599137130949,0.6243605868357444,0.6738453824444298,0.8572233752963083,0.3572464207421232,0.6058349495922342,0.6912752251137321,0.5855357463360493,0.335228307171025,0.5378674349556086,0.5310789055162443,0.8041793844859279,0.7065602123819061,0.13478866529469125,0.4560768602432132,0.8257861795343705,0.6954615219496331,0.8548761220547422,0.23083911432438775,0.6591861682333325,0.5904062265600316,0.855631332736479,0.6545033772622036,0.416481743161155,-0.07627858600615851,0.2080347690905787,0.7609126327753594,0.14207440677687483,0.2237552002885603,0.7659781226090978,0.07125354756605598,0.08878292836070296,0.7371596474774508,0.7962434839968277,0.7529294890049222,0.35270629953672605,0.7240871040328525,0.6739379365667395,0.35569401899878283,0.6943904324815532,0.6295816735670307,0.4593470587501446,0.815119160569989,0.7913623011898634,0.684294914128696,0.7560071521375186,0.8126155558438732,0.7396178240558389,0.6842125961708101
ORCAUSDT,0.8760684654966641,-0.034788090483474476,0.7743956533616977,0.6572020819048394,0.6940573712026986,0.09543421994566272,0.4382146912914607,0.29595645346123206,0.48807858327897247,0.4256104000902436,0.500827934485765,-0.06175683379463316,0.6775593305152925,0.8080349840472785,0.5637242698623715,0.7304696260915736,0.5070173140356062,0.7798093525996187,0.6995234290952111,0.5365981285926021,0.5896642513348886,0.7695866356336339,0.45231245890365035,0.6624804286075691,0.4578409910864751,0.5968687825779923,0.59696333195597,0.514534935481311,0.421115343781863,0.20060563286008296,0.46839756709185437,0.820989988825177,0.8198246900567587,0.7745919707956713,0.8747300254749149,0.6857962187654345,0.40288543997498416,0.6105101581573115,0.3799630055939174,0.37344347493799923,0.4515782305096349,0.7578652297855885,-0.19069462740327764,0.5744521940148087,0.6887912826356625,0.48535452054169365,0.7631204237514609,0.5037988851707895,-0.016706954459467523,0.21203292264539456,0.8148159708367619,0.777874273164212,0.6996071048960908,-0.18233174558835433,0.8200969906068698,0.678083131707672,0.8415248315344919,0.5962960012851294,0.7510402096068074,0.7601276037888411,0.30742731751088587,0.33739139265941687,0.2218783153619635,0.6642681766855042,0.24570494811384638,0.5768685601294445,0.687587426381205,0.20344850263297165,0.3914935310188425,0.7195169015308223,0.5391455444644103,0.42459470613429984,0.6630286794516989,0.5803650651626301,0.7667519967025801,0.3656100297687253,0.38185483843207413,0.6761332094625061,0.5994784727315411,0.7042717903003111,0.22701052370679126,0.46619333410366603,0.18504050876127487,0.6823084694080497,0.801318691574589,0.3663182165031362,0.7066019212327408,0.8371059934291454,0.7067633741415918,0.32017577840057543,0.7439555002058539,0.7573096242829367,0.6377557368864878,0.7179674405597624,0.5082374846718634,0.7728319176348246,0.6731002049662106,0.5978700518010907,0.699960291323987,0.5196238840816662,0.37445469783704916,0.05213462262582672,0.6975643197781618,0.4469097323161114,0.04948166028950743,0.07339744678755997,0.7815134449696806,1.0,0.2042849827106052,0.5286549489918676,0.8343729192425754,0.6176050945555744,0.7558838328373334,0.5682173867447764,0.32174323388649245,0.555596936878545,0.5891902573184172,0.19491383166150902,0.6890274900738974,0.144129089929401,0.5776725350937619,0.6065776896671189,0.6405060523376401,0.4821692954722151,0.5560576485369324,0.6625408091575976,0.6642502716188994,0.6171295220946706,0.7713157338011968,0.20706274658905938,0.4630638816587077,0.6808050792794924,0.7585860267662448,0.39980765764976106,0.5207935398653727,0.6569701516523849,0.8240105048258215,0.6938675681866275,0.15575277423574097,0.5383093789306596,0.8130029712300072,0.6122759003592018,0.769859836764945,0.3242561646520226,0.6304012895802834,0.561872399042466,0.7466143153154073,0.4989119690537871,0.31165736289787777,-0.16644094655126024,0.2544418886083842,0.6960018868306747,0.005886128934311361,0.04291200415525762,0.7615434533680249,0.10086582810814546,0.1261364909560873,0.5617173574042765,0.7724348676675347,0.7118515647817414,0.3607698373421479,0.6749371551967835,0.6730049403428799,0.35739454448841956,0.6895400031806801,0.6053325332502673,0.5787298151680235,0.7629033433370704,0.7656397078577232,0.7056936913923543,0.7470954169502058,0.7765596754573488,0.7588555228322379,0.7873854808126112
OXTUSDT,0.30942743972527137,-0.017262068428480198,0.19338169965633004,0.1394733449524235,0.18700517180105397,0.2778486828979173,0.24287945670587807,0.1710460125807211,0.18096601935532278,0.31541315024867017,0.09273779933398225,-0.08148748742684722,0.25945119383841075,0.34960200194897606,0.06783205245326897,0.14785431110341968,0.26399067369007134,0.1290430131964037,0.2920444929509946,0.1315865846139578,0.18576618673510478,0.1445761234336458,0.5011139046320875,0.20758648356181525,0.08377006573959689,0.6632320190199005,0.22094076898470127,0.1859225696836326,0.47693292256617936,-0.08031634689396007,0.5492429235972055,0.23736756246138058,0.3072361989469192,0.21121044382871562,0.2430640614005676,0.17843891793050823,0.26559310990457985,0.3166002923805277,0.010893173644428593,0.135182131841168,0.2854757657977256,0.06399568161011025,0.13950110344164116,-0.07563479520142885,0.20502066068748717,0.3567250232630854,0.15690698053165972,0.2066466453955865,0.05143567293470688,0.012994054795374504,0.20068206857707718,0.15417426092820427,0.10460362642130058,-0.11118559099032384,0.2569671643007732,0.15877285746131756,0.27904484581627287,0.2910651216567516,0.22512383353028337,0.163732741271119,-0.15005093382320567,0.07374796349092759,0.12415349696427105,0.14460344720774088,0.017792715039594495,0.12880257907874565,0.4172088163533219,0.5590154870988758,0.1002788575842934,0.1953020691071619,0.5383247362400414,0.474263117170163,0.29182180194321394,0.2549352390690087,0.12120206009702993,0.23020382903793446,0.1119032601996037,0.28325774202755244,0.1952824177526248,0.11766729653307263,0.4137466014241377,-0.14914216314623358,0.01132281548464735,0.23351491652138,0.3175147469172409,0.316644315014026,0.24877532932228233,0.23307523554263276,0.1269822087971618,0.22416110201776213,0.1747594105966479,0.2079513270398629,0.09861408028569423,0.19073767201100894,0.11148452460271988,0.23127758875287113,0.20080164736784165,0.21543162483340647,0.31840235184297827,0.2062595092978666,0.2570475006607279,0.5706559777681285,0.2265483448855442,0.29019154527931734,-0.09966396488750674,0.10683314308038382,0.2531561032032889,0.2042849827106052,1.0,0.11904525209604581,0.2812525233165994,0.24640271330190483,0.2565394569175349,0.4779556191972754,0.12386258141312213,0.30340222571652614,0.22353791962126232,0.3300754587934646,0.2846092699951264,0.08175312038821253,0.14433139647921647,0.026404746459448306,0.15478671214676445,0.3092522416344802,0.5094791084039894,0.31117866669976363,0.14867970726212143,0.24291074248976913,0.21009380740145403,-0.10436074715171689,0.07056388101798261,0.3426820245059917,0.20003666828023645,0.1342596380189921,0.2733111669184452,0.2167948385754218,0.19423541620296886,0.3211475889841793,0.3023706531097135,0.3126786477014775,0.2864170213136787,0.2663283181742313,0.3797743315550699,0.18528567690614434,0.029876550150108358,-0.11863011212418273,0.2834757624185954,0.02284043737728317,-0.18042165925250894,-0.019817184480013718,0.09458642660675101,0.4026920843272178,0.07719927228575571,0.06576486153937006,0.1836633675159349,-0.15227489943583183,0.06569331844695901,0.2759928438218898,0.21208256473188897,0.26390794217819197,0.16574966987726997,0.29164648483651007,0.1523037560382612,0.18306486815917367,0.18396555650465102,0.2701636495958338,0.25901081068308374,0.20762390118878155,0.19718862507636978,0.19754225355441674,0.006007212914387986,-0.01522414316718412,0.3932716886368938,0.1339593013085915
PAXGUSDT,0.49687028051135046,-0.2967747492776287,0.35879080905518645,0.366629235878739,0.4607349501692323,0.13465724271012747,0.25269291466121757,0.27413176495265446,0.1523392790880649,0.34672892956448165,0.3590746438517081,-0.025333883700505672,0.5012981765443337,0.44578160433224784,0.15618836292662655,0.3765452495935179,0.3860671193222612,0.21774658564685032,0.5039860328866252,0.3153305059973571,0.3402808658033127,0.4637802942483397,0.12862832688010872,0.5099832193445712,0.31463597920502273,0.4810994969026817,0.4535834746867248,0.28730541383496505,0.27517897794437335,0.34589448658560334,0.08927191832978468,0.4026370458019184,0.4664274919447771,0.5747963267070382,0.3734949028977825,0.3891355800648209,0.1129455447226135,0.23899584891023787,0.3510206467223304,0.018098446727096464,0.1618913395026578,0.4596117573379428,-0.1286132610616146,0.3241999401576004,0.3844583262324183,0.26770289307254447,0.42231989840191925,0.3666728862662399,0.25344414941653204,0.2631881463256147,0.40799636690211166,0.36769823942311775,0.4115294026747563,-0.32992412325802545,0.4311625354545305,0.3560593316064872,0.4950623787230525,0.2868397875305693,0.4008946439718624,0.4131861944786844,0.1787083791705306,0.5671182771086067,0.06584300087845651,0.37625361561856746,0.3042685474853447,0.5375794563687717,0.4458333661157962,0.2998626490796972,0.19268054874545504,0.4375287993315455,0.3306081209286008,0.30751218463914476,0.4305732942624552,0.34544950475715713,0.5910483858337903,0.311655738087824,0.11367808484002237,0.4650060377990863,0.11031556798753023,0.514892589485109,-0.0360656167021679,0.606448416592172,0.4109533382059626,0.3763062467581318,0.47255192608321916,0.41996278705241485,0.6188718988449373,0.4893391148700912,0.3043699338338251,0.3520288935364541,0.38072871837291594,0.3658109866220641,0.42923783066096344,0.5521064782758367,0.18341254251620667,0.37547857300374005,0.38977379497282894,0.3715130071645703,0.4682033651580531,0.30419107671168644,0.1714763848783572,-0.050075536983338206,0.47249852589809627,0.2008310965336449,0.18397242896038504,0.38307157495662586,0.48914604645329357,0.5286549489918676,0.11904525209604581,1.0,0.47514029608716435,0.34577991943327696,0.47349536019770483,0.1872940033625801,0.249383162957865,0.42983892426723674,0.32529335938426224,0.23617233192343956,0.49509609544057354,-0.13668680443028888,0.4616770695099147,0.3937196214547142,0.460080808778344,0.21956097002458985,0.3511635082916301,0.4154521616991601,0.32482662974106497,0.5038139794408695,0.46526865608547685,0.25823954691805107,0.30959066156146897,0.3086279027061794,0.5630514510846938,0.22557382147456334,0.08676413195390685,0.21964151077598604,0.2894732523963087,0.3733330514770398,0.17809985223540375,0.17743727763413697,0.43710576302806536,0.5050929991207178,0.4680203777365158,0.24230870804082125,0.48072168270800614,0.4332698557721809,0.43612174327749265,0.20288958215799913,0.07716734420383682,-0.27417522862094346,0.1660774430718087,0.38078530875466154,-0.21621593231027772,-0.13910295736331377,0.45044344926178215,-0.06525002848637214,-0.10296695787637226,0.3793324911754213,0.5550130440442147,0.43310657800838676,-0.21959910540823366,0.32983891143238214,0.39806762749922947,0.3206235100271713,0.4909877082366727,0.31673601759601855,0.3628259940114371,0.3650207213249427,0.2673012771302903,0.2335892458390079,0.6260398959338286,0.5129193458317585,0.49110299536536595,0.46333464900553195
PENGUUSDT,0.9416095726340985,0.1140699367848285,0.8992052268944534,0.8030724153689106,0.9174149569740325,0.2384570137290818,0.5989947237142668,0.3410213302639156,0.5191952114868671,0.6398250026870818,0.34405851323280356,0.02137377494370289,0.8098517356346915,0.8657412359095895,0.6395867612380634,0.8570137736991814,0.5607320910988872,0.7853562499034739,0.8105094191636233,0.6662032593413663,0.7149938321008641,0.9194162571188913,0.5800145609832129,0.6659276877138444,0.5656071402798789,0.6956223682305108,0.7354963161599334,0.4697395280987889,0.5296804269195562,0.3675691429233958,0.561093911146272,0.887536326229158,0.9414392361802425,0.9164615965584133,0.9170879828534927,0.7557487592382424,0.4400213775095951,0.7498440024597334,0.4982163988970188,0.4346245924866045,0.6017501298662716,0.8267754666497833,-0.13871834546053086,0.6211836060192429,0.7022188044824793,0.5806436025924402,0.8885683822439698,0.6839895807490946,0.1335000911207409,0.32245720884586304,0.8372509098793863,0.85863053289874,0.8544398934545652,-0.21749330770812622,0.899727134820806,0.8035474996640251,0.937571379237522,0.8133928853399133,0.8785912295233579,0.9143741911535425,0.141627300009674,0.3928281529813355,0.29303269680512506,0.8157727781607309,0.44176534568581605,0.6928737186681928,0.8274124556962988,0.2861338643212432,0.5433183683085873,0.8711758262356184,0.6650134732695143,0.6014120536849475,0.5922522608237085,0.7749420220603853,0.8084876904386192,0.62863796504549,0.38452175024979873,0.8157471477342093,0.6357992049204299,0.7230079563437443,0.22706981476747015,0.43956299706907537,0.3087928305586542,0.8191357127399989,0.7626835844994458,0.5556932343736459,0.8169850460109576,0.9379661531491265,0.7483995305781668,0.38144081547170666,0.7068171440699951,0.892122514427543,0.7409368086565872,0.8521663960697876,0.5683343634170914,0.872490745949405,0.8535343571306403,0.7240632580383264,0.8460515974487942,0.5677374091683893,0.44865968374575005,0.20054299410885257,0.8070641181142886,0.5787367758794945,0.2569786491874831,0.25925544432723835,0.8514423599616711,0.8343729192425754,0.2812525233165994,0.47514029608716435,1.0,0.8351701489639265,0.9191574227458814,0.7537524229217196,0.19875346552084833,0.6102532159516958,0.6691521183247164,0.38045922576155383,0.8750376511187818,0.2710420074846424,0.5777747580358248,0.6138261793811237,0.7440171561858518,0.6572703594369914,0.6550009431119401,0.6761997455852499,0.7790865237624829,0.6087302903635627,0.8939322605673358,0.29706090071599395,0.6915387999440515,0.8159513003331899,0.522209102087357,0.44775051588536713,0.584637569854341,0.5980026938514907,0.9092465792583982,0.808498630891001,0.18387650768962663,0.6053308768102831,0.9532793717031144,0.7619299431342474,0.9026791472932886,0.31655703967812376,0.6285078411416526,0.6960187065253304,0.9439072117226881,0.598216801510008,0.32830353962880926,-0.08547042461371657,0.32859993103628415,0.7903043747018418,0.1956317431321441,0.4415577057687278,0.858884976312477,-0.053073157862044626,0.055912064918624486,0.7155349679677871,0.9041498754009749,0.7603703572044411,0.3362192798320763,0.8183722556275635,0.808257860384752,0.4327947795783803,0.7665345853982127,0.812786705634935,0.6930669866433005,0.8860190042898507,0.8276695248473778,0.7679326671287279,0.7372621463189697,0.8288331931004782,0.8188147227713779,0.7918876435076136
PEPEUSDT,0.7405470615113493,0.08188402613716698,0.7763522240007044,0.7801979071238813,0.8178577907771537,0.20157949018099877,0.5674186911293474,0.3691351697511519,0.37719825105279986,0.49052018821502597,0.07581377697645982,-0.03932324643284115,0.7283234013825363,0.6934141628775571,0.6357762605529336,0.7398840160229808,0.49868266779991,0.5571602310928218,0.7609705653726352,0.531512896262724,0.5295345609472984,0.7914099985992963,0.42490537056643823,0.4159849157184236,0.5060037699039545,0.5155760582028287,0.6017724380151827,0.3645022873065083,0.5884174203453907,0.2362927575443501,0.41704718401223434,0.6645658099627184,0.8271155028588509,0.8366294992729825,0.7645099489648665,0.5567017919558699,0.4055437029466085,0.5580197324453373,0.539524383098298,0.3681586258528031,0.4919606601412628,0.7009577122842727,0.023771404873036243,0.5169871227565808,0.6321851056127681,0.4957149361487109,0.8747438868002892,0.7935875766839041,0.05275402981669275,0.3161060753544477,0.7126330612179982,0.7649301153791683,0.6731454761329652,-0.19229101263484932,0.816885350404714,0.764227205196279,0.8543301164676799,0.7667835514124739,0.8096267643773409,0.8790387564082247,0.20185212033239455,0.35655255923388496,0.21681072626471942,0.7471977472581104,0.4385707397927741,0.47033406949767687,0.6628337362028897,0.1344364763716841,0.7768745871987531,0.8104495211436026,0.5431280818567683,0.4570750045955997,0.48420582303350956,0.7211939099818263,0.6676167053437816,0.5939504935918657,0.4177224887254611,0.6852493052857265,0.43603980312293816,0.6241574576873707,0.2553653450230423,0.31529950064218265,0.2626582620912291,0.8723464591389333,0.5851249574959626,0.3660067453311878,0.7346508478759085,0.7617363561613464,0.6458606138833768,0.36234947064746037,0.4841916964392884,0.8005330721923971,0.6493317069628962,0.7096279057951342,0.523562366224007,0.6715559399456001,0.733635617280116,0.7465515953217705,0.7658927891821626,0.36411979804801897,0.31928184268302623,0.11140899317501303,0.7722634840675731,0.5585657517530643,0.19137955391345013,0.16336378301024948,0.7536968705024772,0.6176050945555744,0.24640271330190483,0.34577991943327696,0.8351701489639265,1.0,0.843539120820896,0.6888973056101338,0.0034448433128097047,0.4893095917944147,0.6002666290749941,0.3083149876594958,0.8170848278330288,0.22337461008504808,0.45535042552687405,0.4074566972519186,0.5136211280698426,0.5768785611782646,0.40817050194305043,0.5943606520226675,0.6200282904524994,0.4732020202425356,0.7663448912857582,0.24658831916234442,0.543399983189182,0.7833117771893626,0.43269358261603097,0.33135508413958,0.5246157317881203,0.5506025142794341,0.7926486200066016,0.6685064890833026,0.2706883580150542,0.42838832856616776,0.8269750266492065,0.6470691421353271,0.7307986422579257,0.05159562303069523,0.3996392113363272,0.5162440446704142,0.8582958678314273,0.5208013349478542,0.2106076855277789,-0.3382086432420073,0.3216382120227398,0.612715916011319,0.3311109225686651,0.3980809188241228,0.6784554801553969,-0.06535716247535538,0.3508985108776741,0.7315710916735251,0.8076395104144763,0.6316707945423632,0.22562377595938563,0.8230076243719578,0.7116275138152158,0.45727601564292447,0.6833651490339154,0.7347133980326185,0.4871195353656066,0.8747507868021469,0.6999515193182739,0.5699933844297312,0.7253535234053228,0.75381707242724,0.7063870573878599,0.6575868755661441
PNUTUSDT,0.9049881835627064,0.20046804694131667,0.8082474285394594,0.8065150958238441,0.9113403421644274,0.21329916906952673,0.6356217303757785,0.5071388716840235,0.4845238475411945,0.5954685236724462,0.30247000482407455,-0.05334963548602168,0.8722630278747262,0.8128835970247226,0.558338305976897,0.7804428182056716,0.5545093178866061,0.6785463827536136,0.7828525808978058,0.6633855405129786,0.7351977217298389,0.9235715431862312,0.5395779752889545,0.6311372518523436,0.6124536146107149,0.6970912918302632,0.6901685035782003,0.4391261167033572,0.6069647557277407,0.41315250638854817,0.5776095292206013,0.8236087668896572,0.9054296932813566,0.896131487138674,0.8584594531805886,0.6970377345817548,0.5183417134485401,0.659278881460314,0.5534532547289606,0.3765420308841081,0.5892512236355073,0.8013826857501576,-0.06702102530813261,0.5107280171389854,0.6427533891749023,0.5969947793631869,0.8676597276880901,0.7159073465825929,0.23550337871208143,0.2811043892389655,0.8206707964362513,0.7860462676410246,0.7730555268286531,-0.2800913637167805,0.8827657889985644,0.7849064584966468,0.8860425805531688,0.773235630166516,0.8440930494182899,0.9107576147177545,0.23908354572643867,0.33273072354050137,0.2841409786926732,0.809836788421051,0.5355309513785974,0.6037106311984394,0.8329183198519721,0.26141623886339765,0.5777496307610037,0.8397769190915279,0.6752137999884716,0.613882579010701,0.525253256236432,0.7626534156755085,0.8098581860219966,0.7243090617846766,0.38574613288093346,0.746226104823283,0.5324897339254038,0.7627913418922736,0.1686973211038848,0.3630618084203365,0.25378713876768105,0.8038509091312337,0.7731923405700282,0.4865366985201253,0.7664858520214453,0.8874119261804746,0.6359952518982088,0.36776700029767695,0.6732906111341372,0.8634372160531183,0.7189718656446068,0.8568296345352029,0.6149781361630526,0.800518661692001,0.8135107444809828,0.7643577850165947,0.889426242888155,0.5705591092138473,0.4209079867525321,0.1862029821610344,0.7929573344875146,0.6001085212354608,0.40470262271036905,0.2653037624584817,0.8531317557626956,0.7558838328373334,0.2565394569175349,0.47349536019770483,0.9191574227458814,0.843539120820896,1.0,0.7594615221507359,0.1317059916620605,0.673821103343996,0.6574566119233867,0.43231810743270466,0.8459757164431502,0.19653935426561883,0.6212027595866321,0.5751839408102497,0.7622045768240341,0.6705312640909158,0.6466102720756909,0.6324716497818771,0.7844789528428265,0.5587835768385496,0.9211295047688195,0.40933630709354474,0.7712847278817713,0.840055014690312,0.5105128780760283,0.5307774999890787,0.5503563703254765,0.6474094844597188,0.8552562698133207,0.7867142292175544,0.1117414470814627,0.5844940607922385,0.9441365480368835,0.8087512688540303,0.8771889302713307,0.29897797111537777,0.6444091161979588,0.7117479770737143,0.9208786189538405,0.6066515934228456,0.32499288447487423,-0.188930807513226,0.4523137290458666,0.74371583068866,0.2679156641694356,0.4358762274032273,0.8137375856453983,0.028410924299121443,0.1291080052296079,0.765171481857314,0.8340390028445983,0.7195945621965836,0.3077246878574973,0.839136703050293,0.7816233290676609,0.5142936671864671,0.7694171984551896,0.7259523037157545,0.6808149423472082,0.8723154231989423,0.7898497064588742,0.6776734164469828,0.7174543576007322,0.7888791702685498,0.859053974944049,0.7726277868020655
POLUSDT,0.6998295910361714,0.20846516571800186,0.6850525985649887,0.6193474627324667,0.7538612171340776,0.2763330908905606,0.5460280339775739,0.3496854778951088,0.5461612246374135,0.6176858149814567,0.10707846775842988,0.0003835248546741605,0.6366874533560533,0.7333891912778957,0.5729630479142124,0.5495815217985244,0.4827488500895658,0.6891044271323556,0.596301659399157,0.5617831500763991,0.6120619558240374,0.7736964017549064,0.48599801051427954,0.5484486905765907,0.6360064665337639,0.6078818582511885,0.6564998630064024,0.4437411971359705,0.5197733343579727,0.32100347612228264,0.5730555218854207,0.6519013924987658,0.6959084099285734,0.6911915298077694,0.7001883302300461,0.5158057208545899,0.328481907410418,0.657881566074737,0.45826218380191386,0.1784743780072315,0.5190546294836937,0.6646435172697946,0.06605001716000611,0.3189976550237285,0.47436741716805353,0.6174732747699826,0.7518759576497656,0.5602674632707372,0.28418890794316765,0.22705961622772908,0.7106644043368358,0.6266440404431534,0.5578605150707039,-0.22493882166121434,0.7501214043349166,0.6627184659792557,0.7150507475469561,0.7790660687921172,0.7637655854442953,0.7296427264948431,0.14135285605168096,0.20721270550733903,0.16536368734123658,0.5349378552438102,0.3881276206766087,0.4099821114181589,0.7527343372247786,0.3357012423491807,0.5338560191735251,0.7216930324180489,0.6199060767624941,0.5318556165907399,0.3526744486383724,0.6312473150405303,0.582887065579838,0.6706551121000115,0.13685621604698467,0.6850247849641871,0.5930913471422767,0.47626269043548586,0.363910733192029,0.27389541057945865,0.13889651888404198,0.6515320295443106,0.6355786917717623,0.49793260385623966,0.6187787929869667,0.7583437819455225,0.49021417627980524,0.228275373171978,0.5241186982916625,0.7342004782645426,0.5457624695486437,0.7163331368278024,0.529282277846894,0.6781405136793428,0.6147164309938649,0.6126282131446236,0.6637197966171393,0.42247000431873843,0.4131574408069035,0.21393313677743991,0.6248812986716561,0.5388183466825259,0.3288073489524609,0.27878663127493286,0.6056923782734979,0.5682173867447764,0.4779556191972754,0.1872940033625801,0.7537524229217196,0.6888973056101338,0.7594615221507359,1.0,0.13056043779583518,0.4855949986392823,0.5964435474962997,0.2503863154413653,0.7551859736982669,0.3017043053888253,0.4133255402363735,0.5176587196328599,0.6295789264706488,0.5766541739126441,0.5324316007132542,0.5214773435300485,0.6809631335201382,0.5101083008386608,0.7496479661656325,0.29022643941794585,0.5975917619093585,0.7968631829347744,0.30856649846991785,0.48085782390703197,0.7334747203084478,0.5148987455448837,0.6971003157805187,0.7227254121557937,0.17954751201160069,0.5272851708295333,0.7815385912210824,0.7035360137770224,0.7626054052446023,0.3486962506496369,0.5014429525222176,0.513871107370599,0.7440693453985745,0.4856123343507466,0.05123205512336987,-0.013070065650733258,0.23349262982469995,0.7245972821391775,0.3764676821660015,0.4716756648207488,0.6119271749792788,0.12572715390242356,0.08462274057989941,0.6758150732160658,0.6672659507141474,0.5924184131284254,0.54152221143949,0.7495091507339653,0.6498368300942259,0.5056683538076941,0.695253272920124,0.7125298341350053,0.5900453166620456,0.7394234585425565,0.7063130435424908,0.6375479035003926,0.46651331557208625,0.4944725712068755,0.737387567764538,0.7150736635468046
POLYXUSDT,0.3032666285049086,0.15560290176662922,0.22118135430838812,0.19274447040105042,0.3165444124015729,0.058379809347039555,-0.021050356065687087,0.005820126129556207,0.1292249806419478,0.08267746379618815,0.6864869823290614,0.031266015547198524,0.2363145454746602,0.1624387113562906,0.20613763131570023,0.20348645631769824,0.5606222338102422,0.3704746042064462,0.28334555733334715,0.1615587496982262,0.20801042127519623,0.22251499307051406,0.04018910850694642,0.36013784020659767,0.08022790973230486,0.2413846420962615,0.21031719645298927,0.1711746694094661,-0.025314683815510233,0.03924408631208741,0.10641960850309773,0.16488407884601125,0.22620279074855695,0.36302355073489284,0.20897505617036607,0.2080005000666945,0.3252499158253998,0.29665353249758575,0.20376643556131888,0.0994485580971504,0.23552892296680936,0.3243311196108978,0.003375013509253338,0.20681766300336948,0.23242488953196222,0.25199112540132884,0.2196098540820714,0.2189703111176992,0.2549176152232194,0.03217673021080668,0.25554996953225795,0.16939857767825178,0.18121914357008548,-0.05906816228860604,0.393860721575386,0.37069672469168957,0.23984973010187957,0.2651594473940973,0.19281589895331985,0.16614186055311103,-0.007824267563288238,0.2192959259153157,0.29173344145146546,0.2405883466479856,0.20362084983367382,0.5406354094299516,0.26038892009229536,0.07213397180151224,-0.02381923619432184,0.18952781808045485,0.1057556833609964,0.2536896671355155,0.1121952898337102,0.11363928803093026,0.24606728633638997,0.11247924883484432,0.11413965903699985,0.18466746467335637,0.236659380246898,0.4062573128758668,-0.017892340203045764,0.35282413716804334,0.16947639335025128,0.1989230292946396,0.3504398506529023,0.15622286500874025,0.22937023096981243,0.2776594118364481,0.19191695317448407,0.32531706338288857,0.5348211988311395,0.2966837940693705,0.2751766497777272,0.2878278122461619,0.3435549329572965,0.2501241117125349,0.43691357390946234,0.22839669743810084,0.1539934451466022,0.31474634919025263,0.06038423680578929,0.009577747420620075,0.11964189905063914,0.2686348273382763,0.21694166019096067,0.15639972345235434,0.34813441865280337,0.32174323388649245,0.12386258141312213,0.249383162957865,0.19875346552084833,0.0034448433128097047,0.1317059916620605,0.13056043779583518,1.0,0.24869542687373433,0.1923551565324607,0.0456487873626538,0.16926961846150784,0.0330824105768872,0.25525337126174646,0.31090852831418675,0.33117930260531725,-0.15238046617790152,0.2706335016353738,0.38580282601104715,0.10572691567816522,0.6378588430444316,0.2718755547321157,0.13269848273181473,0.16997567897894633,0.2575532249534967,0.1439833369630566,-0.010044326499306658,0.14690977002110567,0.10335288311543564,0.26361434776524295,0.415036516370647,0.22026263567859408,0.25276946679935475,0.11303854177223417,0.24041877700183079,0.34141146403261763,0.031094710020568912,0.5320263953035959,0.330032627552195,0.21737756194781013,0.31067137747551044,0.023929483803091577,0.3391467510604007,-0.09932315557487191,0.5000478794919256,-0.1701945724094409,-0.008403028529660699,0.12234252294310481,0.07473345601510722,-0.203070944880607,0.38917726074347325,0.2644617766452623,0.4160637172914067,0.13734466085252892,0.2648913896460011,0.19288915661538825,-0.026315593451577232,0.3916893775799887,0.20115564981461093,0.010797353450011217,0.19466325970745163,0.2637817930577194,0.2277896710488096,0.3256152536678963,0.2516904741345507,0.19422092414584569,0.2803482252471398
PONDUSDT,0.7029057023371497,0.20567165212267505,0.5925389077255824,0.5459664137760243,0.6206566572235721,0.46478778341979465,0.4585332834087628,0.4683152994357662,0.32272083840523613,0.44531023932848834,0.4853317822064725,-0.004478792516141864,0.547830339153571,0.639704246066438,0.47386714942003355,0.5605598853962033,0.3980611102362508,0.5219459366197389,0.6019938204755304,0.5305495959350678,0.6085277641003365,0.6340621452898186,0.5616013431359905,0.47160948685719356,0.35514792081783886,0.7587436601754032,0.5958095618810243,0.33389999766687783,0.7364411722073273,0.3918244232807348,0.6011764385217435,0.5450131445942439,0.7287375451604763,0.5985391836766892,0.6334804372593575,0.48243194131844047,0.48333180044320095,0.5400398756557019,0.3012577039839295,0.4529509668171454,0.45644240654040535,0.4625757108854013,0.12607197542865656,0.35020573337667604,0.43615956292763797,0.6907723420869666,0.4988522174649903,0.519224952407357,0.2864513579121344,0.24294653349745654,0.6482838540688871,0.5442371074872284,0.44499810432967735,-0.19210004715702747,0.6628281534680495,0.5670291580472098,0.6553938741181544,0.4335437068434404,0.6633733903415521,0.5529220190498089,0.23041558812462565,0.24739727681904697,0.23658204000228394,0.6566060895608413,0.3160771015600878,0.491551190104019,0.4876648060119747,0.06529401121509595,0.4131029262830438,0.5745225381382056,0.58673978535074,0.6712358679762864,0.46609889669284743,0.5032287573312062,0.7434370950609724,0.5679837795975816,0.23928306624433746,0.5611440984044971,0.4411341686676259,0.5748427122645888,0.15077647765565244,0.2646435670314871,0.052725440099123735,0.6103089327358623,0.7716872146056692,0.4432919624300238,0.47350326924017716,0.6452342066880117,0.5005582155224209,0.42514428182843,0.6606070446283898,0.6194904801729112,0.5422721482795071,0.6780277468161828,0.6769217882533101,0.6390959547209033,0.6468232273860564,0.49102717319297434,0.549802411285925,0.42980114277508386,0.5534186846562679,0.35740699801018727,0.49120477078829233,0.6048407807584216,0.3204447264608695,0.25320222634671696,0.6104003204695394,0.555596936878545,0.30340222571652614,0.42983892426723674,0.6102532159516958,0.4893095917944147,0.673821103343996,0.4855949986392823,0.24869542687373433,1.0,0.48489557578985026,0.4104800128728427,0.46644251791717534,-0.026647792082395462,0.545535958302561,0.5161827809288119,0.593767471372806,0.32749217706492406,0.5571863541313358,0.6630678476325298,0.47483926109828967,0.5245459028332529,0.7042280769889953,0.14845600141381568,0.4697521623072242,0.502133813272789,0.4454266515478807,0.3953554481980862,0.22417657066344404,0.5486085242869368,0.5844653688111014,0.5864641783909933,0.12349403919236854,0.5858555762635403,0.631805635352662,0.6023508569595617,0.6125340619220591,0.5316629401939477,0.5807989891352463,0.5470195898660456,0.6767341650804211,0.5190032899355648,0.2814268257495936,-0.08320991166939308,0.04025627847150965,0.5317706276138117,0.20184849027326568,0.31620436815809294,0.49435756180777923,-0.0220254016482983,-0.19079806753940085,0.5520758362904323,0.47848211040828525,0.6408293913558732,0.18291659545617164,0.5985667691843586,0.583041639135627,0.44209929835622225,0.6380020030019472,0.48232304958603023,0.5606177244705277,0.6216670534408747,0.5325261438121004,0.5273546987666915,0.4925711617571298,0.5751452218033367,0.6296969918687043,0.6065619282340421
PORTOUSDT,0.7006431785706301,0.024955360878334987,0.6292979157167166,0.7324730577064441,0.6684567187415386,0.3086360000987714,0.46740369464477394,0.5021555005997301,0.45330212257736785,0.4870120458059759,0.13587230658902077,-0.11922598178525215,0.6700026193379486,0.6640146152457512,0.32361521051182757,0.6192776755749703,0.5491221832475089,0.5756009708339702,0.6332253530924347,0.454582440662138,0.6799740736565568,0.70833874398799,0.40178159780356987,0.47950284770483986,0.618907454317642,0.5288999207294619,0.5585035984907134,0.5339675692855289,0.5693549770451459,0.23122006375271292,0.4118143588035829,0.6400950532575779,0.6950548421657375,0.6220224129076771,0.6894884865958701,0.5820351532116635,0.41319623403955946,0.6245794875075733,0.5088514036382168,0.3949341451872881,0.573044298420236,0.651099418842861,0.022906360595482452,0.30081133827345796,0.4944667599254569,0.5831602512419827,0.7074998176581418,0.5076253222191819,0.10781792481558831,0.13861840844022885,0.7500773959328232,0.6059719042472949,0.5310062141206772,-0.048045709168594464,0.6835414567623683,0.5954525297725258,0.7160845341573957,0.6579647527342006,0.6190110367936043,0.6081719558729334,0.10565219188935873,0.3882307997550489,0.3634513438549242,0.601830900176111,0.5048964739126665,0.5467254891024377,0.5911220824818375,0.22781672922291482,0.5306234797513861,0.5893792615578115,0.558440873207775,0.4787002765850618,0.42046873429665094,0.6313324648107856,0.6357763026704042,0.5558974837152811,0.04620974782348653,0.6455115920567074,0.40186542982014306,0.589767432874834,0.20951914637485103,0.3857213211455942,0.20015082662386469,0.5888145542300256,0.5617568052257118,0.5202661471122946,0.6325108632695432,0.6800353037666517,0.5138391455746982,0.3012678527964624,0.6446648389005861,0.7248338743475344,0.6942415756608474,0.7560863494486457,0.5620706675775665,0.5764525663669557,0.695848562167377,0.6619073461468026,0.5876656702640127,0.5740792998222317,0.3817024616284164,0.14531317323600182,0.6827377684151844,0.6877303789851411,0.350403661589076,0.25159868500802507,0.7537150422413353,0.5891902573184172,0.22353791962126232,0.32529335938426224,0.6691521183247164,0.6002666290749941,0.6574566119233867,0.5964435474962997,0.1923551565324607,0.48489557578985026,1.0,0.040332213519497756,0.5179379405621354,0.18480751963019101,0.5942281832892146,0.6329298076039581,0.665422861999837,0.4903139360318887,0.4476449021319031,0.620585216769853,0.5369248016156694,0.5772706084387749,0.724715706658409,0.5420611710562296,0.4350381644785343,0.5617715357032483,0.5400277205757249,0.22415333618890218,0.469959158722479,0.6192134315072033,0.6662439101934673,0.6049128031193426,0.2009339335002958,0.44438056540631565,0.6391456455943373,0.5496953565993131,0.7514194315032672,0.29282211808295056,0.6126704631573182,0.5217475904255116,0.6855301258017972,0.47690911339555736,0.2480493012426392,-0.12186882609139266,0.07635076086023124,0.6255178516289743,0.30784169630159264,0.14148207149727118,0.5925005726369622,0.10525038268369762,0.06478160500120486,0.6472479049544667,0.6448194760520162,0.5698021939621029,0.33117887807090524,0.5556519672200266,0.5040956374587092,0.2165295937425376,0.642098114835588,0.5248901753259337,0.3651908888074061,0.7077787320520335,0.5889025648015858,0.6370555361164861,0.5751915605551544,0.7020194008553651,0.6751291953335196,0.6768234578800049
PROMUSDT,0.3290946586468086,0.16005357046620886,0.31985586574300795,0.2865243810690804,0.33802738753381817,0.14680805466144556,0.5287718868821455,0.26821612116771526,0.08086465027856975,0.3620095938628949,0.40903608800795266,0.14724122162171613,0.3687236763676048,0.37743064590808384,0.09327542844439725,0.3668366570749903,0.16154047581405917,0.30326554241312204,0.38559174434707144,0.4496926100482394,0.23441855047483084,0.30810889766510047,0.48615777544359523,0.3410904651210029,0.08397638014847154,0.47081794707160496,0.2539938946220824,0.10855454030584612,0.39025878032936484,0.28946439264087653,0.4098807173820875,0.271520975341529,0.32499442279011637,0.3607820373944787,0.2687703450762498,0.056829988528445854,0.2872537113342196,0.1890712859738341,0.13745206260303724,0.2815891653746446,0.1490199617245138,0.12821317725368486,-0.0986153942484497,0.37640623426493225,0.2455518299662023,0.2813577478330646,0.21907463975605634,0.3851048161081325,0.1009628133170814,0.056925441760365715,0.19224489863867783,0.25344002764711265,0.38286655856775825,-0.24175023052942018,0.2472272310571185,0.15645553272690868,0.32625303131776184,0.3173303515484033,0.3242597022548529,0.375129328832654,-0.2121457844647057,0.01893949433068723,0.2124004114734406,0.16258792187056925,0.21901633511844937,0.22604493023934757,0.4779331360896315,0.3672708999307011,0.2340507073936995,0.21574476998320827,0.5538991865841401,0.4203056994022109,0.46932935843826284,0.3499253136301165,0.30914994142909424,0.3778968051297706,0.3449856842968506,0.23555757791334103,0.13793823574896882,0.3034447840890361,-0.0961521116913273,-0.0006062225190984167,0.02401065594342167,0.31330244755187675,0.43581115563936546,0.4312936111287309,0.2849304004789175,0.28660228049885406,0.3572693706660112,0.3964558440498561,0.079312865308598,0.2851475987201446,0.3221642404446371,0.2482565604404879,0.21018418994634278,0.42839542807384406,0.46226568698029125,0.35391337709362886,0.5530167062874088,0.20139536661793578,0.2236755647481541,0.3887556670127001,0.20640788877753538,0.1479344853744144,0.2901798693731116,0.15298135805544363,0.3184535600607869,0.19491383166150902,0.3300754587934646,0.23617233192343956,0.38045922576155383,0.3083149876594958,0.43231810743270466,0.2503863154413653,0.0456487873626538,0.4104800128728427,0.040332213519497756,1.0,0.508153982678874,0.26666695062022044,0.2290619216463338,0.08416253595234242,0.23628552046386125,0.2725990688297986,0.5128269337061544,0.18516658991049817,0.3684487015631517,0.20198380722725479,0.2980725036056386,0.022593280019819882,0.4083050881662227,0.32415425705054185,0.19835992934845484,0.365719230143455,0.19471656217774413,0.01716047975030266,0.23208347892962145,0.40097020728539484,-0.12313858421664647,0.2243670766196457,0.32475839560969344,0.34540857390973234,0.3086711457844558,0.19547831784670872,0.22740610078155452,0.17127411691131728,0.3893800873489809,0.04428389005095945,-0.12177448051463138,0.09109171801758176,0.4875480104895737,0.37582857721877,0.08595265870777802,0.18089299455766233,0.28722232394388697,-0.16440617152799558,-0.08989122475284911,0.20791050976182177,0.2690027539411071,0.4387491575640226,0.02704493675149896,0.29090484893063556,0.39348081249970523,0.026311964688353656,0.1562549872521931,0.1575485589518273,0.29486059506138673,0.24189836603622314,0.2682922591778311,0.13921196226722832,0.09650806981552022,0.3198410267869229,0.39245200237611916,0.10425501750561303
PUMPUSDT,0.7616464166288603,0.1584393262524219,0.7147792368303842,0.6482135227215976,0.8274089032813242,0.20745595221211607,0.6240188624011518,0.2457048312910902,0.404647243678399,0.7009080547102112,0.3181240178240843,0.05181682645240642,0.7127223810064527,0.8026312642583,0.5285013207534595,0.7312134420861242,0.5597990516769464,0.6931734918427487,0.7879709189366095,0.6422992427537025,0.45801770994732444,0.8072168209781927,0.5182958208065124,0.6577617417866044,0.5475963218787144,0.5840427672759331,0.6062218586931947,0.37743050978865283,0.46545020602352133,0.3222044235002007,0.46319523090254633,0.6953526089120489,0.7743465432931264,0.8491593097220799,0.7714917663218576,0.5413254964668716,0.2674035046412594,0.5808571739731293,0.4731358803054565,0.2680888516408692,0.4551666409382479,0.7369613325772402,-0.035288504167141216,0.6024593707690574,0.631697017325819,0.5135776143739877,0.8217009296400473,0.7644320984237336,0.12375806381798804,0.22092293359294188,0.6852889043001705,0.7240399919079945,0.7933564428304796,-0.24879130269907426,0.8019521769597694,0.6810461523988507,0.8097765079371446,0.7825842213919408,0.8201455663879894,0.8721226634335076,0.17365804191502815,0.2914547991084056,0.3275873435970706,0.5851516783024318,0.3225420634330142,0.5572409683121893,0.8261866542534726,0.3759334252142859,0.6243685335889181,0.7978685095306262,0.6772964875640998,0.4282719526661834,0.5351334758446954,0.7456848073852786,0.6284759817077503,0.5513345656345163,0.31498228399268086,0.7086837536287348,0.5507506045997486,0.5959586904383228,0.15677312243716757,0.4337515029395313,0.28557949392760945,0.7547385718331534,0.6845054762939453,0.5774178903494818,0.7312569242975702,0.7851645870080434,0.6243049859766582,0.46344896864850654,0.47007719470385234,0.7457427675777614,0.6428674756337438,0.7332348885607592,0.48701273702254805,0.7591368932435686,0.7621677309076857,0.7768580189145579,0.8445122576763775,0.3092195176224708,0.41820140223457664,0.10930067254650988,0.7232737949383327,0.46700900042349486,0.22762253430300855,0.14558966711484014,0.7019058519301542,0.6890274900738974,0.2846092699951264,0.49509609544057354,0.8750376511187818,0.8170848278330288,0.8459757164431502,0.7551859736982669,0.16926961846150784,0.46644251791717534,0.5179379405621354,0.508153982678874,1.0,0.25885945653935905,0.33934350096586186,0.49742632961010164,0.6382788886510107,0.5909426292151279,0.5802547394233791,0.5540466225745359,0.7402947366734022,0.5178000697531359,0.728478222980092,0.3211347611500319,0.6303019072405183,0.7272900339839723,0.42291443347248364,0.4748384900355341,0.5971554008396124,0.4271195853501856,0.7277334720568078,0.734618945171378,0.11331228881977339,0.3993710697248333,0.8444400468384585,0.6722638012135396,0.7515971682867467,0.2370015752646151,0.5443538110817521,0.6616723847606285,0.8276630728688102,0.40690944681278585,0.027591247669730812,-0.09773341572271114,0.4317779757888081,0.7118272012439684,0.2713191040431893,0.3949526847368916,0.6474551212368471,0.009647883138966598,0.13482197291528375,0.643464027394123,0.8106398408136316,0.6854157237549457,0.25582732114117546,0.775213089522329,0.7678628120974246,0.3708830234696863,0.6427880833539257,0.6442824135793143,0.5898050567693618,0.7782642170129066,0.6371265800574726,0.5746280720879113,0.7205622175393445,0.7178450063119102,0.7447279719933879,0.6645038204835293
QNTUSDT,0.12064947175342453,-0.20524145541622812,0.3408674591019017,0.20641201119527613,0.25906157062806623,0.16882578989486763,0.12767607080895363,0.21727121941330116,0.30875782198929397,0.26147931969902655,0.02551980548368351,0.01923607117992577,0.0982689933356441,0.21113116930413747,0.29977394610540675,0.29231048735148574,-0.008466083393846023,0.2697109907393542,0.19377479168718947,0.3598970254650786,0.26729056026236486,0.2045959193386866,0.11472508503548783,0.050781272682881684,0.28308700715887036,0.13216470450371195,0.32520550155315653,0.06375592005923905,-0.06810186486751543,0.04945903696473303,0.3609403103621561,0.08287701688011141,0.16946554319119983,0.1859632183524569,0.22102026171083272,-0.052547813649169425,0.28061896558113886,0.5092002885319727,-0.02259751484131179,0.11252219079754627,0.3260048977456423,0.28214606695349104,0.22915116875195546,0.10425525566037734,0.3165580712131736,0.1968295923277276,0.23228295552942052,0.1038372135625182,-0.1376474197352428,0.11845893426662771,0.09702996546299127,0.14530544767394385,0.15277955009834918,0.09854301340848047,0.138661854979573,0.08695550718686484,0.17441228103756587,0.3336761104595206,0.21849894004412754,0.20930809331776903,-0.3638412032341446,-0.044536457614046024,-0.1945569906442958,0.1932076768331675,0.33663160917903123,0.052332183303635586,0.20136775491987816,-0.02156700200380494,0.042643289573757924,0.2639402404123567,0.13459200953675493,0.22983183598915688,0.12257975080314719,-0.047924958073401636,0.22289985846248958,0.3894647251147302,-0.03793166671247742,0.08963980531641606,0.11451393459714733,0.30034369405253913,0.1901993272344217,0.007333467573051395,-0.07017657792352858,0.19920045142097528,-0.036844931465790313,0.2909449244217288,0.06526848121357154,0.21637962032781713,0.2575242295216362,0.005331089259024461,0.1864464059226093,0.24125877018919037,0.31859632237323426,0.10464023472778797,0.2163341774678789,0.23869626197064867,0.3254234439583148,0.049244756449535264,0.15372991192270974,0.18919681818074255,0.24026635981757055,-0.07766871512848764,0.146515952995799,0.3578458348307506,0.1837563174593054,0.2935856947211579,0.24516158528463083,0.144129089929401,0.08175312038821253,-0.13668680443028888,0.2710420074846424,0.22337461008504808,0.19653935426561883,0.3017043053888253,0.0330824105768872,-0.026647792082395462,0.18480751963019101,0.26666695062022044,0.25885945653935905,1.0,0.20702156399404473,0.3803547910330475,0.1685502969723568,0.41641111151237326,0.09971380012017987,0.1600017159835948,0.2088555076206048,-0.13890849177195552,0.20364838412415828,0.032956840490475627,0.3068519980699436,0.30289012519392033,0.12558857276857335,0.03986764251205698,0.36514580620512077,0.09809045337290319,0.202041623087917,0.263756219993735,-0.029480514377861117,0.134934066891423,0.25313065020847164,0.09015818606835113,0.10759266119000316,0.029730685900185586,0.10236001309617485,-0.036450736897393345,0.20747304260959917,0.2543568265076303,0.02512463961042308,0.015902493092283046,-0.039268622086997176,0.37957820363123285,0.08721971449631716,0.17402423902157063,0.04156281709272372,-0.08022149842969961,0.09342313676693963,0.14837697495540336,0.32040381137007085,0.3608971505242747,0.407414937629876,0.28266805614227314,0.19450675842513948,-0.1532180184285073,0.12618771624673955,0.37477738237918823,0.23555955727740507,0.16824378912727123,0.5193828761113111,0.38006517099931647,0.055461032335757846,0.11722658580836962,0.23214458994354548,0.2359497889680362
QTUMUSDT,0.6611004409053498,-0.18293044530506214,0.6551546879055228,0.7023281808765788,0.6440512875379442,0.018902439275189118,0.42103882981880425,0.744331745054625,0.34053051061024925,0.18404385675582893,0.2862951652264344,-0.12649830894783004,0.7097638451982239,0.5185598911815176,0.43889476695929125,0.5067638264760853,0.26113721802182577,0.5344628834006633,0.4230478904711628,0.3817264376088309,0.7802235106652159,0.6687866679159036,0.2374347143329099,0.36761454406669686,0.32781449413831204,0.5151596888131017,0.5878005863244956,0.29832532828374597,0.3784611893639079,0.40635325447143006,0.3154857063650779,0.6494852298443464,0.6048283845681179,0.5785057224640058,0.5864613504002125,0.5586010111534908,0.5963927989971177,0.4911993504458813,0.32068703672796334,0.3639552077709302,0.4216887728299742,0.5500082387611855,-0.10999135561338597,0.25585322219939155,0.6495700255059138,0.5154046408595742,0.5845024592989441,0.30980968644754114,0.3531175371368881,0.36241285789779204,0.7102772090265003,0.5794054939664529,0.3411308927713598,-0.24264522049137097,0.5894831838288618,0.6352056918180911,0.61181787083764,0.5128826714229003,0.4975212132275699,0.5200143476331939,0.1370727286167002,0.42579090544484394,-0.05106567950816166,0.5946936646183029,0.7569231775586908,0.5149753737812133,0.5184333696745065,0.10787518872495694,0.1697265739055777,0.5542481969495007,0.3428212986896351,0.6976386675890653,0.45979761066266056,0.37473680619243116,0.8106500366503466,0.6353884103585723,0.2649595636361386,0.5181099534122824,0.34677300269065653,0.6785296338888174,-0.0042731496594223635,0.26718247291428093,0.14809356683179625,0.512176765682352,0.5669107102687304,0.370997968593557,0.5201513997099146,0.6583245939558243,0.4821904694876326,0.27027179594244644,0.7493328318635937,0.7092993182452392,0.6685041925378709,0.6811474216383017,0.48915410924965663,0.4796012930005381,0.5695519524890567,0.43395350414067274,0.500750562684632,0.8240608840895769,0.13296126685040963,0.16129226124498108,0.5117690264618654,0.4560623099306521,0.575799695539548,0.41700268908696997,0.646916574845984,0.5776725350937619,0.14433139647921647,0.4616770695099147,0.5777747580358248,0.45535042552687405,0.6212027595866321,0.4133255402363735,0.25525337126174646,0.545535958302561,0.5942281832892146,0.2290619216463338,0.33934350096586186,0.20702156399404473,1.0,0.43520807081159474,0.6518404106869,0.37383368094849617,0.48597867665751515,0.5116808103510245,0.3990367216232477,0.5292568654861507,0.7655665395237716,0.19647199591280065,0.5821775089223419,0.6122524033075459,0.6345922828249974,0.2606410379915368,0.3066751540776592,0.5366420285531868,0.6227425494167095,0.5316697411938585,0.09135550851360617,0.47019680498718286,0.5501544159827282,0.6017248552094259,0.6510862752217047,0.19568808277889055,0.618330151158832,0.4390507359246247,0.5804508850644239,0.5175915190908448,0.2982970378962959,-0.15896421257003732,0.18922544643672307,0.6514839559485953,-0.014795656768068705,0.04923168629482938,0.6360137051413387,0.010776412542300773,0.060555831054210474,0.6673797279827777,0.6336570095225179,0.6054564698420098,0.22607110199328584,0.4886342410222771,0.4279846192196766,0.33611316100215044,0.6780451083736595,0.559902631594188,0.37734965959745037,0.5401145388346021,0.6494224226239489,0.4693136734312742,0.3946477634046445,0.6094135536995926,0.6606820999313721,0.6497447034650737
RADUSDT,0.6537935133808785,0.05331506287754455,0.6055795185643742,0.506912498642212,0.6521414186479234,0.41812285586283965,0.4530224385380333,0.25031590135046994,0.530928993538869,0.42790342789841096,0.307109328807479,0.12726780869165688,0.4810841438853208,0.6221918052770096,0.508765692045427,0.6689891456045285,0.419324338379431,0.6324172648474286,0.5069156447252176,0.5252370127557886,0.6362540439047015,0.6942787992248219,0.33374480968343834,0.6604193302690864,0.5778991386441636,0.45693911513066665,0.689429570524088,0.4704988437045966,0.2663552969189542,0.2986332294099583,0.39809445370187196,0.5204891868988508,0.6331776223516696,0.612730185889865,0.687820775429317,0.43023313795644713,0.3764799164756253,0.6387089098143542,0.44062504768001215,0.27428775132242184,0.45716736567589633,0.6849368188915421,0.00021181154482002168,0.33740646248328443,0.49421892787722643,0.6074466510029461,0.6217796566672622,0.37507145967214106,0.10579739428308836,0.18021410022160414,0.6286448196392428,0.4998211018982762,0.5089157121719262,-0.02418537985386239,0.6099854604852432,0.5639520768685401,0.6389901755624038,0.5597380093396737,0.6597659386269177,0.5691837678180007,0.1442936822907542,0.40622833036485967,0.2581685374371466,0.643588961961124,0.4053665518146093,0.5239973353732534,0.541944778583425,0.10847118372146118,0.3485485157624391,0.658686907524024,0.4161150235052873,0.3767003753720876,0.255265996557636,0.4132193122293479,0.6350995524381127,0.49808947731531633,-0.1542637982494177,0.5855523821747558,0.5158283929903309,0.5550396705497486,0.3408817093810431,0.5894793330588001,0.3573130071052057,0.4860251541290343,0.5332987817668752,0.5447211480941881,0.5914862005606687,0.6871760331472058,0.5061800597919526,0.3644584515836115,0.6774740329594396,0.6715254157280341,0.6496186230358251,0.681487260965518,0.5455504654439044,0.5729365233527718,0.6837385965720427,0.4232685527938461,0.5332872910737485,0.4411887225844577,0.5768612683460655,-0.06070491530386634,0.5579538930520453,0.5041908804343482,0.26099299459009456,0.4309447518684791,0.5747341124435122,0.6065776896671189,0.026404746459448306,0.3937196214547142,0.6138261793811237,0.4074566972519186,0.5751839408102497,0.5176587196328599,0.31090852831418675,0.5161827809288119,0.6329298076039581,0.08416253595234242,0.49742632961010164,0.3803547910330475,0.43520807081159474,1.0,0.664321983223053,0.381514379932671,0.40950066136507035,0.5725729771627501,0.47223540508025075,0.46513387373192433,0.6730527033196825,0.4673913819088879,0.4660703128775081,0.6094533877846626,0.35103406336756654,0.5522338442976061,0.3090266303078167,0.588765268012364,0.5998913093356293,0.693211572651293,0.17654473328277626,0.5236218610228299,0.6135340247015454,0.47351546978138814,0.613534214636568,0.43699337062314264,0.6929103758558208,0.5318128988708372,0.598799273701062,0.5680397432030787,0.2492783345864694,-0.04556540009609346,-0.004222858232504346,0.6056632979221216,0.13063685807243905,0.19319964119613753,0.5181158613767349,0.048470105364045196,-0.14894219751480714,0.5027869521489722,0.5860391669321976,0.6270521104690916,0.44568484911668543,0.536053741194083,0.465409725151648,0.24561692462629978,0.6476017816668961,0.5862593490053781,0.5417226513489268,0.5891010365563942,0.627126161846284,0.6140568034825857,0.5386675418908999,0.526974364278272,0.6379742927928405,0.7745093549489458
RAREUSDT,0.7788418080561734,0.13644288552805825,0.6778793480807934,0.7065613745560632,0.8065248587917505,0.16836544996358352,0.6103862633210784,0.5119108214584263,0.3095402750111456,0.44955479931188713,0.4135845896492141,-0.011461827318723593,0.731429626712321,0.6983393789355522,0.5406242391440224,0.6360984968570238,0.4746971886639141,0.652329215982761,0.6107978627794454,0.5928336146392177,0.7081508695573367,0.8183763781316457,0.3571408875423677,0.6374426282815691,0.46231905325795253,0.6275474209601998,0.7575105399985127,0.26710443054184974,0.43277306633567725,0.4978980280468642,0.3329113026618797,0.6617075097641794,0.749888990678878,0.7534925679795257,0.7124477735692809,0.5251724416267808,0.43112080119504986,0.6578318514060275,0.2915448264876594,0.3428258756668935,0.5293073811913178,0.7079571443942811,-0.09863674279343322,0.2592915831254029,0.5843730821837578,0.693624522237833,0.6892633488125959,0.5729629221073261,0.3196089699433475,0.3137578602703671,0.7246066581667646,0.6479398427119539,0.583448956171167,0.010865215405755243,0.7205821716658097,0.649818106550118,0.71220352320432,0.7366186141051033,0.7946965376676656,0.6714314465631711,0.17813712870506812,0.3760119911872515,0.2665830016660888,0.6745248215634518,0.5689216771898572,0.6553590620679038,0.7282945028442283,0.33948873183751427,0.42835885223855047,0.683622110050609,0.5715035135941373,0.6283984677483055,0.3295926316018147,0.5589727780460833,0.7853045748148401,0.6758325056288148,0.10649426179253488,0.6937834181057517,0.5485058421996966,0.5637983329899451,0.10778786629159741,0.3441854380707564,0.2605763341749581,0.5944088535219679,0.6179935905932114,0.5013072764380019,0.5004449977696327,0.7735481407797841,0.4112356773160905,0.3855777064008424,0.7470240404377767,0.7513996953598449,0.7368601108634197,0.8486096398491065,0.5837445169974708,0.618448779987108,0.6824175535792366,0.7374629393801972,0.7461820759079777,0.5880513559076886,0.3372802151418263,0.1551747436023903,0.5788338059613485,0.5185518753687014,0.4872354923381276,0.31807682932283937,0.6685950998426955,0.6405060523376401,0.15478671214676445,0.460080808778344,0.7440171561858518,0.5136211280698426,0.7622045768240341,0.6295789264706488,0.33117930260531725,0.593767471372806,0.665422861999837,0.23628552046386125,0.6382788886510107,0.1685502969723568,0.6518404106869,0.664321983223053,1.0,0.5292169972890046,0.6995101423510635,0.6210661191520991,0.6592934341751346,0.48519505582874595,0.8458562498341473,0.3724804844169666,0.760958644845929,0.6629394185997528,0.4544543024593109,0.47991629954432063,0.3273906476996158,0.5666779477144527,0.6809320790907105,0.7809720628078229,0.030188149035110703,0.6328905791306816,0.7331113987048486,0.647055134304393,0.789458029536031,0.5123517011603401,0.7365758751336419,0.6919259292513553,0.7793132513891583,0.5390922848433644,0.21120976853506573,-0.03867037242807974,0.29325408296605443,0.6869700121062274,0.2773492681749814,0.35402285797940486,0.6078444884940319,-0.045364393669777604,-0.0845581495078241,0.6321189024546774,0.7006816009617794,0.6366195272158017,0.2564161164596947,0.676873440003201,0.607649722759172,0.38867487015639807,0.7192432431522436,0.6203647784806957,0.4813828010091307,0.6663155235768946,0.6473399386750496,0.638157704641158,0.5914134809435818,0.618525197263537,0.7331361387118727,0.7718527642897071
RENDERUSDT,0.5848415596969582,0.009465056421067835,0.5542707274248814,0.4117650562822194,0.5630826047557859,0.2829513937769936,0.4039521719710413,0.4512127318104263,0.340464190066727,0.6271382544820645,0.06311977011182844,-0.17706950951648504,0.4856168887439309,0.5607814094421607,0.3149695430888846,0.5033720463384033,0.29511875425148076,0.3616144261847043,0.5492543806615872,0.45306900731408517,0.4786981253660535,0.6118709037139531,0.26714189560545715,0.3191753679738379,0.5336532556980091,0.518565562660699,0.45960412618870333,0.26734940723097644,0.36848929303540506,0.13019980234193154,0.5575414979949335,0.5309023185917829,0.589854209884418,0.5504235292515579,0.6177507058930375,0.4139839175601511,0.20333213055243296,0.5640730034711785,0.23255417807114828,0.2867652012850746,0.41768745078999037,0.5760942480963107,0.2976823693485685,0.20730255672043632,0.4915722182080667,0.35470541674786893,0.656085717353958,0.2744818269547683,-0.047665825447397524,0.25938052761094366,0.46774672809337575,0.5205633145200899,0.5072876912139114,-0.17439207712934504,0.46574937660401916,0.42210968240399604,0.5303312428059661,0.5918340906888173,0.5295720297294195,0.566613983896793,0.03465371928797065,0.05061033403987919,0.26087200805764776,0.51710485321931,0.36108173089676604,0.32511606780636043,0.6166634193267759,0.278126260661618,0.255963561309665,0.620982648738219,0.552105181649721,0.34653814539350375,0.2908720309439078,0.3550527605374209,0.4071651361258003,0.5584350338261157,0.22424172300118123,0.4260443418804642,0.3530959568583266,0.451223649381071,0.3399796963511678,0.047518150964137924,0.02455302209514274,0.4470464453485642,0.31645328588408606,0.5393921297517764,0.3892451717552746,0.5872723296609238,0.32833682143154214,0.3091355233551666,0.3373560615627885,0.5291584970874669,0.44633904402154456,0.5250982371490307,0.5221294076230105,0.4380226771348839,0.4746003926888595,0.47392434169205366,0.6097225507532306,0.331834955025623,0.333816897476977,0.12797416079098767,0.5148955043649894,0.5006817902284625,0.16110121118772336,0.2067269363981376,0.5520623454070497,0.4821692954722151,0.3092522416344802,0.21956097002458985,0.6572703594369914,0.5768785611782646,0.6705312640909158,0.5766541739126441,-0.15238046617790152,0.32749217706492406,0.4903139360318887,0.2725990688297986,0.5909426292151279,0.41641111151237326,0.37383368094849617,0.381514379932671,0.5292169972890046,1.0,0.5587736645475342,0.3901951982468417,0.6174120428101822,0.08461755522961911,0.5757138789380257,0.20174668579378152,0.5533868468207017,0.6245510224787009,0.35915448373288633,0.21399423332133563,0.3655875547288274,0.3543140134844013,0.5958222194221705,0.5394793172170077,0.013742537626216297,0.3148047721298117,0.7241726797963519,0.4211383722594589,0.5921960120305811,0.15515365538609127,0.23025679535076246,0.27624732655031226,0.6316905279545553,0.3357901175769074,0.4607526666798563,-0.08946645652560209,0.4413182086330968,0.4266061944065332,0.2819741013510329,0.37969473793036745,0.49465263594147224,-0.02477978086067606,0.18598917824681732,0.4500001759288068,0.6418301462426955,0.46479950135189324,0.23590471976500596,0.54729394858533,0.5662870264290671,0.4625197545358694,0.43851664928172357,0.6161590057847915,0.4926392183669278,0.524676340829437,0.5857762687763627,0.4310538957671774,0.3608771873682022,0.40608600248755405,0.5405140139305546,0.48230141314485814
REQUSDT,0.7180024526651247,0.1695992519927769,0.5622698243747112,0.4802652091917256,0.6042151335756278,0.15882631831310037,0.5368284510180021,0.3401684251650974,0.21627424642942966,0.5714587213916189,0.4156639923620175,-0.1694886141176088,0.6248894251236446,0.6501853110202368,0.4019573976441092,0.5861373922474726,0.3519205645035265,0.5076402785943365,0.5015746883478045,0.43629580553521524,0.5488461172230044,0.6483723643142264,0.5283134165381689,0.6133597838926845,0.2867922960848386,0.7591008045921669,0.5544491057452738,0.3523715403852162,0.43036292567295276,0.3801205186970192,0.5242021682687557,0.5838098631863825,0.6431159160562196,0.6334615268799861,0.6326756015427757,0.4776813139068318,0.38118702358116524,0.4804194915036758,0.24469233113932096,0.43458129851693106,0.5197884763137202,0.44400795094586626,-0.0889816939445555,0.34544272510942314,0.5535754185814885,0.5669280052836901,0.5361819371655068,0.4019355254266757,0.151011116924402,0.33000987871384935,0.5853270430056042,0.4962814640062654,0.5020441475155909,-0.05651291541278571,0.5973504985841231,0.4880776989760974,0.6034590586933091,0.6383594877399926,0.5473429695672289,0.5973168887390472,0.07475952406241217,0.16776641420637542,0.2822260622133935,0.4857043457284969,0.3176498031245905,0.5133869303935857,0.7952911532460322,0.6413952206062511,0.24038239652670118,0.5809980310865066,0.6721162597596968,0.6044459747103381,0.5047766121408828,0.5446421883445949,0.5555863176843442,0.4788454274300906,0.23853225196831457,0.6093520189844948,0.639441028042625,0.409208018196701,0.21134488115556932,0.06774749333499064,0.210493509082966,0.5008121027012775,0.5880110022200739,0.4633121720043417,0.46575401289033913,0.6106632641971058,0.4350238742085601,0.48728536747390006,0.5654130151157486,0.5909061446805737,0.5515048663111818,0.6522903797886349,0.41925430210388687,0.5492575328202627,0.554992652973341,0.6006423734965974,0.7654430720118819,0.5529170614089051,0.3681989738997918,0.3905616399057927,0.5117640924231333,0.38026379997709653,0.2399202837253549,0.30299052867371057,0.4635127619825368,0.5560576485369324,0.5094791084039894,0.3511635082916301,0.6550009431119401,0.40817050194305043,0.6466102720756909,0.5324316007132542,0.2706335016353738,0.5571863541313358,0.4476449021319031,0.5128269337061544,0.5802547394233791,0.09971380012017987,0.48597867665751515,0.40950066136507035,0.6995101423510635,0.5587736645475342,1.0,0.6469419922022848,0.6666883671134425,0.42837441711860264,0.6387616701328416,0.2310326327880751,0.5782110143051319,0.6676649551586282,0.4480282896893924,0.4588927668872071,0.3327048236014017,0.41577329432668625,0.5649825179416575,0.668258663462087,0.22690274994354714,0.5690148426603493,0.6242813211551397,0.5877174423529062,0.6905951049876261,0.37035336523304657,0.507093833108651,0.44363320272895984,0.6557646560136412,0.3762861176645636,0.12642295670032674,-0.023241321176261057,0.5620924851747306,0.6624684346837738,0.08579612916267067,0.28088182746918894,0.572813010227861,-0.1401817317380904,-0.03834128993552211,0.4792163228717666,0.6004953011598092,0.5888305651903057,0.20654992644442446,0.6288904058750169,0.5814727960487261,0.2911994755997578,0.5093727466489045,0.5559059805428828,0.5622811144133654,0.49690244907191006,0.5005682870057401,0.4454122482705555,0.348080444247413,0.48312999322679223,0.6622492321000981,0.5568338855127548
RLCUSDT,0.7577219853260394,0.0478808648648325,0.6824595603405629,0.6502202074910383,0.6816551508270682,0.2707139102417461,0.29938840558109486,0.42858291576206436,0.3398079085236152,0.5628306572386383,0.4573839177330309,-0.1789210646766848,0.531313366988316,0.6656736477943462,0.6369984324094038,0.6206928740981933,0.5069538812950121,0.5706701097957081,0.6419319159526345,0.3156120112129357,0.54100288332893,0.6627646065236943,0.41796811463345046,0.5593799221908696,0.32927180011683616,0.6305239132285471,0.6440273916143464,0.4041019976160549,0.5443337450680678,0.25622712147743243,0.5217650282925458,0.4975144445532792,0.8007393608236754,0.7533433653471903,0.7197527996060429,0.38832691391481317,0.37822178717828553,0.5725929844258255,0.3980915982416387,0.33996356520395443,0.6581971593089352,0.5176441039675304,0.14063912458753325,0.3906641781091839,0.6155101815338716,0.6894416271685245,0.6989618309682667,0.6017527319159394,-0.03568575376337499,0.3956350272015781,0.66446573839409,0.5342444370921534,0.46226359389409366,-0.12019113454487296,0.7631909371491319,0.6098251114560458,0.7750708138395485,0.6599574478289333,0.6719251203331135,0.6048032350739203,0.16727880029510353,0.3241178627245273,0.20797372772533265,0.6157245028790608,0.20520258665664398,0.5998789677771024,0.5997721411931962,0.21637725807878497,0.5309522285583722,0.7498585497603011,0.4099125857046848,0.5445346100702448,0.4946432898881824,0.5358128900299767,0.751185618156708,0.49141086376965726,0.30282850742210277,0.6672489946629291,0.5066913653842969,0.6055564183333783,0.3191889769665861,0.29521289851795685,0.1450237434840099,0.7456396810954926,0.6160118360856877,0.2867818831294129,0.543868886753217,0.692575914905372,0.6202118150957178,0.45450036414051187,0.7101051630662275,0.6981063621036732,0.5920444656232714,0.6950569068872282,0.5865589835645288,0.6122122930098209,0.7061726019612767,0.58749045605374,0.590679312790416,0.417845369081005,0.6083929142443988,0.07550817462233235,0.629983573751796,0.730286761120777,0.050800704158554866,0.28319850665913987,0.6216599137130949,0.6625408091575976,0.31117866669976363,0.4154521616991601,0.6761997455852499,0.5943606520226675,0.6324716497818771,0.5214773435300485,0.38580282601104715,0.6630678476325298,0.620585216769853,0.18516658991049817,0.5540466225745359,0.1600017159835948,0.5116808103510245,0.5725729771627501,0.6210661191520991,0.3901951982468417,0.6469419922022848,1.0,0.5103110442976426,0.5904375063755589,0.7098634801594035,0.2352820910357788,0.38112309224125523,0.6285632856210076,0.5902748152553894,0.34848906132955615,0.33024782328044244,0.595168708766201,0.6297291861103809,0.6247675776550711,0.34481178451556277,0.49530768010259657,0.5997031822978728,0.5701254251466239,0.6333739396561292,0.368820279757455,0.47580976080972254,0.4242378219155552,0.6898768263135756,0.5547284149695461,0.19579358141425524,-0.15873372357084653,0.08387651745355267,0.7214648612893968,0.21310302807077836,0.13387879953560994,0.4851079445167417,-0.09534307717183135,-0.00219591841731219,0.5156704422725685,0.6846178571767568,0.7710492108966529,0.30439317510395997,0.7405577973809736,0.6742225450387582,0.4083634375686984,0.5801045228978323,0.5951917344186254,0.4328216276297686,0.7520420594540806,0.5826062973256624,0.5730532519794993,0.593673276866611,0.6374123767166066,0.6157282625530517,0.7817657825402072
ROSEUSDT,0.7383089527813687,0.19539274444511198,0.73890357299279,0.6242002006751093,0.6781914082462726,0.09211852757299048,0.5312382892228537,0.2871643096082697,0.36136448988683684,0.5775389416388846,0.21930105816346337,-0.1781478259150295,0.6668381548066309,0.7385603787657733,0.501932200304935,0.7337489032666217,0.38905287803252997,0.5819839644745818,0.6295525324252875,0.5141144861454917,0.6414468274048712,0.7526575967746197,0.4741474650399241,0.6944802068215898,0.6076493164246083,0.5969101448144425,0.6145777528372026,0.4363975423665134,0.42460090191116356,0.36524464820216895,0.46788631654775137,0.669647891089787,0.7081718113555903,0.7293405327614085,0.7011936751322352,0.6194930460544632,0.20441043931351255,0.5573862740652168,0.38256829550242055,0.39253078539898434,0.5495511632403628,0.6655159646899919,-0.08038551194889583,0.6613365978410098,0.47778240970756414,0.5112616356641186,0.729246799969893,0.564108965027758,0.15546278304900846,0.2811652284994358,0.715988419851984,0.691714881319562,0.7123990043161169,-0.10127637266279432,0.7323089603372972,0.5635679866577724,0.70592169155181,0.6735216773931805,0.6927989588440724,0.8283992662547474,0.17442720869843673,0.2153185959038268,0.2755844108223724,0.5926074930481069,0.35422037632983194,0.4162974313692862,0.8062485908368702,0.4421164976019496,0.44555905696581666,0.6788610283275048,0.6101141901541243,0.40566542198864586,0.6238805158570725,0.6771043432014339,0.6314333849771583,0.5653209453422672,0.29977899998985713,0.6423481676784611,0.6379113621055987,0.5144142671449535,0.0616881824708768,0.24704568033112598,0.12421803226890644,0.6438628477257634,0.5789750703122251,0.4188050951693454,0.5816019295593786,0.7113540710690119,0.6794753061766704,0.3035611602175027,0.5434582813847879,0.6689034696670147,0.6558372519583578,0.6815377417463948,0.4503635444582844,0.7799626383043362,0.6074338004848615,0.7297459655551718,0.8015019076469223,0.5037274964005218,0.26927269072886695,0.10012169266256343,0.6018152200635576,0.4725841353613946,0.3172091829102777,0.12717820690666995,0.6243605868357444,0.6642502716188994,0.14867970726212143,0.32482662974106497,0.7790865237624829,0.6200282904524994,0.7844789528428265,0.6809631335201382,0.10572691567816522,0.47483926109828967,0.5369248016156694,0.3684487015631517,0.7402947366734022,0.2088555076206048,0.3990367216232477,0.47223540508025075,0.6592934341751346,0.6174120428101822,0.6666883671134425,0.5103110442976426,1.0,0.416528526176292,0.7423996537141698,0.4036998871559481,0.7101263979886367,0.6906786065152364,0.3908059314560706,0.46192702353835696,0.5949327217492454,0.4903050331735892,0.6948696585799532,0.6303900236149582,0.06834560241153015,0.5607657513445107,0.8052989597592762,0.6900370846261484,0.7522414456533922,0.4366316645339741,0.6101047844146739,0.6273336974892078,0.7791206665276046,0.5122071260249663,0.25409657163504595,-0.18231014702341553,0.5344840400613244,0.5968947865878605,0.21203085678072775,0.44728594869711835,0.6577988748581769,-0.0022313754699281123,-0.02808187704919461,0.5602523675843593,0.7392037604888406,0.5707841713654295,0.256705100714837,0.6775310307410551,0.7706693890163837,0.22686665638509668,0.6598248129465568,0.5698658839910103,0.5413057577091824,0.6986057113646846,0.7071972005996214,0.6920835672893484,0.6018406766330442,0.7333545314134895,0.7094040218265749,0.7134955444513731
RVNUSDT,0.6991133603289881,0.12246085512417458,0.5650212763360012,0.6447815636476789,0.6487241093714243,0.12409811226600197,0.40037645365244445,0.16029061971208625,0.37486763758421093,0.37954986572275834,0.5157989281999293,0.052801671160066684,0.606326752411326,0.6009793889730192,0.3984456529265226,0.4987915891598257,0.6645707428891032,0.6384652497354003,0.6215571407843008,0.3299774728352495,0.5086462605586715,0.6279345491622115,0.4135450924137353,0.6338809615267472,0.4155370783622801,0.5311156265776377,0.5079617549426788,0.5667830733811305,0.4265223769423589,0.19062301834003945,0.2723817989759178,0.6522287586418238,0.6285731769874062,0.7119470420717867,0.5845326996142892,0.5809215239436869,0.34943937216708726,0.39786339444082014,0.7021379321954332,0.3399857070741713,0.4045294347210973,0.580028514302437,-0.22578296991021293,0.4870694732753398,0.41008081878314667,0.49182794280789927,0.6119727607479575,0.5053231647319772,0.21366845000339524,0.2189641814223652,0.6871521091400835,0.5853817838108081,0.5608822089245232,-0.3677920707811824,0.7117085099834135,0.6761451914646432,0.6677467040858664,0.5642331942479938,0.5341317165245113,0.580653419975223,0.08984532250557793,0.4086389904960209,0.40184858347627544,0.5032023532549843,0.3958790324225942,0.7027367773439868,0.5788582384734205,0.18873885658557704,0.3416124463950295,0.5551018597423186,0.47876174043822417,0.5096980142638607,0.41069727360912955,0.6355187195834883,0.6007308692597024,0.31824158578231654,0.33562959868862635,0.5773914804938547,0.40729955074465607,0.6350745683244708,0.014574394533031141,0.5638002337042398,0.3258044082115828,0.5424634709240205,0.7412380339394584,0.41339161913303435,0.7207079176677369,0.6596569214558501,0.5217726765985116,0.456309719159851,0.6868092415354756,0.7128938595552105,0.5416428816815689,0.6686668123872489,0.4223929984051888,0.5932894819251596,0.6854424855396029,0.4897737809892265,0.49894875192600496,0.5454269504224326,0.17961454291453613,0.23378902072193616,0.5618807710197088,0.43653456317613765,0.32518817656715243,0.2978659677368691,0.6738453824444298,0.6171295220946706,0.24291074248976913,0.5038139794408695,0.6087302903635627,0.4732020202425356,0.5587835768385496,0.5101083008386608,0.6378588430444316,0.5245459028332529,0.5772706084387749,0.20198380722725479,0.5178000697531359,-0.13890849177195552,0.5292568654861507,0.46513387373192433,0.48519505582874595,0.08461755522961911,0.42837441711860264,0.5904375063755589,0.416528526176292,1.0,0.6706414489338182,0.4065271856470572,0.28513009104358944,0.5816657020536032,0.41639599966714047,0.2977267510198099,0.38029910555633406,0.4191425243226243,0.6410858356637106,0.6302126352631776,0.2937778885199019,0.35125999349431986,0.5214425352618696,0.6009702292584101,0.7131959589267568,0.23296254620898907,0.6629045281870248,0.5983462915811951,0.6279618354730502,0.4214194415996709,0.13616371667629298,0.17855951734613595,0.06866977152526288,0.7131188543487877,-0.049350874780449604,0.05654182709347932,0.6470336070873443,0.21685071203988374,-0.020479419908811546,0.6278264692108997,0.6096529685100587,0.6468174058540531,0.24535957783883444,0.5588685007975721,0.5735502380393627,0.35844334153894714,0.702212267463082,0.4838558735531429,0.3117337201927946,0.6329276379859825,0.5080401543392676,0.43901452941890917,0.5904941469849135,0.6805243053891414,0.5632321274314842,0.5790939636867694
SANDUSDT,0.9198440523401822,0.10172294943766942,0.8648329800291664,0.8683972851164377,0.9216409356357073,0.17620752471935722,0.6649601248918797,0.5699338067563068,0.5200168301131376,0.5168500323875319,0.34119452411658413,0.01673520291848687,0.8362930449840932,0.8363030516676534,0.6670137333846213,0.7875777600264752,0.49033829696227677,0.7679262205153077,0.782899401173031,0.5935908340343129,0.815627420179981,0.9312728661685895,0.465356621504769,0.6929161152606649,0.5562409600692899,0.708896485610706,0.7990823911606505,0.502348553406121,0.5996747433347779,0.42987343021229585,0.49846769467631113,0.8336228444823391,0.9162424637467393,0.8947492746699816,0.853806072930923,0.708965174813441,0.4780889091932548,0.6839994586895489,0.5411025442011254,0.4366749799330173,0.605537986449603,0.8071585065259615,-0.09600445752978488,0.45328456428907354,0.6689927475035112,0.7479020957012891,0.8716094365669814,0.669929038466189,0.29818227047323237,0.3635558589195955,0.8811437418085553,0.7981215570898501,0.7060829519242638,-0.19970888162172487,0.8871785506988688,0.8604009076509486,0.8923574707254553,0.8078652178256057,0.85890452823746,0.8531236420215907,0.2219154566784845,0.4307280632871721,0.22330638268267328,0.8585140212141988,0.633401629714556,0.6694802641401423,0.7950412052637518,0.22485075138557234,0.5379491334601605,0.8536707415608367,0.6019023114613067,0.7083041558976743,0.49224869122423126,0.7277398053159733,0.909550292257124,0.7378160510623799,0.36882407681532575,0.7745658570243876,0.5990954516256758,0.7686599781336402,0.17132492712713407,0.41016668810535917,0.2673262454286419,0.7743825213438728,0.7818914786048945,0.48235141813290305,0.7309882897773146,0.8920294547236755,0.6459784130013839,0.3933737667066615,0.8391852716515853,0.9304559114131895,0.8182332682748169,0.9134390701355689,0.6481074578844703,0.7682296516940957,0.8188587274503584,0.7596952766741254,0.8044816209566956,0.6734354317253509,0.40127518898669856,0.18774011413466987,0.7451907682783084,0.6386916330189361,0.4876177662602668,0.34197199207444595,0.8572233752963083,0.7713157338011968,0.21009380740145403,0.46526865608547685,0.8939322605673358,0.7663448912857582,0.9211295047688195,0.7496479661656325,0.2718755547321157,0.7042280769889953,0.724715706658409,0.2980725036056386,0.728478222980092,0.20364838412415828,0.7655665395237716,0.6730527033196825,0.8458562498341473,0.5757138789380257,0.6387616701328416,0.7098634801594035,0.7423996537141698,0.6706414489338182,1.0,0.37499001474170746,0.7367709602098418,0.8511790612154179,0.5277671535942688,0.5304902900692583,0.5331199587567447,0.6663411994119512,0.8750989394604587,0.7980610928357557,0.08560141302754054,0.6422307590897094,0.8841204899361822,0.7695298944009387,0.9022628423664948,0.4040798741798574,0.7729442210714228,0.7192048257426271,0.9187728199194228,0.7338713189125575,0.38654514128785605,-0.13103894804068436,0.3148126986464971,0.8077325253197367,0.24998730837876929,0.3741534025705712,0.8103604416081159,0.04822959954967791,0.055736500275849823,0.8170052915794902,0.8403561055153593,0.7879304303874729,0.3799857467848474,0.8221258880528785,0.7603963904255543,0.5270677191230517,0.8522637709208148,0.764879498673992,0.6348738411557735,0.8667317962140647,0.8519802837143433,0.7530684727269411,0.6928061358288002,0.7824517311412226,0.8310787567222448,0.8624627329107049
SANTOSUSDT,0.36563789473433356,0.1287321129317373,0.1937045926889185,0.33665665710135684,0.39198477774329105,-0.007997519228966804,0.3089293325477438,0.12150934677022847,0.06590375269039866,0.4102260226866911,0.07144729166213754,-0.2991230912040195,0.4027832883956449,0.3065637235676602,-0.051169260770676996,0.3455079448969724,0.3084460941099756,0.1881201856471649,0.24433507610533486,0.30276553429049374,0.3649726523249146,0.3809239886589219,0.2395205843877331,0.45854735658856194,0.595843154381756,0.1655276837986971,0.2991607907205754,0.24322516991371043,0.05312361024159284,0.2623580059938554,0.047173899262547794,0.33189687464640033,0.30354387224897433,0.35860129554967474,0.3048929692481156,0.32419943498009807,0.18063294435129298,0.2644440004831305,0.6953477987189424,0.1897888532034289,0.3104446741844204,0.5179362267391948,-0.22507439809396487,0.14806112142886227,0.24750257432662176,0.19228408359897345,0.3618081165154346,0.23523787275640748,0.12182204984016462,-0.06145485660991228,0.2924873710538021,0.23004114348524116,0.5174292130322717,0.049256087080869454,0.3224420227605191,0.2184834297398299,0.3117758102710629,0.36137552913472537,0.16427631966627948,0.3804893626252704,-0.03155582073325878,0.15811512873837721,0.3845875748463769,0.2236107113272075,0.3209377792793232,0.1973755522160992,0.3361099225515893,0.10802559404741384,0.20703336543061296,0.30794966046698663,0.31509264675201515,0.10496706512818596,0.13040322447283673,0.32191390639788753,0.2607619745667185,0.31064166598739645,-0.15069817899142654,0.16880179240463086,0.09143743025026449,0.3444410978112804,-0.08854946008808125,0.2271580142239094,0.05626246651654706,0.16649780532110275,0.2651852855355377,0.4462362129705687,0.40219481489935893,0.2880549001885138,0.1597019861035543,0.21183204694090646,0.2658457435578947,0.37071029371509345,0.40375595341639126,0.4075713548772368,0.09862210172531553,0.24608821008682447,0.38090595598855237,0.3177982811435858,0.38299121103897704,0.26974364909202114,0.07872752439458515,-0.039929060504349106,0.4077120182786245,0.23768844416106047,0.32819194505186805,0.32364596241604326,0.3572464207421232,0.20706274658905938,-0.10436074715171689,0.25823954691805107,0.29706090071599395,0.24658831916234442,0.40933630709354474,0.29022643941794585,0.13269848273181473,0.14845600141381568,0.5420611710562296,0.022593280019819882,0.3211347611500319,0.032956840490475627,0.19647199591280065,0.4673913819088879,0.3724804844169666,0.20174668579378152,0.2310326327880751,0.2352820910357788,0.4036998871559481,0.4065271856470572,0.37499001474170746,1.0,0.3414147856714732,0.2615688573554251,0.20006974764753285,0.28630290998726143,0.12248468050332086,0.34175445000719795,0.2443822395538802,0.3491207228889057,0.025548254616820136,0.028340005980492418,0.28791506766927083,0.404623977745614,0.338790981166372,0.11367695075591633,0.39834433290245497,0.45961294250331663,0.31601160017760077,0.3269160992027393,0.1323250168063234,0.14471250398351607,0.16098716482055175,0.256487179686163,0.0234481551626295,0.06857572127934473,0.3833013078110755,0.09278423229510036,-0.047558780747692576,0.2907600316051035,0.3485864125944636,0.13297085853725343,-0.004017068063015394,0.32111358766937886,0.4327008362624545,-0.007999766319987615,0.32025666577779394,0.28354712502212454,0.21389655595801607,0.3513036612175707,0.17528906945229863,0.20076535727758799,0.3360605219152352,0.40415908379774756,0.3436950570250254,0.3500791359285947
SEIUSDT,0.6819533339482324,0.3581877243533796,0.6745390075199407,0.5813176394229241,0.7905086600448497,0.07451368665873824,0.5244099701615246,0.4939110769499894,0.3365871773902166,0.4173271351219178,0.24649982169164983,-0.14376406485559626,0.7602524003063059,0.44957666588369954,0.43453419143332206,0.6572546358519644,0.42670177703439854,0.4966758011173424,0.4283380334284353,0.6759401112580579,0.7821760966855337,0.7664670632149809,0.26600913537539284,0.5230108164896303,0.49897306286269827,0.4691479567037966,0.6306250074718044,0.1645752266223869,0.24527333836833462,0.6667704536933123,0.34583748890729255,0.5869569605515453,0.6348396757679485,0.6660598536081419,0.6194001680067792,0.555705500159217,0.4679520123686482,0.5249992860857394,0.24737318073144363,0.21798095175882234,0.4106238580056217,0.6679370489917885,-0.12892005470908144,0.35073908929383374,0.5707067870038075,0.3586403251589497,0.6666376501289984,0.4701767645330268,0.506403361463886,0.31856271090662175,0.6196698148141002,0.6364168691189692,0.6171883137795371,-0.0654806029110774,0.6522436067330335,0.5648336518417861,0.6482099242961679,0.6886681554877838,0.6287284875356344,0.6848638614160933,0.10557647674005342,0.304568949602082,0.16962360095852924,0.6144384872736836,0.5798149204227545,0.5082525241313495,0.6555834019136859,0.24566841009028098,0.33480588809964146,0.6548705038343666,0.3925104674804168,0.48838826374436584,0.2778416709090008,0.5079001499886726,0.6365644359149052,0.811032853495741,0.20576035404213486,0.5095728226549382,0.4038849821130646,0.4650282274622129,0.08737016518376328,0.22459593166737496,0.17102359385658372,0.5674476069411051,0.48593261760454465,0.38731013550069643,0.475952652790476,0.7167483190157644,0.4395031901228465,0.3017273320903738,0.5690520853156675,0.6526123477766472,0.6675273558603859,0.6833301360941857,0.4278917494377422,0.6261695146344138,0.6620269043285982,0.633867702159184,0.7179136359030023,0.608362072529582,0.29786020019309295,-0.012436933379406968,0.5139877484809325,0.3969526573226054,0.5125765838469675,0.32766349834914477,0.6058349495922342,0.4630638816587077,0.07056388101798261,0.30959066156146897,0.6915387999440515,0.543399983189182,0.7712847278817713,0.5975917619093585,0.16997567897894633,0.4697521623072242,0.4350381644785343,0.4083050881662227,0.6303019072405183,0.3068519980699436,0.5821775089223419,0.4660703128775081,0.760958644845929,0.5533868468207017,0.5782110143051319,0.38112309224125523,0.7101263979886367,0.28513009104358944,0.7367709602098418,0.3414147856714732,1.0,0.658497771680774,0.21800027676853964,0.3979810453540671,0.4331436673788742,0.3698949590996077,0.612769069040463,0.6709741202612698,-0.03193141157633803,0.4995948654986701,0.6985859372284796,0.8152870589935725,0.6812432635601392,0.22157966854100913,0.6117393485900336,0.5828525979791626,0.7084107562160992,0.62170487993483,0.26828781292714443,-0.012283438785550535,0.46455054677007257,0.6058640901768985,0.1815978781291629,0.6367592506704511,0.6267256386556582,-0.25913753982631665,-0.21726319359718754,0.6314425773079176,0.6951521688057971,0.5404031924961833,0.2187685464746394,0.6233128876359175,0.5937963629488591,0.25959283057771465,0.6390206890721667,0.6218765477346638,0.4148283919098135,0.6391696960530815,0.6419412662080983,0.4518340126015884,0.4772093968306493,0.5598861970531805,0.6889079533626518,0.6048224365590678
SHIBUSDT,0.8096086328583165,0.16190690480668274,0.7891349980575525,0.7212556312028,0.8419649782751849,0.19522329002810565,0.5758859550340942,0.40804821366793637,0.5090636704547047,0.48553445927391603,0.21993128057529607,-0.015282704329624386,0.7743013775331563,0.7029742373207517,0.7162827563512968,0.7284969360562894,0.5075929707988143,0.6775054907547461,0.6530287502365324,0.5399778836849944,0.6985539816847786,0.8815956232023611,0.38827758356467135,0.5830660270665772,0.5717577525098252,0.6097341258238926,0.6787645032517077,0.5009155947732561,0.44870018240365456,0.2969711384259552,0.5183401609629043,0.7199391184752307,0.7893183541544555,0.8433986383913462,0.8137528527640995,0.5832247729717466,0.5099706818128473,0.5972998325787182,0.5720765272982908,0.3551977515060261,0.5620041590317597,0.7144776023305237,-0.014816253238195744,0.4826425388482564,0.6641965654491966,0.5960785436841145,0.8782382450092858,0.5711986130586981,0.1966495286888716,0.40213407188340566,0.795805679144951,0.7066610973376601,0.562209896341292,-0.26094896770557324,0.8307928825364504,0.8332621608225801,0.812250374945176,0.8048594265200902,0.7933473433400443,0.8451046101282429,0.2109336188383508,0.3500773499689515,0.21696282505741715,0.7555556785558533,0.5747239830085225,0.5685282444333563,0.8208014305489392,0.31483261410932645,0.5049332947307881,0.8326273187341566,0.5799112079758867,0.5688147943241705,0.4287847364006076,0.6441040625858511,0.6903823734226612,0.65969848458587,0.2990039349501696,0.7561916136439765,0.6669284733736319,0.6536395306952046,0.3562820589708248,0.36506841929806266,0.3701032392790304,0.7514784172150966,0.6472663964786455,0.41101788017239466,0.7489146045050201,0.835499913217421,0.6226108764829581,0.40137190636553133,0.6688121269039418,0.8686292202115865,0.6748041969254479,0.7749276463945057,0.6172194525848199,0.6825338826095392,0.7422222115136208,0.6591453759954734,0.8109275990730691,0.604340294957822,0.3329265393537213,0.15499698077978974,0.7058220626694315,0.4888332993569379,0.3649935504888588,0.3554241404252026,0.6912752251137321,0.6808050792794924,0.3426820245059917,0.3086279027061794,0.8159513003331899,0.7833117771893626,0.840055014690312,0.7968631829347744,0.2575532249534967,0.502133813272789,0.5617715357032483,0.32415425705054185,0.7272900339839723,0.30289012519392033,0.6122524033075459,0.6094533877846626,0.6629394185997528,0.6245510224787009,0.6676649551586282,0.6285632856210076,0.6906786065152364,0.5816657020536032,0.8511790612154179,0.2615688573554251,0.658497771680774,1.0,0.39795838593404065,0.511843220367572,0.5834516913406965,0.5974476589450299,0.8532709697137644,0.8526439745248717,0.3400648087986276,0.6239584432565656,0.8390061199479876,0.7145005112437005,0.8469560052886499,0.15133256870191167,0.5947569165375587,0.5263614937847853,0.8387047216971074,0.5862269077570201,0.2758377642613224,-0.17058516217920774,0.45256359139463,0.7858353336957022,0.2180460515951117,0.39280275961998506,0.7497365483192406,0.028029663146886083,0.2362656273581121,0.7884460856463313,0.8032279330367434,0.7277470132994878,0.4753264435472005,0.8323423352303418,0.6708559372938371,0.545893738237282,0.8081938998843705,0.8286489000437318,0.6053123448357308,0.7956056381455516,0.8295985249013459,0.6112085581171354,0.5709758829167377,0.6446408988330954,0.7971083549600148,0.7934041533752453
SKLUSDT,0.5976851245814621,-0.44108118733932355,0.4999751577176096,0.5121366657871861,0.39404997152848126,-0.04216716999834138,0.316339850537678,0.51998855808157,0.25209212901699635,0.29636685524779893,0.39429212992694634,-0.209753370411494,0.49863637924373855,0.6095457957585039,0.2982974392442773,0.42968336652787703,0.25270428927550637,0.5004595490582765,0.48481273049047846,0.3286609759771719,0.3826245822075123,0.48354197083729517,0.2794678427596205,0.3811385731235269,0.27308906237009856,0.4508047456706636,0.3927158056986377,0.3019063214353101,0.3829068238814913,0.23389671689951252,0.2996301179214878,0.5253291920378149,0.5651468216325464,0.49851102325313945,0.5606848738234449,0.3594947169232055,0.34709929349789226,0.40762335816440043,0.23425026292439644,0.25021981164715346,0.27651347237080376,0.5017588245545357,-0.1170339620080603,0.27207689354866466,0.5659073261130854,0.36162537446033827,0.49036966876940113,0.3556859979597569,-0.04066633044426779,0.06927704329460337,0.5601282549399972,0.48118608648496447,0.4028281613654878,-0.09617055507962725,0.5227203793776293,0.3734827704615608,0.5921332891366645,0.3966867701242163,0.43509999486393114,0.4683313207875442,0.17512610447054316,0.3194582296580144,-0.08627961550322608,0.3664574326452561,0.2064466804142122,0.30771408496379504,0.46439112188259224,0.12630677970306217,0.33320193373941,0.42663978092161386,0.39918925654418674,0.35812738226432267,0.6943837270065106,0.2809982323174203,0.6771277425260391,0.27950712912516607,0.22756822417330116,0.4138792947597277,0.27869987395685775,0.5711363657146626,0.04358080762395959,0.16560158383481824,-0.048694746013755806,0.5096458007830029,0.574964244567339,0.30236625561591984,0.4850327302562891,0.5233816184153155,0.4659873632151926,0.16646881747558134,0.4921109130061194,0.48315955187155984,0.48163298141407773,0.526070362306193,0.3495809308063903,0.4195549808172905,0.38964096493988926,0.4129602467416501,0.4876020084051709,0.4019107107901964,0.22180227545165399,0.05933555997489637,0.5618801220089441,0.3522388378610443,0.01554038206370316,0.15472291990517303,0.5855357463360493,0.7585860267662448,0.20003666828023645,0.5630514510846938,0.522209102087357,0.43269358261603097,0.5105128780760283,0.30856649846991785,0.1439833369630566,0.4454266515478807,0.5400277205757249,0.19835992934845484,0.42291443347248364,0.12558857276857335,0.6345922828249974,0.35103406336756654,0.4544543024593109,0.35915448373288633,0.4480282896893924,0.5902748152553894,0.3908059314560706,0.41639599966714047,0.5277671535942688,0.20006974764753285,0.21800027676853964,0.39795838593404065,1.0,0.2494533344634006,0.34189133079007367,0.4986085943140991,0.4514654334227421,0.3839237966926469,0.14724441343156433,0.25522827247608315,0.4832751950873892,0.4242044599681789,0.46536480666450664,0.1718173999548603,0.3781532317995908,0.27442826159956807,0.4463763920662282,0.30622914674954843,0.14081615127202388,-0.288253011370636,0.19218327592433895,0.4817521319012649,-0.10716260071795987,-0.37281764377718796,0.5096104636293038,0.10884626205435924,0.2515194369335518,0.36010759293087113,0.5337018975741451,0.5005989739308501,0.15962076774373815,0.4485204176693768,0.4576685087219821,0.21343543684117838,0.3935345047970263,0.37522785638089573,0.36848037596619726,0.4812690917581096,0.47538713877246414,0.4276000867256659,0.5306468363205299,0.6084382902721418,0.5626936695479904,0.5796813088511434
SKYUSDT,0.5162119795283392,0.11468378504730455,0.4264070655030594,0.3990307724346668,0.44551766473951354,0.14124397835815056,0.6207819838031661,0.2522561924690665,0.40820108882510947,0.2552738804389679,0.19806793481461424,0.3223537829802854,0.3930529783484672,0.5711546314814034,0.3535817718216122,0.46454932474366517,0.1211360697045605,0.5456631139929026,0.314940979765909,0.15683946891217337,0.38295635763434954,0.5043242162255884,0.41483854639867485,0.6371608959214016,0.14073394044052007,0.3701451737750973,0.4156404702795678,0.16687771195927928,0.30345049352114767,0.37166194793699947,0.35429582595904224,0.4055334056026727,0.47736344212798304,0.43530794879158075,0.47033650247951425,0.2605334979736357,0.173052099392572,0.2706822546321711,0.2314870117590566,0.10162597448630935,0.26092212906728024,0.4057328910110895,-0.14695231541227205,0.24913948129282829,0.23130473426141038,0.5183538457480109,0.39438166724625595,0.4683575346251563,0.16830852111446107,-0.10111026333299557,0.4610323657067786,0.37054933863669814,0.42976537770206347,-0.09957351666258564,0.44450406975641815,0.4073040475995534,0.48086876522268324,0.46426198906706717,0.510188043918695,0.496473840371411,0.18051274580292348,0.33676290185167096,0.05282164014861491,0.42477580890853583,0.16753619741845246,0.1636547387591287,0.6429575424070936,0.2545916801580708,0.36404001599498903,0.5089572806753535,0.3779237072025163,0.367706823948047,0.28655259719725656,0.4878720591465022,0.4634485047008999,0.36637324276850197,0.03277643398344127,0.4423349958667013,0.44095274779226273,0.2978500559692969,0.0995523561275856,0.12055131931897867,0.16149937411494275,0.4708221310733917,0.4695602536246977,0.26976431756546426,0.4161015415482406,0.4723193379413495,0.3701922661395654,0.15355930520938466,0.36940940442048475,0.4685461252467243,0.3735624056850937,0.49859442504569534,0.2899262469217988,0.4253688850976827,0.4141943744984516,0.40754875729793083,0.5838550884927417,0.3196337502280046,0.4708759436938145,0.1544174414520616,0.3892902871790404,0.22114799575735364,0.1521497213735723,0.20502459808265258,0.335228307171025,0.39980765764976106,0.1342596380189921,0.22557382147456334,0.44775051588536713,0.33135508413958,0.5307774999890787,0.48085782390703197,-0.010044326499306658,0.3953554481980862,0.22415333618890218,0.365719230143455,0.4748384900355341,0.03986764251205698,0.2606410379915368,0.5522338442976061,0.47991629954432063,0.21399423332133563,0.4588927668872071,0.34848906132955615,0.46192702353835696,0.2977267510198099,0.5304902900692583,0.28630290998726143,0.3979810453540671,0.511843220367572,0.2494533344634006,1.0,0.28436041957563124,0.4483013850881483,0.39824409679122263,0.418252704950765,0.01135074062895393,0.39893019434908966,0.47891936964742526,0.4146203383187762,0.44285951102586435,0.3728218557295553,0.4273492249367649,0.4199227788044122,0.4370428105690925,0.36959733502207115,-0.08085381923959903,-0.04973273179467543,0.3977629572662983,0.4752491307862965,0.23189253993475714,0.16605405001216414,0.4574177186712255,0.11459390383654391,-0.05270283645465044,0.3211682276401855,0.32094674100863385,0.45562410029110667,0.39861178101988115,0.4163830481180719,0.4170729082878544,0.28389668380099586,0.3336329365524662,0.26976770650347065,0.43858832574986306,0.42513226043372343,0.335578555103615,0.3368026683912947,0.2685834375690043,0.31216968335789025,0.5707017439928055,0.5557490783678521
SLPUSDT,0.501798061912423,0.031024906563311732,0.5167928325423494,0.4246821117686494,0.5055725710936289,0.11822793003975873,0.36216274822468353,0.22536212492580981,0.7246890829912672,0.4664120506445586,-0.04462606493461803,0.09606766240740172,0.49712849095117395,0.5655703783005347,0.42594083126981236,0.5167979154868392,0.3241170758161334,0.637475309091589,0.5505183291934184,0.44593879943410847,0.41511533635803094,0.5862360461973888,0.3206984581309121,0.3847668744295961,0.4687534758860051,0.3932132716816672,0.33281985009395015,0.5081523002161793,0.3428338246232496,0.3694402413426792,0.44474541931340406,0.49351945520738266,0.4761920607712416,0.4662840685178906,0.5206700015502265,0.46360428391134223,0.09687736360204978,0.4179052354611411,0.27789964051037463,0.12094490395824402,0.33253272734215156,0.4923453477968498,-0.019702685894610637,0.4316341775495537,0.32363802844188405,0.3396712378539705,0.5573134535970926,0.4536158394759929,0.32442758690857965,0.08033724826946793,0.6114513419996079,0.47211515056926073,0.423065141630419,-0.04438388689313012,0.6059522109674477,0.5189847263568967,0.5531260209598767,0.5358541983824069,0.5025714138194304,0.5876317160327531,0.14574856845612838,0.2782281834998123,-0.15250736629861994,0.42102155438917505,0.23034057799483898,0.27647103560494685,0.5913338158738283,0.243804240665811,0.3986358980191304,0.48251464655552145,0.4406628068859597,0.33727664167033067,0.4367007053230112,0.5793689430079113,0.4239817898031833,0.4176890559816181,0.2548701872755874,0.5211322440121787,0.5166746017922307,0.3705075443527527,0.12097361083900353,0.1998850739123449,0.08583692025554461,0.5652654529657688,0.48274285585288973,0.18523600931973297,0.5075251733731595,0.5318249673321902,0.4539483037753994,-0.07603331426932061,0.41798727493948173,0.5175350071019248,0.47593175545973315,0.5560572444997894,0.3424499983499457,0.5696707777647482,0.4659167060871844,0.5163126817449376,0.4537174904039833,0.32504744814563874,0.36794194164910676,0.10900922125956632,0.42325246386565246,0.3603833440109575,0.21992206334908765,0.11197089483153314,0.5378674349556086,0.5207935398653727,0.2733111669184452,0.08676413195390685,0.584637569854341,0.5246157317881203,0.5503563703254765,0.7334747203084478,0.14690977002110567,0.22417657066344404,0.469959158722479,0.19471656217774413,0.5971554008396124,0.36514580620512077,0.3066751540776592,0.3090266303078167,0.3273906476996158,0.3655875547288274,0.3327048236014017,0.33024782328044244,0.5949327217492454,0.38029910555633406,0.5331199587567447,0.12248468050332086,0.4331436673788742,0.5834516913406965,0.34189133079007367,0.28436041957563124,1.0,0.2519252703561519,0.5117500330735938,0.3721580640233095,0.08329587880381487,0.3156778471595291,0.6019165344165671,0.5533059630804407,0.536757084610746,0.08712567392773228,0.4577510832868999,0.4581930518505446,0.5396191042911692,0.49977420088510155,0.04856695776677707,-0.061824561381926026,0.2195545074331098,0.6815690493306356,0.17647623390863137,0.2980851212433688,0.47181351516773556,0.1599393505517968,0.08923547670802777,0.5658748688698845,0.5257210539403594,0.5469562117173253,0.6687361956243187,0.5660077200001931,0.4578628988165103,0.13460417948198433,0.496333279879558,0.4286575377428303,0.49091568644317407,0.5345277784914383,0.6856130545939314,0.5990892286621876,0.4882778799882099,0.4570716901856338,0.508824571882072,0.48459930707423615
SNXUSDT,0.6933010543216239,0.053989438719743266,0.6012008879567626,0.6021978258849375,0.5996956825945267,0.23260409356721737,0.34279857213915516,0.3470364653872992,0.28407903348314506,0.12962389014869113,0.14836395631222354,-0.12468067730560375,0.5806463497446108,0.6422604316438174,0.49857804032652175,0.5464310815083097,0.2915459351746811,0.5212416042372715,0.4213483113872982,0.2787089888734422,0.6524659746048278,0.6478085632914372,0.5216716335891923,0.45973953098211373,0.4900827539795265,0.5342353085096097,0.5451526965474557,0.3005425634438819,0.5473907007235915,0.10008190242993728,0.5768835652311285,0.6184489198904212,0.6963070002319048,0.5625240537590923,0.706515047118087,0.515107421757439,0.5750052757890154,0.6455237195118452,0.3344609608663793,0.5214860011524267,0.4538957288983092,0.5809497106577219,-1.482564087298402e-05,0.3349850324098315,0.5376328729772738,0.6149994511495499,0.5997691430748511,0.5038124176288189,-0.06910871842318322,0.0940102141110119,0.7212679722855938,0.5877572674212808,0.43326205847369337,-0.09057899474412542,0.7246855617288355,0.6116251635480016,0.6566306079580687,0.46913800573274306,0.652793397913991,0.6696298037099058,0.25284019437742045,0.18764188503881707,0.22402120372402143,0.6241186362057658,0.31734404964533663,0.34396489318246387,0.5422928924938477,0.18587915388301207,0.43067196245254685,0.6235839106764333,0.5010583899636076,0.4954038454783074,0.4545438268580898,0.49390210718343436,0.6306320115314954,0.371354758875659,0.11161935720760299,0.561396259754476,0.5758673186414635,0.5117413872419438,0.15491106264757168,0.2265701837646313,0.18144891505942257,0.6231619597753733,0.6567139094697029,0.32032881949275543,0.5326951312179858,0.6697892551084044,0.5589887847104849,0.25993333697021925,0.61231924040741,0.7232644422102925,0.4600613219812057,0.6310621288000291,0.5647226691194416,0.5619245531156822,0.5509124326103094,0.46184396290524493,0.5378446341330956,0.5176566392789735,0.30238040952143913,0.2517753824748689,0.5240608948748159,0.4924983027329338,0.12154333852684478,0.06664221363172469,0.5310789055162443,0.6569701516523849,0.2167948385754218,0.21964151077598604,0.5980026938514907,0.5506025142794341,0.6474094844597188,0.5148987455448837,0.10335288311543564,0.5486085242869368,0.6192134315072033,0.01716047975030266,0.4271195853501856,0.09809045337290319,0.5366420285531868,0.588765268012364,0.5666779477144527,0.3543140134844013,0.41577329432668625,0.595168708766201,0.4903050331735892,0.4191425243226243,0.6663411994119512,0.34175445000719795,0.3698949590996077,0.5974476589450299,0.4986085943140991,0.4483013850881483,0.2519252703561519,1.0,0.700104643610802,0.5714625572968827,0.13734771074646418,0.7288143198295505,0.6539506909274087,0.47386382973656344,0.6146817565003004,0.4078022420627778,0.48114294336297864,0.4883673901154913,0.6108072595570679,0.359143426517447,0.18060495459837123,-0.2694008283001909,0.05261488400776758,0.5311481195362171,0.17918875596711933,0.16034238288409122,0.5228504404821489,-0.009284307531544047,0.1335403267407262,0.5488524964524206,0.5562177289302996,0.5025364402182348,0.2516972894817472,0.5033217273316919,0.43652744501003826,0.26655900781710706,0.6822633813198625,0.4789095221680637,0.4398970990634327,0.7043434981844304,0.577325810981814,0.6373486813755943,0.4871261388483327,0.5723371523411663,0.7250129661550189,0.7593479899205023
SOLUSDT,0.9045247716207753,0.24058871674430843,0.877031588052268,0.8044213173217939,0.8697195273402538,0.24307999186670137,0.5354616628655261,0.3267332508316372,0.4825403472368309,0.45914217049428147,0.3528507902147709,0.02879471625490421,0.7814652607403768,0.7677735357157651,0.6786916214306364,0.8070456524151778,0.5428672094714705,0.791761159551045,0.7183440629529758,0.5507571451018891,0.7241318071971565,0.8955735215876227,0.47839112776757475,0.5645258832260748,0.5347116506915299,0.5907524561556105,0.6229952448174164,0.47296489868501823,0.5055758356659248,0.20037915313143617,0.5583696571551561,0.8807559805192946,0.8723436558918461,0.8379293922051878,0.9326979601707882,0.7747846988608358,0.5328147752538439,0.6810564512573021,0.514185731471275,0.5227202896432567,0.6114382771832242,0.7969161961086233,-0.058955458871050394,0.6103344336877673,0.7121889503481649,0.550441978513864,0.885748873609924,0.6042664596335281,0.04702276241223788,0.29836243495153686,0.893142485490183,0.8880417587944665,0.7169915049547635,-0.22787442925890328,0.8951413585139263,0.8593245979461921,0.8854982325100125,0.7605373291409083,0.8432351855556814,0.8663741715930267,0.21852724864148257,0.3107441644373523,0.3856382756538433,0.8219463043562596,0.5012338846274735,0.6400457912618208,0.7546344497021568,0.14472799307625625,0.47818663487247326,0.8593508287911908,0.5881779137780562,0.5651675640686478,0.4812664963171522,0.7417672160433044,0.7336264875953494,0.5535645812901363,0.3901219111554103,0.7772988981416036,0.6852232046351366,0.7228068004521724,0.25393169974104735,0.4279347612474692,0.2807246594686949,0.7880286040015129,0.747263869641183,0.4272834346595234,0.7479436498813034,0.9082796408171688,0.7320176653022258,0.3870268137229375,0.7717466627541383,0.9214896426308223,0.6937986696390285,0.7941611145112983,0.6871129142461416,0.8057178810445644,0.8336060098939533,0.677119509963992,0.7729604691977191,0.6570349105964965,0.3555892130775769,0.1732354886311177,0.7262788348926714,0.5612749065419326,0.2854401196150469,0.12618741497210403,0.8041793844859279,0.8240105048258215,0.19423541620296886,0.2894732523963087,0.9092465792583982,0.7926486200066016,0.8552562698133207,0.6971003157805187,0.26361434776524295,0.5844653688111014,0.6662439101934673,0.23208347892962145,0.7277334720568078,0.202041623087917,0.6227425494167095,0.5998913093356293,0.6809320790907105,0.5958222194221705,0.5649825179416575,0.6297291861103809,0.6948696585799532,0.6410858356637106,0.8750989394604587,0.2443822395538802,0.612769069040463,0.8532709697137644,0.4514654334227421,0.39824409679122263,0.5117500330735938,0.700104643610802,1.0,0.8168758974365867,0.228247134730981,0.6245661776232759,0.9032280587685191,0.6736160040710223,0.8735134107749697,0.20089353739539068,0.6356268893768718,0.6584246120928119,0.882585415437801,0.5577867231281215,0.38521951909808183,-0.04965799602378035,0.31022118482496197,0.74657007553894,0.26728927477069725,0.4366611882872332,0.8079634843702144,0.07420050360604938,0.1737778606968206,0.7472055216848925,0.8321476453211537,0.7571429491388479,0.40565847103145686,0.7799761741358385,0.7424687077969264,0.4692443820401708,0.8183354045986319,0.7714202171164434,0.565762616408116,0.889363003161747,0.8415216189943243,0.7261520422176639,0.6774789886536545,0.8067457465831682,0.8082431435294225,0.7826492160944418
SPELLUSDT,0.8194390756808332,0.28978598701700536,0.740537154495193,0.7063737993257376,0.8437072823812976,0.24482817489906075,0.5972138903575992,0.3246247442621338,0.33920049476425107,0.5094561300050697,0.5044099767342837,0.0061355113078537535,0.7625800388092437,0.677355006671637,0.6214719451478398,0.7220493146992639,0.6478070385082358,0.6976102743513884,0.6541668525065149,0.7257120331083889,0.6707612047680678,0.8422612674949872,0.451075476018819,0.6383724125623976,0.6109147660029973,0.6226686247052892,0.69912034397753,0.4167663270923763,0.43849084302185626,0.304264784723439,0.4505564994360532,0.7152156089821832,0.7911997431922488,0.8318436625398204,0.8184875633739777,0.5060683616941285,0.5824790666509194,0.6624987995887882,0.5480583792879812,0.3974535960989036,0.542296221172743,0.715359857768371,-0.12509997050075833,0.44883816364249196,0.6663963549643794,0.5841630296754251,0.8085842478464768,0.564422457930184,0.1548046829918948,0.29518606860381574,0.7377322095928363,0.7070649742889169,0.6424624610195651,-0.16392018706996872,0.8026472981376722,0.726725490000971,0.8069009160176297,0.7827972782237139,0.8452113641859805,0.7623052568872407,0.0803832242677211,0.323648531666883,0.4862130763571603,0.68055302021999,0.4864019154830907,0.6917186646194865,0.7413331824513005,0.2838151212381104,0.5127287904498774,0.7347201789267197,0.657811856720371,0.5394749671783171,0.4067986402475173,0.5844971913208226,0.6834600240358409,0.6426805259732817,0.13905514485476264,0.7465023526994018,0.5980431591872318,0.6164854452719544,0.3217538955518761,0.47116091186167025,0.3522073805927288,0.6514289110197296,0.7133897582083827,0.5747719731857055,0.716452946389951,0.8409178191280668,0.5944510488741132,0.5247395525689813,0.6586857283469849,0.8381834963692121,0.686237897275133,0.7475101928752753,0.6314028331584168,0.7349592866418136,0.8240116331904914,0.661505012263153,0.8230547223290032,0.5218712624760469,0.3368482519006872,0.17777571756920157,0.6848769362735511,0.45566478869765853,0.3447915212378017,0.28014597501539373,0.7065602123819061,0.6938675681866275,0.3211475889841793,0.3733330514770398,0.808498630891001,0.6685064890833026,0.7867142292175544,0.7227254121557937,0.415036516370647,0.5864641783909933,0.6049128031193426,0.40097020728539484,0.734618945171378,0.263756219993735,0.5316697411938585,0.693211572651293,0.7809720628078229,0.5394793172170077,0.668258663462087,0.6247675776550711,0.6303900236149582,0.6302126352631776,0.7980610928357557,0.3491207228889057,0.6709741202612698,0.8526439745248717,0.3839237966926469,0.418252704950765,0.3721580640233095,0.5714625572968827,0.8168758974365867,1.0,0.2848616385443487,0.6452395143463894,0.7809569827720919,0.6954005820355872,0.8532549997998516,0.2956585105850119,0.6585742395520798,0.5371993091081405,0.8347170807857401,0.47437697808576906,0.23787993307985367,0.057870587726372213,0.308047522542629,0.7133580812751725,0.23185194837690176,0.36518939911593074,0.702373245371864,-0.061548236670432736,0.035803832499942054,0.6657264447637495,0.7366168001370141,0.6865977135499364,0.33679298106674155,0.7507292100592525,0.669797573966453,0.4394654253613972,0.7647921092460922,0.7870707917197424,0.499583481208572,0.784975451324564,0.7315655221886407,0.6109547839156055,0.5667279212112598,0.6601769834361014,0.7793805211278958,0.7583322724724157
STGUSDT,0.18478328668885002,-0.00029958026100149367,0.1753218683313596,0.23838398923126314,0.15093191939805617,0.23638119716703082,-0.08184336321330728,-0.13027226695197264,0.13428488388934895,0.13631071746797438,0.03538418137219673,-0.1728211588194913,0.2542509577952038,0.031277151418998415,0.3268901304146337,0.21872229483943267,0.4130162450820478,0.0011075436365108485,0.0717178944466933,-0.012011634021569583,0.11714760814254882,0.16542876247851515,0.1273737764951281,-0.04045985116276386,0.1391398355521582,0.18892281728623284,0.07699613650055899,0.13597438289566638,0.006747872608557794,0.004259254688182344,0.07158490042252812,0.08163721672571078,0.16795231582598805,0.24170297427433463,0.21437079636368064,0.17224605707432433,0.3557743850852896,0.144596473513587,0.2627156119413288,0.026589668548828185,0.47296283719769006,0.0817905652140974,0.07825885273943593,0.26726968779490784,0.19009513626418006,-0.030702878530044483,0.20529578588175187,0.16979168887896962,-0.09887794988253995,0.23312403803455678,0.2580341111675154,0.18539308777828903,-0.02846262744581713,-0.06283513426203714,0.2610322123420769,0.16268222359598689,0.2485998741359902,0.2111043381596731,0.16866269249180896,0.16738505265372336,0.027185613435510746,0.3940322931516975,0.011261245141854679,0.24095423130018992,0.11947485484085442,0.23987823510119183,0.20648804648211594,0.025263824650482183,0.13547632848771518,0.25220254282950494,0.0929555968776042,0.17671457440448995,0.15191826823308263,0.2207117436415414,0.11857642978107788,0.11774201623382892,-0.19891822971608897,0.4128209299993003,0.18858287687205144,0.1798518672966979,0.29280768912998373,0.2440071285172486,0.35164157683618935,0.37159782438741956,-0.020083710771330324,-0.04339456809282869,0.3916075920814219,0.24234963047770927,0.26617809104558,0.04665514740107014,0.22601114407221343,0.1723251973560261,0.11477680332323958,0.14372478036237996,0.13367536332044638,0.2167281428623993,0.20015470680475506,0.028831290339984585,0.20284373308388237,0.30241084495837073,0.10206462876037434,0.016436097713874193,0.3850411260387027,0.22947802314643284,-0.11067287668808466,0.24532113141892173,0.13478866529469125,0.15575277423574097,0.3023706531097135,0.17809985223540375,0.18387650768962663,0.2706883580150542,0.1117414470814627,0.17954751201160069,0.22026263567859408,0.12349403919236854,0.2009339335002958,-0.12313858421664647,0.11331228881977339,-0.029480514377861117,0.09135550851360617,0.17654473328277626,0.030188149035110703,0.013742537626216297,0.22690274994354714,0.34481178451556277,0.06834560241153015,0.2937778885199019,0.08560141302754054,0.025548254616820136,-0.03193141157633803,0.3400648087986276,0.14724441343156433,0.01135074062895393,0.08329587880381487,0.13734771074646418,0.228247134730981,0.2848616385443487,1.0,0.1307092520551618,0.1960903932013007,0.282744663998414,0.24888922610086867,-0.21850091862776455,0.0027237770336403016,-0.003678323619971474,0.199576326984637,0.03559619926270573,-0.16351735490027847,-0.23406503658847885,-0.05204531552971381,0.2548130001114097,-0.04127525330322842,0.049867977001032376,0.1935562738747402,0.0028171206917142412,0.21758277614573962,0.13733093928930326,0.24301836636590138,0.17680263519660935,0.15755697565050136,0.3578909034929215,0.12394069712490587,0.10646023346348343,0.21014916297131714,0.37786910938081286,0.04931147303345787,0.21204958267325413,0.14124080513738055,0.0936975250322728,0.25575387779518566,0.24325581290209367,0.27319413790191255,0.23366845097319452
STORJUSDT,0.6318707159807431,0.17733160432794015,0.6233275299296006,0.5183201447230563,0.5901246574885376,0.31146653403953833,0.33940226819999714,0.302641863644514,0.30740663430397697,0.08117558523425421,0.21420727254886013,0.06847362084333487,0.5654154146303124,0.5915491506227182,0.5129711437900725,0.5645747177024059,0.2822369436844306,0.5282350690512871,0.4007351671545172,0.37862821628786364,0.6980590084100071,0.6333154354573551,0.4815976909997268,0.44435219251341934,0.33980040090024977,0.6299763750596401,0.5914768957438992,0.29633737783025244,0.5216077998451789,0.24779157200159718,0.5565040879894619,0.5260490270613568,0.6492177215293219,0.5661434968190189,0.5808198949362445,0.4506784393023386,0.5447246466535601,0.7109710808415989,0.13854476409824895,0.4517116178268615,0.4084392658809603,0.4423713544006763,-0.0425229356839297,0.39615687783658704,0.3637205999875644,0.6552267496311824,0.5038837154786148,0.43307568968405563,0.2252703294848761,0.19434206325816827,0.6131336694409878,0.4496653784591287,0.36741705477191644,-0.05019141401937443,0.6618881400523213,0.6068162896673241,0.5802103006629415,0.4354278775985514,0.6859299942269046,0.6266662172066826,0.2186827332529379,0.2551222446057152,0.18578893103622415,0.6587436403412664,0.34302431845641335,0.47387938520547923,0.5724152354824402,0.39051915862754233,0.35659107515400384,0.4665567147963571,0.5121201133106376,0.5803748117274238,0.485390509591107,0.44037412555667715,0.5989839716424801,0.48509367458233726,0.11417177523492056,0.6442974777474063,0.6726004028100445,0.42423829382958905,0.19402748134685244,0.2597265079551185,0.3443820402880384,0.5480991605338889,0.6200952259166526,0.3305248379054158,0.5064156119972888,0.6417376236823199,0.5631121265938909,0.20621354031840264,0.5480216030178312,0.6252884454358684,0.4752783912952114,0.632996955942456,0.5801112850613361,0.6460494723378155,0.5485317301280678,0.46392097888351513,0.5589459570872176,0.5002156087043257,0.24426766385859258,0.3758992372503219,0.3749455716975195,0.3780657149932739,0.2911948738958911,0.17789586063111226,0.4560768602432132,0.5383093789306596,0.3126786477014775,0.17743727763413697,0.6053308768102831,0.42838832856616776,0.5844940607922385,0.5272851708295333,0.25276946679935475,0.5858555762635403,0.44438056540631565,0.2243670766196457,0.3993710697248333,0.134934066891423,0.47019680498718286,0.5236218610228299,0.6328905791306816,0.3148047721298117,0.5690148426603493,0.49530768010259657,0.5607657513445107,0.35125999349431986,0.6422307590897094,0.028340005980492418,0.4995948654986701,0.6239584432565656,0.25522827247608315,0.39893019434908966,0.3156778471595291,0.7288143198295505,0.6245661776232759,0.6452395143463894,0.1307092520551618,1.0,0.6224012577415483,0.4760249282734497,0.6977135461902727,0.5103633474504634,0.5636663380079672,0.45459321769210126,0.6340889758529995,0.38138117188456466,0.1913390170436105,-0.20844933367910903,0.1218766883991989,0.5252098493540496,0.19657392447364122,0.3824713814615633,0.5065832646740277,-0.20764436207584583,-0.18991525011802768,0.553971949041239,0.458858260850645,0.45731900985499735,0.22502986891057666,0.42341520646594183,0.3335433193551619,0.17425128615933275,0.6789086956093321,0.4965923713761057,0.5451454400309512,0.5531206552269253,0.6104806582610385,0.7358543856157028,0.3374039492692305,0.4410944492088725,0.6376798566052136,0.6702568653930117
SUIUSDT,0.9002828609061276,0.13635047300772082,0.8234900759517501,0.7603831867830982,0.8711132684767162,0.2890331284024571,0.6063991602055281,0.3521164886575397,0.5729839545657468,0.595715532759664,0.24697967386223332,0.00964116744706904,0.815201673573257,0.8461163722967312,0.6479399169492916,0.8166170482847446,0.5319420861606509,0.716906297688619,0.8020934933192864,0.6487396663949365,0.6992867742214083,0.9119570240245032,0.5743824389635824,0.6043360889574412,0.6411688101641639,0.7273095099254265,0.6847073351812595,0.47843993901583937,0.569609280718038,0.34031059514717765,0.607613813991654,0.8495515014184007,0.8968997621080371,0.864881797109042,0.8966803978240715,0.7369005342945143,0.43772546294944953,0.7231348605173431,0.46650857436321985,0.45579255821399906,0.6018732141993813,0.8026443568162048,-0.023532666594487123,0.5807461679870516,0.644630852158015,0.5782007906178112,0.8566281670237023,0.6699639840038736,0.13065499184383264,0.30591591048156935,0.8586203155234365,0.8404102302238494,0.7670850505689815,-0.21445958928146985,0.8788437270630548,0.7744256689433167,0.8757004102938372,0.7525897890019017,0.8829413977065389,0.906465050871331,0.22328139826038415,0.35667668325064183,0.25637917931179294,0.8434330316775159,0.46828241198502935,0.6142753154584341,0.8245735357072568,0.25112765911264817,0.5142106367316303,0.860730284531481,0.718678712761487,0.6110323162901452,0.5357655105780695,0.7678091227363647,0.7686832256684807,0.6368589920805136,0.3364416312968604,0.7973875576443303,0.6458499257936073,0.7000326305079017,0.20854268156119368,0.40528477249726214,0.30424284422761155,0.8073828943150639,0.7329580566690606,0.5067449999158561,0.7640583634509157,0.907702050984962,0.6677169635569281,0.3336459926047971,0.6996793216944944,0.8624427974934513,0.7040518928670716,0.8378727177194265,0.6305755280372013,0.8399335905928453,0.7795217741764635,0.7028739285370214,0.8339926167315582,0.5555265850255182,0.4338608948003805,0.23750942920398307,0.7722811605556279,0.5899762840560341,0.28533865766892813,0.20032783670560553,0.8257861795343705,0.8130029712300072,0.2864170213136787,0.43710576302806536,0.9532793717031144,0.8269750266492065,0.9441365480368835,0.7815385912210824,0.11303854177223417,0.631805635352662,0.6391456455943373,0.32475839560969344,0.8444400468384585,0.25313065020847164,0.5501544159827282,0.6135340247015454,0.7331113987048486,0.7241726797963519,0.6242813211551397,0.5997031822978728,0.8052989597592762,0.5214425352618696,0.8841204899361822,0.28791506766927083,0.6985859372284796,0.8390061199479876,0.4832751950873892,0.47891936964742526,0.6019165344165671,0.6539506909274087,0.9032280587685191,0.7809569827720919,0.1960903932013007,0.6224012577415483,1.0,0.7475511147266864,0.8802607334560449,0.34226558286059944,0.6190699421291971,0.7056338544244423,0.9382818013423686,0.5717065053795477,0.34959456931606037,-0.17255782901699335,0.3455427947516714,0.7491221775444897,0.24185724006305376,0.4864078816398132,0.8021778399986217,0.045279017225983785,0.14234925335321308,0.714510117372664,0.8586398190756624,0.7326758720501886,0.4003519736865618,0.8290735210960578,0.7636878755029501,0.4873733845700227,0.7932346301096301,0.773462495846507,0.7037273534134528,0.856554978645761,0.8490625278396988,0.7659486969294599,0.7523010116145459,0.7774869537033186,0.8465957260133429,0.7859147155951401
SUSDT,0.8064101568636444,0.2708984989875418,0.7161071813800853,0.6696457286235858,0.817198777731366,0.14352289129894297,0.4685520951592117,0.38648359542315,0.44403757571857855,0.5030291594980701,0.28904953167137337,-0.149102405248439,0.8338306049654641,0.5371584171404606,0.4784775887771464,0.6571434421187486,0.5899326997924907,0.5369824631819643,0.5245973400014889,0.6284633631437762,0.7913744907575316,0.8141669955438353,0.38344161890994993,0.6110638775181473,0.6069479319612141,0.6026837940610156,0.6340802728750665,0.39498239309928157,0.43319923733180976,0.6825807950259599,0.44638540957892536,0.6883413325032512,0.7421361634101644,0.7559032996584846,0.6941156937097714,0.6727569329747037,0.4748204571734513,0.49713640872167436,0.480564139715329,0.20366497079110935,0.4660113301506312,0.6921957629363268,-0.21389066820512312,0.44506274315871364,0.5449256705678376,0.3463626569660785,0.7276203965903625,0.5724592589036713,0.47228399961639916,0.29860460852231807,0.7620349707322847,0.7285551789866858,0.6590690220146861,-0.22732904862175446,0.8031678385306742,0.628339381268673,0.8037323206272198,0.7281565854087167,0.6622074134544577,0.7423471890735523,0.08004572371097089,0.4652206087013846,0.13185230242218016,0.6341291802175704,0.45047116200151555,0.6043370083007537,0.7146788086130769,0.26563373651070044,0.45869111364411824,0.7386807754098035,0.468975702971142,0.534537973475815,0.4185247687969582,0.6846507690240784,0.7193312020478313,0.730722943828275,0.22343197483957264,0.6662634897241958,0.43743781540977855,0.5199440105528786,0.14103371288839398,0.370434917418243,0.27761614417239305,0.7184814788033304,0.6765345059112725,0.3564010056536902,0.7417000635364147,0.8175179018646133,0.5406047103427116,0.26955829846505874,0.6214578111683764,0.7264145132530602,0.6131413691990132,0.7722943289392165,0.4045677468235679,0.708710522914752,0.7016495586710613,0.6019055429628954,0.7296889804683058,0.6495704371433065,0.3794432506861882,0.06822193054428977,0.6870520207764705,0.44377631059474254,0.3243705099729914,0.40122505744144743,0.6954615219496331,0.6122759003592018,0.2663283181742313,0.5050929991207178,0.7619299431342474,0.6470691421353271,0.8087512688540303,0.7035360137770224,0.24041877700183079,0.6023508569595617,0.5496953565993131,0.34540857390973234,0.6722638012135396,0.09015818606835113,0.6017248552094259,0.47351546978138814,0.647055134304393,0.4211383722594589,0.5877174423529062,0.5701254251466239,0.6900370846261484,0.6009702292584101,0.7695298944009387,0.404623977745614,0.8152870589935725,0.7145005112437005,0.4242044599681789,0.4146203383187762,0.5533059630804407,0.47386382973656344,0.6736160040710223,0.6954005820355872,0.282744663998414,0.4760249282734497,0.7475511147266864,1.0,0.7618951368166788,0.20773487637634322,0.6115408789875766,0.6024048549431957,0.7628000714887042,0.6148210754081288,0.20329736590005604,-0.04639526293573305,0.34894296328286595,0.7145150545495985,0.0439288690575463,0.48790589210752394,0.7638669778067874,-0.16337541856996618,-0.16780348642681514,0.6765923846955553,0.770160709942667,0.6405220850730535,0.2650395801153684,0.7143453706425571,0.6840921199856156,0.4053674661882198,0.7384552562176036,0.6900263467097254,0.464388314611101,0.7928250103527801,0.6568850944658153,0.47747416127188524,0.6366193987807248,0.6933821465843405,0.7994770207892397,0.6936764718827434
SUSHIUSDT,0.9120481146668019,0.17022217065385278,0.8238219762294278,0.8060288069728896,0.8666265717512796,0.20248683645320595,0.597652500352763,0.44333930975783653,0.5250931311446836,0.5233344634966373,0.35501397718377564,0.004546365514830304,0.859281936326265,0.8093974564322884,0.546209116183909,0.764263960986245,0.6718808194539084,0.7351413615020018,0.7530896623642003,0.5809027941387177,0.7762517013589465,0.8887673038731685,0.5374518067354024,0.6997437381300627,0.5938401332243856,0.7210301713526395,0.699097274959355,0.5444511337151371,0.5668227545964948,0.3021603050580906,0.5120399575314872,0.8625218240156868,0.8821174513851989,0.8774038247425184,0.8406748044825861,0.7548396131382947,0.5039788442905295,0.6933453299134662,0.5250659665542868,0.39044178234971716,0.5874413922175609,0.7564939892863513,-0.1394261412595473,0.524566811822514,0.5964943480561612,0.6357107628020899,0.8601334311799057,0.6053891830097329,0.2790145215504799,0.2703868775161501,0.8597226705724398,0.7785259199782388,0.7243611649372296,-0.3001424573854972,0.8797182490091969,0.8319505407454203,0.8743456247063406,0.7822587869652231,0.8256824002174297,0.8381318274965119,0.192230389475471,0.45161852170914374,0.4114985508850082,0.7966536142865462,0.5326664735059187,0.752729038550023,0.8510657232445995,0.3864085945378743,0.4968891139917257,0.7609484600372983,0.6717776778773507,0.6253480364703397,0.5564926559538305,0.7518208766851032,0.7644399801209558,0.653902409604387,0.282271767305028,0.824935262159507,0.6275244537540087,0.7055097865194233,0.22786296895775304,0.466567846744002,0.38711054361049535,0.7190631164527115,0.7654611172615562,0.5584924979375946,0.827322728901276,0.9022564325036101,0.6920234610133822,0.4247843596526541,0.7472911784602476,0.8828869601911582,0.7217953247375912,0.8461375145190105,0.6067967295100659,0.814855268397517,0.8148988984327221,0.7382851713915226,0.8349084626627249,0.6705184245972065,0.33411695911177275,0.2626058173033624,0.7953027579438927,0.5840960496317128,0.38985085493559146,0.2536865364773373,0.8548761220547422,0.769859836764945,0.3797743315550699,0.4680203777365158,0.9026791472932886,0.7307986422579257,0.8771889302713307,0.7626054052446023,0.34141146403261763,0.6125340619220591,0.7514194315032672,0.3086711457844558,0.7515971682867467,0.10759266119000316,0.6510862752217047,0.613534214636568,0.789458029536031,0.5921960120305811,0.6905951049876261,0.6333739396561292,0.7522414456533922,0.7131959589267568,0.9022628423664948,0.338790981166372,0.6812432635601392,0.8469560052886499,0.46536480666450664,0.44285951102586435,0.536757084610746,0.6146817565003004,0.8735134107749697,0.8532549997998516,0.24888922610086867,0.6977135461902727,0.8802607334560449,0.7618951368166788,1.0,0.3498716665729224,0.7373169583152445,0.6510449173569746,0.9040719054046933,0.5777339364407627,0.35038004392490585,-0.08253722316523694,0.3480046759259203,0.7819078461810721,0.18634150833511706,0.3573944553753184,0.8528622725806343,0.03534978974786818,0.016755422245805684,0.7987535820672245,0.8125077947910783,0.6858273109892098,0.34285124354205315,0.7180685376667615,0.6555801387345985,0.45143571265921706,0.8123307183966864,0.745735149493028,0.583651226482733,0.8200082376387157,0.763425201657733,0.7277953590789578,0.6354168705622089,0.7671536480640105,0.8230232486484897,0.79954490951687
SYSUSDT,0.3590473894046593,0.004837352629982344,0.2981971286949571,0.28409666424735647,0.24180470460211245,0.19901493725504685,0.35564065735536665,0.14342903561721004,0.2181277492415758,0.2515902429657091,0.20310796270768583,0.046906184338521756,0.1462773728047416,0.5393998082858313,0.3263007908726617,0.2301362057944392,0.11051541544007548,0.3249429407834257,0.342369515815755,0.2653137957508276,0.36084422238200486,0.30403417985513514,0.5525716465289381,0.5295573264269287,0.29696742246601665,0.5601860908463032,0.597491355957588,0.3143678912436183,0.4889516905914326,0.15348689907523771,0.3254402696242143,0.3072161330668615,0.39743200691903774,0.29353738849030697,0.29118030551513074,0.14610036969415574,0.011409936731249314,0.37514071192695037,0.008074619265531553,0.32986724713860166,0.23712329145609692,0.14091026476212218,-0.06856548389946576,0.17631630076046143,0.03718491455278968,0.6714372570101995,0.15477714929480696,0.2492354009581874,0.0034422085889924308,0.2649987222058028,0.3462835298420466,0.241467688258704,0.24756676067172714,-0.07927106776967659,0.27741848784192297,0.1411326375003138,0.2771632131384398,0.18591300457946022,0.45849687155228824,0.26117448148539435,0.038851186857055776,-0.008647098689120386,0.14270354765062046,0.2363336698176284,0.057340217500271344,0.2841763646719472,0.30714234142960056,0.33874069286525915,0.18223123702186628,0.22143861249603136,0.46981698135404665,0.42675278287908724,0.2964998551888683,0.28537333987609603,0.46925568631211917,0.19799879540172094,0.05201691609696259,0.3392505854752935,0.34741745321900425,0.13987523401832477,-0.030930844841327937,0.1788510397303187,0.05298975368616707,0.173954504971161,0.43862383571890584,0.3424647341690026,0.10302608206486787,0.3454785814767708,0.2907546232857269,0.28763887119010884,0.3904895724257763,0.31413773434293435,0.289884407042064,0.3587554493940738,0.2108693005124143,0.4366088174132734,0.2130705640176106,0.2577349767163892,0.24280836712379655,0.16102088197857156,0.3138111351161725,0.34658723853865503,0.16410295076773707,0.3714887148602987,0.1611483897350808,0.10022416574912892,0.23083911432438775,0.3242561646520226,0.18528567690614434,0.24230870804082125,0.31655703967812376,0.05159562303069523,0.29897797111537777,0.3486962506496369,0.031094710020568912,0.5316629401939477,0.29282211808295056,0.19547831784670872,0.2370015752646151,0.029730685900185586,0.19568808277889055,0.43699337062314264,0.5123517011603401,0.15515365538609127,0.37035336523304657,0.368820279757455,0.4366316645339741,0.23296254620898907,0.4040798741798574,0.11367695075591633,0.22157966854100913,0.15133256870191167,0.1718173999548603,0.3728218557295553,0.08712567392773228,0.4078022420627778,0.20089353739539068,0.2956585105850119,-0.21850091862776455,0.5103633474504634,0.34226558286059944,0.20773487637634322,0.3498716665729224,1.0,0.39184157347446963,0.3376470707740391,0.3903443076266926,0.16010880621809392,0.06735171251949156,-0.07594833678667273,-0.12557077083723236,0.29477712575838,0.06815725004791881,0.10408717310517457,0.20343781123336038,0.02279564781737948,-0.2999471148314575,0.0846791257661228,0.2222908807118911,0.3249269808174188,0.18637171335683528,0.20028166482953208,0.2611610093466738,0.1803993353701556,0.3368839331535146,0.11330646822514386,0.31698232964019596,0.2559174637963494,0.29947243625437286,0.4830356183142412,0.18605917310791464,0.2630026615942981,0.3080588579516953,0.4483353737492902
TFUELUSDT,0.6798326619691678,0.12305353010063504,0.581495679251365,0.6454964390871794,0.706763076662762,0.074073888892594,0.5753895739232278,0.3844436481500982,0.4698844586631875,0.3266683319637906,0.4711915669644213,0.18985970753524253,0.7230363859232262,0.6625767676752405,0.44546718070098745,0.6334096063442175,0.41678729451857205,0.7080840573767656,0.6250234318144678,0.5266144156560439,0.651650169949021,0.7160348788887971,0.30319700220804185,0.7395067087363761,0.5281707214725425,0.5680647315546067,0.5573750449411041,0.5812825957499262,0.3941913918552769,0.40931511796706943,0.310055966348799,0.6314584623175276,0.610331495020703,0.6588525715267259,0.5945380462733169,0.5921791176592808,0.35047492826537585,0.492683336085213,0.3915091691985637,0.37558444873770247,0.40193803017599955,0.6369861541960747,-0.16053534766167019,0.4260816976019212,0.4889087372092423,0.6317272552211399,0.6062362936513983,0.5059141575253581,0.4318380623107352,0.101953532902089,0.7654272353765224,0.5807819535989642,0.5206828240708652,-0.09561148788752856,0.7211192295440076,0.7080942510022333,0.6236934439958702,0.5988853503511572,0.6422151104390471,0.62518718993244,0.20099359733035757,0.43894537965280656,0.2539585852859366,0.6602141146242902,0.5564022100789452,0.6851067637005601,0.6568267984055745,0.22643353310593758,0.33419027404190194,0.5920770285224802,0.4818162825988549,0.5363692038387446,0.40605167453542484,0.6070338880843368,0.7235594650675164,0.5415372393390062,0.04252840224039778,0.6483914767694504,0.6278279346671025,0.5932976650070401,-0.08039706514928673,0.5801589809302458,0.4335992601977007,0.46480929992591147,0.7197550812155314,0.4664973376488974,0.6220999610995724,0.6386157127467468,0.49659455935510877,0.40208451648956256,0.7795709864316552,0.7275880271065738,0.7450563433638728,0.748738483562676,0.5731828436509333,0.6071427319810816,0.6791357757466941,0.6363211030834692,0.612620722758228,0.5880806272929219,0.2721154728164569,0.08641244224233063,0.5648116692685742,0.41613884208423024,0.5609628254681148,0.17767838147063408,0.6591861682333325,0.6304012895802834,0.029876550150108358,0.48072168270800614,0.6285078411416526,0.3996392113363272,0.6444091161979588,0.5014429525222176,0.5320263953035959,0.5807989891352463,0.6126704631573182,0.22740610078155452,0.5443538110817521,0.10236001309617485,0.618330151158832,0.6929103758558208,0.7365758751336419,0.23025679535076246,0.507093833108651,0.47580976080972254,0.6101047844146739,0.6629045281870248,0.7729442210714228,0.39834433290245497,0.6117393485900336,0.5947569165375587,0.3781532317995908,0.4273492249367649,0.4577510832868999,0.48114294336297864,0.6356268893768718,0.6585742395520798,0.0027237770336403016,0.5636663380079672,0.6190699421291971,0.6115408789875766,0.7373169583152445,0.39184157347446963,1.0,0.7371455715648724,0.6558395013803097,0.6423861420826409,0.2544448495079451,0.0037130285293233626,0.21612327267298792,0.6851808106005151,0.07077074937906346,0.21730456832849232,0.5566560154760977,0.20628484135172032,-0.13984165201143348,0.7114636248006015,0.5805983423994937,0.6425581320616285,0.31815357988651055,0.5099507631590575,0.44668714648584384,0.19194614470646099,0.7482729888072034,0.4793207104280097,0.48289898603073356,0.5828187152301652,0.6398495676496667,0.6651713697507088,0.5914287559712348,0.6290848987430837,0.6884330100830466,0.7107791472472638
THETAUSDT,0.6840595697373169,0.19109202634620315,0.5636903590622039,0.5655565153953981,0.7478300866464017,0.19198390309235017,0.455730115560468,0.14166397170132666,0.3732498770010873,0.46267915395140763,0.265576526503756,0.15415863638150495,0.6249637964417037,0.6528004745807993,0.4833430376375401,0.6033247928767562,0.43268809183548296,0.6395995233730232,0.6329086513853373,0.5236433049275621,0.51653139882719,0.7793432980488674,0.42153362206733314,0.5896552570210478,0.5263240291802639,0.4504261275072362,0.5252465788240618,0.3133436485425281,0.3780599129813154,0.48108737515990607,0.313592401473129,0.6899250090900881,0.6471607732781676,0.6728395468598776,0.6381520392761681,0.6929403378404327,0.24020706725188293,0.4865510480701376,0.46401939647199103,0.39017586491340983,0.3913197586199861,0.7029589403580643,-0.16104619770141218,0.541789092269435,0.40982832690460247,0.5075080323853812,0.6007841585039917,0.6305233522188857,0.3970223210729258,0.1730535065709144,0.7126668485644246,0.6513492805777017,0.6583326516350272,-0.11443033278760395,0.7446491106557632,0.7290310171945301,0.6283721729739263,0.5409159748229291,0.6615028376289763,0.742755281739052,0.24285257130972143,0.32292511016048997,0.21163375876697835,0.6529461149505565,0.44663656874121044,0.5947047295067461,0.6417466328581215,0.151308009349659,0.38194408162083937,0.644412630236308,0.5334737168954518,0.46280136371295444,0.31162097123310145,0.703824119139851,0.6372147623645236,0.37684801777223703,0.17357785982617352,0.6283000375089346,0.6168584724350601,0.5450397670317275,-0.24175705698813094,0.43483428521460443,0.3271769557697495,0.5991654296229935,0.6519824893128645,0.4153090839801155,0.5793323469705026,0.6907412189789406,0.4367157353213808,0.24605801226747048,0.6386370804467464,0.705626491258951,0.5579511558345562,0.7976916830379673,0.5171780375730672,0.6109100323593801,0.6489971125521832,0.6287727532422349,0.5955818845976824,0.4490108010721173,0.29414164277168386,0.1816840200623093,0.5087713311660842,0.36493770022143285,0.4792229159343865,0.2012264841250839,0.5904062265600316,0.561872399042466,-0.11863011212418273,0.4332698557721809,0.6960187065253304,0.5162440446704142,0.7117479770737143,0.513871107370599,0.330032627552195,0.5470195898660456,0.5217475904255116,0.17127411691131728,0.6616723847606285,-0.036450736897393345,0.4390507359246247,0.5318128988708372,0.6919259292513553,0.27624732655031226,0.44363320272895984,0.4242378219155552,0.6273336974892078,0.5983462915811951,0.7192048257426271,0.45961294250331663,0.5828525979791626,0.5263614937847853,0.27442826159956807,0.4199227788044122,0.4581930518505446,0.4883673901154913,0.6584246120928119,0.5371993091081405,-0.003678323619971474,0.45459321769210126,0.7056338544244423,0.6024048549431957,0.6510449173569746,0.3376470707740391,0.7371455715648724,1.0,0.7075213878284148,0.5079633371167056,0.22041813681083353,0.04990496816138744,0.20479359242277406,0.6155595623515393,0.09677140414990223,0.4496938549641351,0.5892748842152694,0.15671162971593008,-0.05480788642967806,0.6756645007679057,0.642043514716777,0.5595817859568808,0.21848675554528427,0.6049157730601186,0.6106687479732911,0.3014926736557482,0.7346158951716543,0.4880361630676197,0.5704705782901214,0.6226927956365859,0.5601373852357894,0.5864217981115644,0.7139441099770524,0.715746693763163,0.5602306473361404,0.6162982025241508
TIAUSDT,0.9106330535811554,0.16549003851752414,0.8392152471487921,0.8371683600276055,0.9098949057921704,0.2413638034655361,0.6898458027024449,0.37634481216003285,0.5151646391899919,0.5814766517985344,0.29831489175147574,0.02036962116501257,0.8294477039992583,0.8275064459765501,0.710326897249899,0.8484343049015416,0.6010931990809497,0.7164203092280242,0.8631099420811307,0.6711970176275175,0.7105198617796215,0.9170407656518884,0.5990783224164359,0.6468284943371283,0.6083057479985269,0.7501148320370865,0.7624697119495863,0.49590281106927664,0.64332447637842,0.4030076568826214,0.5101095286500249,0.8168126012446607,0.9408786673349446,0.9220666854626527,0.8712393122827125,0.6675926139473481,0.4320031885922161,0.6838567437269067,0.5265047892526342,0.5547435189654059,0.5874031221437807,0.7542084815734599,-0.10221904604544364,0.5804614155840216,0.6413471083278932,0.6670527153906342,0.8758259334103873,0.7650557169145619,0.16437706459080476,0.3936886185024724,0.8580611088254212,0.8447047436531375,0.7793902524052089,-0.15277773116429122,0.8997676854699928,0.8106059603346947,0.9134371091116695,0.8187468428979847,0.9161342637709249,0.906624608860224,0.13702903930820914,0.4203952867447197,0.33341903002029033,0.8698116206964424,0.5018209119425905,0.7221302747297524,0.7983540661835928,0.2618488639652709,0.6417175208262458,0.8448885349744516,0.7367065972133222,0.6746203975850356,0.5346552699714217,0.8113720557031897,0.8152521280399992,0.6597849155773641,0.41082340761861086,0.806426747084852,0.6131579157566817,0.6663104816395609,0.1471150487288553,0.39548914053319545,0.3395756619611769,0.8468291417672393,0.747017124177529,0.511902064698539,0.7560933422776059,0.8965876318033624,0.6852024568417551,0.4702081517489689,0.7352032801325363,0.918407994113865,0.7828882367968532,0.869634637011408,0.6217525923889079,0.8318313583323423,0.8523653204711241,0.788264031306626,0.8439064750921098,0.5436411318641721,0.4121378415694389,0.3110825836558692,0.7688204654324876,0.6283872307020307,0.3239464505455943,0.23864084722104772,0.855631332736479,0.7466143153154073,0.2834757624185954,0.43612174327749265,0.9439072117226881,0.8582958678314273,0.9208786189538405,0.7440693453985745,0.21737756194781013,0.6767341650804211,0.6855301258017972,0.3893800873489809,0.8276630728688102,0.20747304260959917,0.5804508850644239,0.598799273701062,0.7793132513891583,0.6316905279545553,0.6557646560136412,0.6898768263135756,0.7791206665276046,0.6279618354730502,0.9187728199194228,0.31601160017760077,0.7084107562160992,0.8387047216971074,0.4463763920662282,0.4370428105690925,0.5396191042911692,0.6108072595570679,0.882585415437801,0.8347170807857401,0.199576326984637,0.6340889758529995,0.9382818013423686,0.7628000714887042,0.9040719054046933,0.3903443076266926,0.6558395013803097,0.7075213878284148,1.0,0.6352557956068076,0.3655287038425083,-0.11564507420653661,0.3013866207716733,0.7862195954380303,0.23989074969072308,0.488313097783747,0.7989963581709559,-0.06919745712718099,0.08746243438712532,0.7492134225648693,0.8736972635667373,0.7821659631006658,0.3594248160029434,0.8568826233625114,0.7831405547990307,0.46637603427389274,0.8163333414708038,0.785007640774459,0.5820153525667875,0.8975954955789059,0.832078226207969,0.7374759232436184,0.7663352778153262,0.8283101246176915,0.7908092647719992,0.7818798963898539
TLMUSDT,0.6539455241940105,0.0662956962196391,0.6322258352708839,0.5475716286565984,0.6645850050189109,-0.007432906495795078,0.4475200303628625,0.42497738814771846,0.5581944920196252,0.3811282318273274,0.2057599001352445,-0.024042354095856918,0.5420688070743328,0.5089060962429376,0.5611074174892859,0.6650956893955223,0.30909317135652914,0.5774091652797917,0.5370756891782926,0.46841071823265806,0.618473150690725,0.6261178863699461,0.22811633399473483,0.5416570786177021,0.3807288385509611,0.42019408365729416,0.587159205588021,0.38517717800783313,0.2683294530929576,0.501683918370931,0.2808769659568974,0.5174086859234202,0.6781351288486618,0.6068762755488907,0.5755817802669675,0.5403248899839567,0.2777786214619596,0.47855258649168564,0.3393723879227613,0.26593055403433113,0.38144115605212875,0.6357142170790392,-0.10137152717258033,0.22786396256135122,0.5029024589287118,0.4989230344573757,0.6218177368011055,0.4306769123283151,0.434669723177491,0.1995509845857278,0.5934487226284346,0.5283657007549163,0.5529967534911019,0.11412705229349525,0.6585224612322756,0.6734247344183766,0.645099784783839,0.6150811587572148,0.5178649915600161,0.5700850328702602,0.1577836361337066,0.41397498111430137,-0.0300675572423379,0.7613227279579565,0.37293511823649145,0.4630053208167096,0.4425450901094565,-0.10628531686699982,0.39589975137131844,0.6417251514504172,0.19773376126995978,0.43785192599607353,0.2646790698921837,0.42020415788134496,0.6717015186293709,0.5951173248857131,0.2404654980523078,0.4158562527968076,0.4340335868118813,0.4926551039894378,0.1703684007310211,0.17961251472693104,0.09614359769623425,0.5500793244167103,0.47941703438537964,0.2220176826427853,0.4571286064433465,0.5751017297628199,0.4473562520441753,0.20747282375718712,0.7199233630235382,0.6588238249471876,0.6702294400907014,0.6249678076538686,0.4124213851281593,0.48613407869674863,0.5964736434070458,0.4950716156155345,0.4509542001924647,0.4218006447569902,0.4498088745451018,-0.03820699447809168,0.5639315023344806,0.5096178735021933,0.25824515346520066,0.3022096285863629,0.6545033772622036,0.4989119690537871,0.02284043737728317,0.20288958215799913,0.598216801510008,0.5208013349478542,0.6066515934228456,0.4856123343507466,0.31067137747551044,0.5190032899355648,0.47690911339555736,0.04428389005095945,0.40690944681278585,0.2543568265076303,0.5175915190908448,0.5680397432030787,0.5390922848433644,0.3357901175769074,0.3762861176645636,0.5547284149695461,0.5122071260249663,0.4214194415996709,0.7338713189125575,0.3269160992027393,0.62170487993483,0.5862269077570201,0.30622914674954843,0.36959733502207115,0.49977420088510155,0.359143426517447,0.5577867231281215,0.47437697808576906,0.03559619926270573,0.38138117188456466,0.5717065053795477,0.6148210754081288,0.5777339364407627,0.16010880621809392,0.6423861420826409,0.5079633371167056,0.6352557956068076,1.0,0.5436135712653437,-0.013207923816669132,0.0923417442246186,0.5988675469604103,0.029681625813750754,0.36393843244996094,0.5776927117517324,-0.07257218081504897,-0.1149373478806916,0.6557280297479543,0.5882055051047487,0.5499670060180882,0.42414755003968263,0.6429988981834409,0.5166881817934209,0.2689372984274845,0.5614412743728715,0.6573210034935563,0.469299063351264,0.6222821910148916,0.6703698863507721,0.5570434903721432,0.518098616514081,0.4937960823853109,0.45919059522212324,0.6391449961240739
TRUMPUSDT,0.39342664635777336,-0.024206396849418697,0.3158972289102652,0.20589014723353527,0.2830592298318376,-0.07893832532311752,0.06962962304862427,0.24527655576438365,0.2848775529021293,0.2108576450183265,0.10104985131458522,-0.0478182726683649,0.20728609994774772,0.19887586568290747,0.23144083778902685,0.29115437426970203,0.14944575077086478,0.18702261475323567,0.3318218533746015,0.2900537909153714,0.3324229021676222,0.33590763783516975,0.02212288955158512,0.21505365580869149,0.3715743128292278,0.1515779464262616,0.22285147477364792,0.30622958256889415,0.15847813465459293,0.07264762224362517,0.18167892825993143,0.4190461109601036,0.41584733827775394,0.2853431444226132,0.3512511710234414,0.3889193172488061,0.0420845593101961,0.19328267736576546,0.23318070443075867,0.2730203071941542,0.07563610660641294,0.3201910059387933,-0.07552218094574133,0.08934470064341879,0.17667133871032187,0.11356633848755691,0.3628866981525679,-0.06518491915284415,0.0888414586877301,0.1475058162454435,0.2732541916515042,0.3086993994978245,0.3232122170370961,-0.12357114957644671,0.2767782095744059,0.3934363937143543,0.29986408817112925,0.16057085923911615,0.1962669486533704,0.24408132021175644,0.025817162573347166,0.06542526563741506,0.16289622914982357,0.5191369466875254,0.12791972000027318,0.365713918496375,0.09032212621194215,-0.25345336698637977,0.035467701480167264,0.27655640516121827,0.07493723115147179,0.0678140080693968,0.07020653321283793,0.07402155656598929,0.30693931050393797,0.16451378531193225,0.24148106511365042,0.1376785044248411,0.18309530378961933,0.28059464916474713,0.035940315726229126,0.04994465194284098,0.03830816398951998,0.10122434770176847,0.21650078561246214,0.13304813977650035,0.22222446445110403,0.32219438334186423,0.20742809091475578,0.10892796343515258,0.33871912035748636,0.36039738446999314,0.19047800106879295,0.24873738891931227,0.2963450120021424,0.1830116600305797,0.251088894977918,0.08813447669057459,0.1488891138534299,0.1514248929262662,0.13735492874826588,-0.007331495803013906,0.3101043876643256,0.20518334974102984,0.030278094840008055,0.036930142966128336,0.416481743161155,0.31165736289787777,-0.18042165925250894,0.07716734420383682,0.32830353962880926,0.2106076855277789,0.32499288447487423,0.05123205512336987,0.023929483803091577,0.2814268257495936,0.2480493012426392,-0.12177448051463138,0.027591247669730812,0.02512463961042308,0.2982970378962959,0.2492783345864694,0.21120976853506573,0.4607526666798563,0.12642295670032674,0.19579358141425524,0.25409657163504595,0.13616371667629298,0.38654514128785605,0.1323250168063234,0.26828781292714443,0.2758377642613224,0.14081615127202388,-0.08085381923959903,0.04856695776677707,0.18060495459837123,0.38521951909808183,0.23787993307985367,-0.16351735490027847,0.1913390170436105,0.34959456931606037,0.20329736590005604,0.35038004392490585,0.06735171251949156,0.2544448495079451,0.22041813681083353,0.3655287038425083,0.5436135712653437,1.0,0.0944593331201298,0.05545632492978886,0.08111304680345648,-0.17973210435809975,0.14971148756763086,0.4347239569665074,-0.0001164329367339538,-0.026596275390816194,0.2957790352700998,0.29928181629258954,0.1671464026931816,0.1253422902629269,0.16893343039519762,0.22052886595983612,0.38943204455696345,0.2685226541949384,0.41159557967383587,0.2728448455338606,0.3131509734803226,0.40212471504770125,0.28647753811428617,0.19563586706680647,0.28381277164538665,0.03562039682746266,0.27807135036999403
TRXUSDT,-0.03491048824609649,0.3052615624557351,-0.17648743399751576,-0.18923497566649417,-0.028014927637860162,-0.007219420990771471,-0.002811020430441082,-0.22615010440442396,0.0348511727678552,0.14404653603245623,0.3406230522405892,0.2290189483538314,-0.14088288665369383,-0.13313011321783202,-0.20606850806130325,-0.12058771166608055,0.0757899300867525,0.18364739394788143,-0.10457417142565344,0.041348024897476396,-0.09906143142109317,-0.11056397485215275,0.047661057725081474,0.028736968704841527,-0.024336769239890796,-0.10118816150204749,-0.21221267123103674,-0.12518220544792394,-0.23859457503847198,0.0935796314878053,0.017212084013391783,0.006818053033560961,-0.13906852371062836,-0.16353493545407438,-0.07851197796092886,-0.08297505896700223,-0.11436325455552539,0.0037790404798753604,0.06455541165913811,0.07651937761612242,-0.10989117837239003,-0.024374712373110136,-0.10819680485825664,-0.12849485510825767,-0.098746499030521,-0.15460631011770937,-0.17057028157219242,-0.22427374751078735,0.09691472744456552,-0.31446100860041154,-0.13882348805442035,-0.08399455663038721,0.1335250232433829,0.06885194789450842,-0.12631430581048303,-0.10441287478228144,-0.16188082814088764,0.008639196589666095,-0.18083810838435702,-0.24202831678725034,-0.4010497063284501,-0.12392342208934606,0.30063891535811615,-0.18415044197711594,-0.16320402522442462,0.13699587680734493,-0.09113471429990815,-0.1990090743508692,-0.3199004126230066,-0.12745171357684765,0.029994623886887905,0.03171691177620482,-0.2717722401068266,-0.08719768468711458,-0.24015977099038768,-0.07487466691889283,-0.07687578800287088,-0.20456699511907322,-0.027784913184045395,-0.15789315461942785,-0.2002358246950258,-0.10635149012603715,-0.2008898923264219,-0.26515109186223096,0.023441855962873792,0.24236242620845405,-0.14432307293586366,-0.08480208040687158,-0.21026110851302254,0.031128289744344433,-0.01720711910338073,-0.028715894227531926,-0.12861518525343224,-0.09290973159446754,0.024136539992083685,-0.061594731081944416,0.1036407306507984,-0.2448462590333626,-0.20893009238541735,-0.06266877771848313,0.040234818601624645,0.22592660213510252,-0.239889691489316,-0.1231395584612373,0.020108451067858787,-0.03174741470561287,-0.07627858600615851,-0.16644094655126024,-0.019817184480013718,-0.27417522862094346,-0.08547042461371657,-0.3382086432420073,-0.188930807513226,-0.013070065650733258,0.3391467510604007,-0.08320991166939308,-0.12186882609139266,0.09109171801758176,-0.09773341572271114,0.015902493092283046,-0.15896421257003732,-0.04556540009609346,-0.03867037242807974,-0.08946645652560209,-0.023241321176261057,-0.15873372357084653,-0.18231014702341553,0.17855951734613595,-0.13103894804068436,0.14471250398351607,-0.012283438785550535,-0.17058516217920774,-0.288253011370636,-0.04973273179467543,-0.061824561381926026,-0.2694008283001909,-0.04965799602378035,0.057870587726372213,-0.23406503658847885,-0.20844933367910903,-0.17255782901699335,-0.04639526293573305,-0.08253722316523694,-0.07594833678667273,0.0037130285293233626,0.04990496816138744,-0.11564507420653661,-0.013207923816669132,0.0944593331201298,1.0,-0.20213271710998398,0.05947828669970059,-0.02746744345803737,0.17776126624535293,-0.05049890304042815,0.05322972553601665,-0.39597008836105535,-0.16418055339503063,-0.178922403297948,-0.006046445507406077,0.16539818075483514,-0.17282032542156867,0.04308041662805121,-0.09656794581835018,-0.16012287952780968,-0.03916379540018825,-0.16831653078629624,-0.12294986666970241,-0.14109357614513757,-0.1438270624804278,-0.2703083814235452,-0.20422525584404133,-0.21944735332815715,-0.21772585474327222
TURBOUSDT,0.33067791006557634,0.21072724740288346,0.31387475575339563,0.24374203205854278,0.30728667702274054,-0.17531818427571005,0.4123013373788355,0.21365947363418342,-0.07563183305092448,0.25291330239840043,0.14042037598341428,-0.04930575221826632,0.40247939640490954,0.25458346660820047,0.04227089610356857,0.27112807471479206,0.08722088950143095,0.15898200272368854,0.2180827746609015,0.19571942899471273,0.20748269442388984,0.37476689718514444,0.0038249275964746007,0.39017134423482475,0.09188301146807923,0.18052121510097338,0.1322743219121899,0.13788664986471436,0.13864554958535394,0.1812301284687259,0.1697677000360438,0.3258218586160517,0.2382161894501912,0.35159999206202897,0.28033698845116944,0.297758605081241,0.0799616543370581,-0.06311543385190414,0.14156750027141304,0.015761624155374153,0.11024918036974944,0.28873031458018594,-0.16043965020719955,0.2258945676539649,0.21486652229576758,0.04240936379877749,0.36804283004142063,0.2597424015731284,0.09871071138067453,0.0688611895421595,0.23609786072221828,0.3371200427156736,0.3290361498923815,-0.16669965007110343,0.2570141756157019,0.25394587374327887,0.2964405148736025,0.42077811357348865,0.21711273469512973,0.4389652967748571,0.07816542276572826,-0.042142266474745456,0.19010298449668248,0.15128924250005044,0.24873321671509407,0.0722538749397251,0.6026957945527458,0.5303756427535179,0.20859543531158703,0.31413526389206986,0.27151375036587616,0.017266477034290607,0.21927168063269842,0.36900817463371394,0.14599568260283052,0.23174240912457209,0.2931405573080743,0.23770070444188976,0.2596939150275703,0.18253927702880987,0.07115659020280711,-0.09337042495929442,0.12464381935385455,0.2363773433152273,0.21625083648694546,0.06861898541650065,0.2547699693209656,0.2657338819639212,0.16499282503251733,0.20633189599837792,0.040195552647251644,0.2301439268199639,0.20889814740286974,0.2675642464559117,0.08188337683389756,0.16539845015001883,0.1872565966750869,0.5212890938081558,0.6628686877378223,0.2949045303446228,-0.04176417698926534,-0.060138016911857786,0.2892504125335559,-0.076460304161828,0.18753658694669575,0.0327800577357742,0.2080347690905787,0.2544418886083842,0.09458642660675101,0.1660774430718087,0.32859993103628415,0.3216382120227398,0.4523137290458666,0.23349262982469995,-0.09932315557487191,0.04025627847150965,0.07635076086023124,0.4875480104895737,0.4317779757888081,-0.039268622086997176,0.18922544643672307,-0.004222858232504346,0.29325408296605443,0.4413182086330968,0.5620924851747306,0.08387651745355267,0.5344840400613244,0.06866977152526288,0.3148126986464971,0.16098716482055175,0.46455054677007257,0.45256359139463,0.19218327592433895,0.3977629572662983,0.2195545074331098,0.05261488400776758,0.31022118482496197,0.308047522542629,-0.05204531552971381,0.1218766883991989,0.3455427947516714,0.34894296328286595,0.3480046759259203,-0.12557077083723236,0.21612327267298792,0.20479359242277406,0.3013866207716733,0.0923417442246186,0.05545632492978886,-0.20213271710998398,1.0,0.19235221144255465,0.10006467607715515,0.1635463609174092,0.37522117813875205,0.01650749384453758,0.2519740798042876,0.3121448305260657,0.3441645199928304,0.21551685487830685,-0.07557475942705594,0.31708066307333616,0.3608201663712344,0.2467570085632448,0.18675873652305525,0.1869737738618191,0.241039661041166,0.24931107100393055,0.21790571234446024,0.01481785623259917,0.1685144006795156,0.2884542718177647,0.40047429986999045,0.16002478393988526
TUSDT,0.8059049625950788,0.07038124723483537,0.726597537236496,0.7224654575139537,0.8084963477117766,0.2185288188080463,0.5384156029552264,0.3869982555202565,0.6623364520452321,0.5267381569396455,0.39600761712381743,0.07310746628333624,0.7387387350281085,0.739623074897203,0.6307227233873833,0.7061251994275928,0.5819390511117284,0.7838075818291944,0.7125582927719684,0.48040238548863634,0.6728411123054078,0.788461640576591,0.5436997912264607,0.6394682944309247,0.45137911451527507,0.7048285048338905,0.6505758285525568,0.499224763807961,0.4527569448291154,0.39768288074522407,0.5771893240613063,0.6864133432789952,0.7615892223564462,0.7854031759574092,0.7519762484449122,0.5626630813760789,0.47850181917385753,0.6506472825195552,0.4180727787408195,0.3984032262692631,0.6126643891270661,0.6561617297353524,-0.032498125979889145,0.4858108806996246,0.6341898228198196,0.643503039469011,0.7233170862196717,0.6432652871536179,0.22169824235357535,0.301175756813475,0.8076788686401147,0.6738038983684784,0.584268380486649,-0.18940683550736132,0.8239836938183317,0.7245451876374222,0.7826866027764658,0.7760708405198472,0.7146993085589706,0.7191150037266519,0.029570377015061194,0.4352880565982579,0.12757126412723951,0.6798198413195756,0.5063294959362618,0.7018217052775304,0.8073100650508189,0.32293245884082383,0.3825155268965582,0.7702003677758691,0.6008448251193618,0.7463285892756549,0.4787132489840571,0.7099650858177049,0.7405810217599376,0.59618479730614,0.34102057843762007,0.7101819363556182,0.597808952107323,0.6700157256730098,0.11977139561350936,0.37730404398652406,0.3033420071761198,0.7554033658580356,0.6968549555646334,0.43615304483452544,0.6669955252997409,0.7992267194055851,0.6091829889991102,0.3896313558129313,0.818546579615326,0.8331272134743647,0.7156152786087333,0.7901232461167733,0.5588709939743275,0.7274659099321604,0.8181886118742343,0.6204786750355721,0.6665455311629845,0.6749718458383615,0.492658316529068,0.2838774479760976,0.62306076742792,0.6509963392166361,0.34886680524655295,0.34976295540144287,0.7609126327753594,0.6960018868306747,0.4026920843272178,0.38078530875466154,0.7903043747018418,0.612715916011319,0.74371583068866,0.7245972821391775,0.5000478794919256,0.5317706276138117,0.6255178516289743,0.37582857721877,0.7118272012439684,0.37957820363123285,0.6514839559485953,0.6056632979221216,0.6869700121062274,0.4266061944065332,0.6624684346837738,0.7214648612893968,0.5968947865878605,0.7131188543487877,0.8077325253197367,0.256487179686163,0.6058640901768985,0.7858353336957022,0.4817521319012649,0.4752491307862965,0.6815690493306356,0.5311481195362171,0.74657007553894,0.7133580812751725,0.2548130001114097,0.5252098493540496,0.7491221775444897,0.7145150545495985,0.7819078461810721,0.29477712575838,0.6851808106005151,0.6155595623515393,0.7862195954380303,0.5988675469604103,0.08111304680345648,0.05947828669970059,0.19235221144255465,1.0,0.10793513940257986,0.3089045798603812,0.6411327137927876,0.04736497279419841,0.018573988354632073,0.7110038636849977,0.7907205368363134,0.8911513345218169,0.5948593073884036,0.7712123509791081,0.6322770810882478,0.2904253864742935,0.7261419231088436,0.6452504442910282,0.4983991123933453,0.7314663444601952,0.7900112544775402,0.654739502375065,0.6240868014352046,0.6665106902031451,0.770157412951633,0.7376251167002625
TUSDUSDT,0.12412094951765179,0.4281997706769687,0.17708900039075537,0.2938192552279411,0.2504662733850828,0.4329437742586289,0.25723276424668123,0.3402539729754668,0.08934071361203491,0.2352803056558203,-0.059485957762251754,0.13592365686690383,0.1862311331261018,0.2203706405336384,0.12039921304084429,0.24243800553684336,0.0367636451867843,0.21466382501405534,0.24095399209302681,0.014793738344389873,0.12744430741738696,0.2323712520179322,0.021076224609253423,-0.07871961590724387,0.00849955444427472,0.13564034246757564,0.018973072915783543,-0.047324683418835514,0.3762117349058458,0.02004094076632229,0.23415654656623147,-0.013223870502312742,0.1934098735226559,0.15030217651319133,0.23520440101966913,-0.058972302580067505,0.023559726212233425,0.231696518445863,0.09710547678402207,0.05098047234586398,0.419903905166933,0.09429742486610913,0.4832993609902574,0.05156171748751385,0.12825930388053386,0.36650801446189446,0.27861198825726474,0.3521876404373815,-0.032219253128696175,-0.04155456987180893,0.20581987926338463,0.08641660175074879,0.025317648396366566,0.15703957995337423,0.183248948747459,0.15670245417844705,0.20315467568728057,0.26412526971471834,0.3802888264325455,0.16290085878470703,0.26836472839210407,0.08002726564975766,0.281673441484987,0.1951822360141523,0.13534128947286278,-0.05848347145075454,0.20141794694787818,0.005277835086621406,0.4004068042337203,0.25726104025490887,0.2132435706737136,0.21432744271860996,0.0001861784220614951,0.3170492109629937,0.11291153851194426,0.4576091863862763,0.0029257236824316232,0.3274744336245571,0.13048826134911157,0.15892283516610917,0.285878098573617,0.04200016048222513,-0.14279320143046703,0.32017521420828127,0.08910261390853391,0.08245345839114374,0.039095275179584985,0.13220319784731835,0.11117214590332815,-0.004066372922266778,0.0547779614217028,0.17294195594861578,0.29171176405098775,0.2726107420147594,0.49812844720169763,0.24596898029668612,0.3000740439248676,0.4259299702860332,0.28182895633261884,-0.013932583031529585,0.31692508623812377,0.018696077962521002,0.03943212922472622,0.37751385053014797,0.2667926280943472,-0.15816547182106877,0.14207440677687483,0.005886128934311361,0.07719927228575571,-0.21621593231027772,0.1956317431321441,0.3311109225686651,0.2679156641694356,0.3764676821660015,-0.1701945724094409,0.20184849027326568,0.30784169630159264,0.08595265870777802,0.2713191040431893,0.08721971449631716,-0.014795656768068705,0.13063685807243905,0.2773492681749814,0.2819741013510329,0.08579612916267067,0.21310302807077836,0.21203085678072775,-0.049350874780449604,0.24998730837876929,0.0234481551626295,0.1815978781291629,0.2180460515951117,-0.10716260071795987,0.23189253993475714,0.17647623390863137,0.17918875596711933,0.26728927477069725,0.23185194837690176,-0.04127525330322842,0.19657392447364122,0.24185724006305376,0.0439288690575463,0.18634150833511706,0.06815725004791881,0.07077074937906346,0.09677140414990223,0.23989074969072308,0.029681625813750754,-0.17973210435809975,-0.02746744345803737,0.10006467607715515,0.10793513940257986,1.0,0.3927262371433258,-0.06847633826002485,0.04794372618559792,-0.0027262974981185854,0.14221119310832622,0.02137168454305176,0.2229826848279061,0.19577411919624127,0.2790503424649421,0.31654995189513824,0.14219274488197298,0.11798333541624867,0.03980211065191319,0.08314622160707309,0.3121804974140803,0.1378801088965156,0.28453513945375103,0.0818439005421273,0.055018974394710284,0.27663299889818,0.1983270075649255
TWTUSDT,0.34594246310953997,0.6232741530889155,0.4098161494442991,0.2539784424609695,0.533974360573318,0.4071406777803333,0.24866737215764953,-0.022675834955890622,0.2165836299397345,0.3152996340239775,-0.07879243697653733,0.05261208648649343,0.35270049682710497,0.16846608952314504,0.3467487760441734,0.4233031121762922,0.2335773110334995,0.22846377619287636,0.2263010582280141,0.37347489331368133,0.4586140724222909,0.4678746439306702,0.21805591018274703,0.13640429452074673,0.29032135261972725,0.30061628565468745,0.3336864428914327,0.004531842144123087,0.20845808458697843,0.41600103065402344,0.3703981176031637,0.2725845324521344,0.3566337365605691,0.3485027653874665,0.34903866325348404,0.39615151338977306,0.1854409897426742,0.4011707672654673,0.09816642637108228,0.24918912951223043,0.32763761694333043,0.36086435929845473,0.17010845282457332,0.2756642894287293,0.18465590277103452,0.1753088228413249,0.36518731528649623,0.35250608812783696,0.3230644559361543,0.266100788341314,0.3277435709586378,0.41727447465586137,0.38347744439661574,0.06608934595914513,0.3962209884519699,0.3598095083506747,0.3351509448851509,0.44010246769597017,0.42824055574072606,0.4419951760726274,0.0008485400315812139,0.05715225750820829,0.21237728626848504,0.45922336693891574,0.2866931361681291,0.26607300850497034,0.3433378169638484,0.09206316008402027,0.22130369714838238,0.4759725388831878,0.26519274616894994,0.33348426025641315,-0.11160745661645748,0.45076028197927415,0.1725337206430699,0.519817592989294,0.13921925587410383,0.33502231544845007,0.356442156619969,0.0883719252418278,0.15926106456242883,0.06925234216157075,0.1489070736466111,0.42145015919480733,0.17911224377939458,0.1948483515692095,0.19673399579178533,0.41701073190455223,0.1876103287901648,0.12585999053593697,0.24740542847909816,0.36847960997557466,0.29309596187102016,0.41038613965593057,0.3634235354716796,0.415190513916122,0.4345419999275357,0.34465914203535564,0.34316035228546854,0.2729052369577785,0.2871599974902021,0.15020899881265184,0.14551471501218266,0.2978585087300918,0.28466544760164364,0.17742871051618292,0.2237552002885603,0.04291200415525762,0.06576486153937006,-0.13910295736331377,0.4415577057687278,0.3980809188241228,0.4358762274032273,0.4716756648207488,-0.008403028529660699,0.31620436815809294,0.14148207149727118,0.18089299455766233,0.3949526847368916,0.17402423902157063,0.04923168629482938,0.19319964119613753,0.35402285797940486,0.37969473793036745,0.28088182746918894,0.13387879953560994,0.44728594869711835,0.05654182709347932,0.3741534025705712,0.06857572127934473,0.6367592506704511,0.39280275961998506,-0.37281764377718796,0.16605405001216414,0.2980851212433688,0.16034238288409122,0.4366611882872332,0.36518939911593074,0.049867977001032376,0.3824713814615633,0.4864078816398132,0.48790589210752394,0.3573944553753184,0.10408717310517457,0.21730456832849232,0.4496938549641351,0.488313097783747,0.36393843244996094,0.14971148756763086,0.17776126624535293,0.1635463609174092,0.3089045798603812,0.3927262371433258,1.0,0.2691706631493881,-0.2961300039604468,-0.29707446306938895,0.3824595866073373,0.3788232437009113,0.3025459968836813,0.15751856066143527,0.43773015752586414,0.42611936559245683,0.18829362838805327,0.43378335705091503,0.44073511219850864,0.28721428817457334,0.4295887013737693,0.37558786373382896,0.29654145516370006,0.24966344435716686,0.218811538941341,0.3394102213932312,0.2221210618863732
UNIUSDT,0.8818361486870899,0.09571251261039337,0.7953997907737885,0.719178658020383,0.7780049893794133,0.017232672078739443,0.5620085644782765,0.30679960191925626,0.4901159198333105,0.44614571833740135,0.24373452602740242,-0.07637677928341495,0.7836152009125885,0.7023628158655972,0.470974682152479,0.7415801960615279,0.5101973823150215,0.6856342821438753,0.5740516669357539,0.5876937250536873,0.7428250362734381,0.8341586936914545,0.5101731607779312,0.6274798044048184,0.5055688903572756,0.5280821715972831,0.650886133600086,0.4931584200974042,0.35757908934677873,0.4098890655245242,0.3351932468038205,0.9134154901545839,0.8192549043301369,0.7903442119887654,0.8103553905844847,0.8015338242142909,0.4600313509118906,0.5372775858333528,0.5992903831605327,0.3525556751423889,0.3974252198774431,0.7471014098867188,-0.4560079781980902,0.5382614572171632,0.589438500631059,0.3673187625990921,0.7802731232863522,0.4184364107727492,0.2366504697439539,0.3074456176824275,0.7663641051829586,0.7768508685122135,0.8120616972056776,-0.29961096130586634,0.7542380619678235,0.7262429889667014,0.835742834125216,0.6576956461346369,0.6609337234690448,0.8018175339383257,0.18560411034071844,0.41105980924448776,0.2531552309736455,0.7044422286705594,0.4423807039648707,0.6123620962095698,0.6909981091873898,0.21695007836912333,0.38023255214634305,0.6869617650641491,0.511728199420584,0.47365783745392376,0.5405455489445415,0.6563531891447179,0.7158710491202984,0.5111964239251503,0.3814844380364638,0.6600167238039063,0.49563015891908946,0.6273590301777185,0.18519939761369364,0.39555903281892835,0.30379353763654643,0.6291359103534618,0.7134517225081211,0.4558566597304646,0.8244811851656079,0.8619551665461702,0.6702924378300804,0.2907359051255942,0.6323647393970023,0.8066097299418927,0.6352678401742069,0.744857706610856,0.32482707470436445,0.7482553319159679,0.6882711240799294,0.5302140814587242,0.733479284348045,0.6453363049304875,0.2457543705675436,0.17626557896289677,0.7744463312075106,0.33306888666747003,0.25745412816993535,0.3507465001053221,0.7659781226090978,0.7615434533680249,0.1836633675159349,0.45044344926178215,0.858884976312477,0.6784554801553969,0.8137375856453983,0.6119271749792788,0.12234252294310481,0.49435756180777923,0.5925005726369622,0.28722232394388697,0.6474551212368471,0.04156281709272372,0.6360137051413387,0.5181158613767349,0.6078444884940319,0.49465263594147224,0.572813010227861,0.4851079445167417,0.6577988748581769,0.6470336070873443,0.8103604416081159,0.3833013078110755,0.6267256386556582,0.7497365483192406,0.5096104636293038,0.4574177186712255,0.47181351516773556,0.5228504404821489,0.8079634843702144,0.702373245371864,0.1935562738747402,0.5065832646740277,0.8021778399986217,0.7638669778067874,0.8528622725806343,0.20343781123336038,0.5566560154760977,0.5892748842152694,0.7989963581709559,0.5776927117517324,0.4347239569665074,-0.05049890304042815,0.37522117813875205,0.6411327137927876,-0.06847633826002485,0.2691706631493881,1.0,-0.0313244961411427,0.027229812020945383,0.6314336976882741,0.7777831043310379,0.5391851024282319,0.2830714671243267,0.6416719012343131,0.6528326092808392,0.4241849773839014,0.6787679013786342,0.7426677657303169,0.6077415374588495,0.7474271383805048,0.6906951052545058,0.5529806081669995,0.5694940093628544,0.7675038403303486,0.700131626875375,0.6762066275375673
USD1USDT,-0.06868909595698092,-0.10935691745219737,-0.13308994290716156,0.15444062143295403,-0.07311786261296738,-0.16415240381461663,0.07583997690675266,0.014247277570301359,0.24008209305538697,0.06110812607429238,0.14987315090689607,0.2540263625293846,-0.0005351975242824936,0.19788012891675444,0.003996040481682394,-0.2489332743440644,0.0342880760760038,0.22449816219514174,0.12618959019167938,-0.14293907160487201,-0.21020152359356212,-0.015654158674709373,-0.021605434811626332,0.03547520529886833,0.15891809404110266,-0.06497465567788464,-0.1898183660233675,0.37336158926899515,0.0395230730140743,-0.35433509545548375,0.008900637726316468,0.09776461973476461,-0.11967506470215042,-0.017419523765904523,-0.057124971688012886,0.00577067997383727,-0.06251722055940025,-0.08339890948789926,0.19088481044313463,-0.0846301538886525,0.10836319317638539,0.015486350394835067,0.13934621117347903,-0.03826656644707396,-0.20701728227938276,0.08962253016881393,-0.012459779902816104,-0.022614762998388164,-0.17685283293410908,-0.22539532164905624,0.1284738993876742,-0.0035420992354985308,-0.10312065393695215,-0.38041002090867204,0.0045464069385220745,0.06941344571329561,-0.13412368389850018,0.019430509202733717,-0.01974491378543411,-0.03733775783911425,0.11031613398544203,-0.2233732633646333,0.00791919595786175,-0.06950030443190629,0.10965593875718782,0.045999638888265214,0.08531066789674063,-0.2482577808010418,-0.05347340884859548,-0.011405511459158319,0.03540250571191154,-0.014511408249655185,-0.0923326330205485,0.09189370072560069,-0.002012438120825759,-0.14564340990842975,-0.12278180861117484,0.04664480647248081,0.1027173066029459,0.21785038066620405,-0.22046313812806678,0.18261141562717118,0.07530520859769671,-0.13785061175601693,0.09838714342178922,-0.012036056699518604,0.023696239483784954,-0.05537268313212196,-0.08919126470705444,-0.07870555165886878,0.10088780821301073,0.045669784764349075,-0.08111188613942935,-0.036603244497785625,0.20510429749612397,-0.055758370526807356,-0.10613029347633465,-0.08226079665750993,-0.08160280008239079,0.0047933158608398155,-0.13891975400873438,-0.041396050684391374,0.2011306949665296,0.1375096407626004,0.2195645154981606,-0.1976746543242851,0.07125354756605598,0.10086582810814546,-0.15227489943583183,-0.06525002848637214,-0.053073157862044626,-0.06535716247535538,0.028410924299121443,0.12572715390242356,0.07473345601510722,-0.0220254016482983,0.10525038268369762,-0.16440617152799558,0.009647883138966598,-0.08022149842969961,0.010776412542300773,0.048470105364045196,-0.045364393669777604,-0.02477978086067606,-0.1401817317380904,-0.09534307717183135,-0.0022313754699281123,0.21685071203988374,0.04822959954967791,0.09278423229510036,-0.25913753982631665,0.028029663146886083,0.10884626205435924,0.11459390383654391,0.1599393505517968,-0.009284307531544047,0.07420050360604938,-0.061548236670432736,0.0028171206917142412,-0.20764436207584583,0.045279017225983785,-0.16337541856996618,0.03534978974786818,0.02279564781737948,0.20628484135172032,0.15671162971593008,-0.06919745712718099,-0.07257218081504897,-0.0001164329367339538,0.05322972553601665,0.01650749384453758,0.04736497279419841,0.04794372618559792,-0.2961300039604468,-0.0313244961411427,1.0,0.4790429152458491,0.013627692165585504,-0.12762370623871383,0.018330552797968774,0.33408236937519176,0.017154991728684434,-0.08975473448336672,0.2564601194490299,-0.030884284106034252,-0.10284760447218226,0.0848163015942096,-0.07886634822744099,0.0356440836478176,0.09285263812891285,0.0034879634637343475,0.0356353633244426,0.019295943163357997,0.03684474823017975
USDCUSDT,-0.01838101166245719,-0.331834919067726,0.00784496684987027,0.23373161511110999,0.0056852084384509454,-0.3039643381871342,0.1525097715148068,0.01798621099135118,-0.06286195785961544,-0.02847724793385141,-0.15623443449363308,-0.009500512489337415,0.08268150748451086,0.14020789139201276,0.24726716695726264,-0.08497560176519184,-0.04352530245129998,0.0008039592505935558,0.1960126269673833,-0.04172597453512535,-0.2724790144540492,0.03930396661269504,-0.009762504996275134,-0.15000704033068535,0.07567859965023901,-0.06213772849205939,-0.07442556793847555,0.11745728842861593,0.09989288937498973,-0.43281422820672294,-0.049610391004350295,0.12950175808744954,0.031851945416644135,0.10154547094135946,0.08074749743481231,-0.011441911560212974,0.10600769057389026,-0.11341057480931212,0.14216568494046963,0.09631165656469497,0.10584578376176221,0.051325350778058276,0.03353451654136217,-0.0701386489353663,0.13091541211061544,0.015114669076895959,0.15258059828653608,0.2008413212440386,-0.43111130073329945,0.03446211969303831,0.09340552373854284,0.1749572065748529,-0.08699388506131761,-0.10537380075680228,0.07835758054714587,0.160004802479715,0.044089881729175724,0.16403135830772075,0.09649516467257561,0.16444301870570543,0.011562480085979255,-0.2059618596644859,-0.1365067495073346,0.054193117931148935,0.16903224332833094,-0.11789256472864278,0.10983543594618675,-0.08928225035414845,0.23331872115169422,0.12373578476748508,0.1133569613501696,-0.03342451348666663,-0.003564743230129411,0.09199620843955358,0.007594729756684847,-0.19299518409577385,0.11970916831947755,0.0695566054937052,0.06303150895219899,0.14591487183378882,-0.016722314429834705,-0.15026230600173085,0.07955847933379531,0.12457103937975578,-0.06093432189200488,-0.17867558626550628,0.035185868194159274,-0.01500366491310761,-0.04061576513103237,-0.006801578071417013,-0.019426687365388207,0.141045991830753,-0.045305333056144405,-0.07021478521836064,0.015295022565863584,-0.16032745763032613,-0.11629692811803946,0.12754983057116104,0.1457178210039738,-0.04272135081761685,-0.285924077633148,0.021795510307357536,0.29243401673020586,0.016516876337564018,-0.07012194265886962,-0.22618784031493325,0.08878292836070296,0.1261364909560873,0.06569331844695901,-0.10296695787637226,0.055912064918624486,0.3508985108776741,0.1291080052296079,0.08462274057989941,-0.203070944880607,-0.19079806753940085,0.06478160500120486,-0.08989122475284911,0.13482197291528375,0.09342313676693963,0.060555831054210474,-0.14894219751480714,-0.0845581495078241,0.18598917824681732,-0.03834128993552211,-0.00219591841731219,-0.02808187704919461,-0.020479419908811546,0.055736500275849823,-0.047558780747692576,-0.21726319359718754,0.2362656273581121,0.2515194369335518,-0.05270283645465044,0.08923547670802777,0.1335403267407262,0.1737778606968206,0.035803832499942054,0.21758277614573962,-0.18991525011802768,0.14234925335321308,-0.16780348642681514,0.016755422245805684,-0.2999471148314575,-0.13984165201143348,-0.05480788642967806,0.08746243438712532,-0.1149373478806916,-0.026596275390816194,-0.39597008836105535,0.2519740798042876,0.018573988354632073,-0.0027262974981185854,-0.29707446306938895,0.027229812020945383,0.4790429152458491,1.0,0.12982511575033148,0.12203056758809713,0.01024611676428871,0.1190085677473223,0.2680889566048653,-0.012099248310843984,0.281723871616065,-0.003674572664438954,0.15353898283860426,0.018817943623105324,0.08824710580316322,0.15367349832411048,0.006332123111145118,0.13740366568873125,0.12154401293491099,0.0701819857800443,0.0036921738420117364
VETUSDT,0.7275889771174077,0.08618410622321901,0.7348739314812263,0.6478132350526635,0.8214461160288514,0.22578820275409853,0.4780296549951275,0.48539089342463687,0.40599958719986695,0.38295583278072054,0.18050731090417202,0.054694303007936554,0.7165553757400703,0.6223698063945103,0.5198406019744789,0.6170456472853317,0.5218055460727641,0.5965692135268659,0.6680382728649167,0.5103239489187029,0.6844397004394601,0.8052956056841895,0.28232449331674114,0.5497024533868967,0.5225948949227092,0.5371031491546184,0.6184531129564785,0.37874658201610284,0.5345099157459963,0.3128836321404702,0.4730591826854038,0.686033608358547,0.7282426311485903,0.7412201472320692,0.6780270587259434,0.7155354465608674,0.4689657018024008,0.5597590397786532,0.4515335145038009,0.2890055486233825,0.3901071699804483,0.7590789137478279,0.04980957101867468,0.35546367742999546,0.561090419093975,0.6027351034843016,0.7897318898034837,0.6367575784576346,0.5107611772112175,0.20252699701213425,0.7447260535007171,0.6945279661029345,0.531338255830074,-0.23435570014567877,0.8260886753928924,0.9132877765972653,0.7502464378049537,0.7187468096174946,0.6821621722740311,0.7796537478535428,0.1971702552345661,0.3894264038457705,0.18550247910092357,0.7451961297778895,0.6458316859056349,0.5508692506918076,0.7168601247064447,0.27065793322740206,0.5167893797075519,0.7245237137875825,0.4868159637725646,0.5198288266502036,0.3505400814528043,0.6147019139226707,0.660603316375763,0.6003472364218644,0.2630390934282048,0.6224549458055062,0.5483811811876995,0.6437892629544519,0.1674723222173092,0.32322233006706635,0.2953834058000904,0.6942923278894606,0.6526679947039848,0.43774549893115366,0.6764861039843528,0.7448446101688349,0.5025849351382881,0.3571182328625118,0.6698683942184626,0.8064439968236669,0.6156716714588875,0.7888763576922109,0.6160148466258004,0.5315073901997416,0.7154487317411754,0.736978386204529,0.6771468352949821,0.5950184321806883,0.27307773391727425,0.14591682439936962,0.6130854919457573,0.5062198953904053,0.48477763714140143,0.30480962253394256,0.7371596474774508,0.5617173574042765,0.2759928438218898,0.3793324911754213,0.7155349679677871,0.7315710916735251,0.765171481857314,0.6758150732160658,0.38917726074347325,0.5520758362904323,0.6472479049544667,0.20791050976182177,0.643464027394123,0.14837697495540336,0.6673797279827777,0.5027869521489722,0.6321189024546774,0.4500001759288068,0.4792163228717666,0.5156704422725685,0.5602523675843593,0.6278264692108997,0.8170052915794902,0.2907600316051035,0.6314425773079176,0.7884460856463313,0.36010759293087113,0.3211682276401855,0.5658748688698845,0.5488524964524206,0.7472055216848925,0.6657264447637495,0.13733093928930326,0.553971949041239,0.714510117372664,0.6765923846955553,0.7987535820672245,0.0846791257661228,0.7114636248006015,0.6756645007679057,0.7492134225648693,0.6557280297479543,0.2957790352700998,-0.16418055339503063,0.3121448305260657,0.7110038636849977,0.14221119310832622,0.3824595866073373,0.6314336976882741,0.013627692165585504,0.12982511575033148,1.0,0.748519580283622,0.6361526477954756,0.24246470240809,0.6751630087890952,0.5368209925613205,0.44168022521690065,0.8563511686383841,0.6825334584355236,0.5089194284341908,0.7333598321038659,0.7033439190923362,0.5563058364750748,0.6174369436260462,0.6468997446845492,0.6906397649022388,0.6789567918613616
VIRTUALUSDT,0.8668372021100111,0.0003938136881090047,0.8778281344849975,0.7440810072839423,0.8844157998504321,0.16930383127147192,0.4894189715321603,0.32330095767416683,0.4144660657302797,0.5815490890102002,0.27232225168659474,-0.15456648197592548,0.748490111634528,0.7238029947654256,0.651530882049023,0.7812497674455531,0.5865463840223183,0.6305547398659448,0.733905961472335,0.5843773877664135,0.7169181765470332,0.8748548311325834,0.39987653133639606,0.656209191382902,0.5966856165734505,0.6020811164238903,0.7889934419578883,0.42852957045715645,0.3974210387248901,0.35473704003332646,0.4456133313310408,0.7910621531226235,0.8534492873544993,0.9040212696552957,0.8399927393429718,0.7308308556382971,0.3981709696399169,0.6508821776789383,0.4952514845794841,0.384081738085923,0.5344935093173364,0.85027336684652,-0.0845655787747036,0.5783412357956378,0.7377990013450153,0.48928836793091673,0.8963820568873865,0.6443672877611804,0.12042300772581195,0.4869518344936911,0.7926163989492776,0.8633801169035759,0.770511832663829,-0.23222253741114512,0.8531002981121005,0.7640693770364688,0.8857246924711976,0.8252225333772601,0.7704843008781674,0.8796353015149447,0.07680569228513244,0.3918487714511267,0.2191468488715084,0.733654625585642,0.5378960945295564,0.6658941136532253,0.7825174757324298,0.3214121700229547,0.48323237544032377,0.8924591606497202,0.5316923842358859,0.5084323541178737,0.49089006494716997,0.6786295373181201,0.7657796906301712,0.5799541068198216,0.40912658480302216,0.6929731878894286,0.5285871210845334,0.6837691956216202,0.2126406922978557,0.43572597397905855,0.31346172935528116,0.7989853581230442,0.619714724730161,0.4896191453291397,0.746328136535174,0.8972855283673083,0.6765848097521259,0.47123481908614234,0.7151814031960806,0.8554453813700175,0.7211603228483794,0.8065730842723373,0.4666285746662617,0.7240951204327661,0.7807595334871726,0.7075189691164987,0.7706053737094669,0.630055954986503,0.33888332667135246,0.030132101380690633,0.7509477516174434,0.5738694441382562,0.2368616846432895,0.3803961414935659,0.7962434839968277,0.7724348676675347,0.21208256473188897,0.5550130440442147,0.9041498754009749,0.8076395104144763,0.8340390028445983,0.6672659507141474,0.2644617766452623,0.47848211040828525,0.6448194760520162,0.2690027539411071,0.8106398408136316,0.32040381137007085,0.6336570095225179,0.5860391669321976,0.7006816009617794,0.6418301462426955,0.6004953011598092,0.6846178571767568,0.7392037604888406,0.6096529685100587,0.8403561055153593,0.3485864125944636,0.6951521688057971,0.8032279330367434,0.5337018975741451,0.32094674100863385,0.5257210539403594,0.5562177289302996,0.8321476453211537,0.7366168001370141,0.24301836636590138,0.458858260850645,0.8586398190756624,0.770160709942667,0.8125077947910783,0.2222908807118911,0.5805983423994937,0.642043514716777,0.8736972635667373,0.5882055051047487,0.29928181629258954,-0.178922403297948,0.3441645199928304,0.7907205368363134,0.02137168454305176,0.3788232437009113,0.7777831043310379,-0.12762370623871383,0.12203056758809713,0.748519580283622,1.0,0.7739834159484482,0.23575603785811505,0.8132060793492328,0.784864984486474,0.42518626567094187,0.8167578505131681,0.809446715662859,0.5119203955911044,0.8470753987815521,0.8024512007627166,0.6013975159063353,0.7914168029689668,0.8367983687911623,0.7696910536009979,0.7783536289927405
VTHOUSDT,0.7855924134686428,0.09707435769034363,0.7476095157144385,0.7001598994100916,0.7705979957933423,0.3698258122566414,0.5331125383461759,0.39971854195796336,0.5833295164758705,0.5238804058808646,0.48737294996923086,0.17051337039459444,0.6379191538569015,0.7036429096673256,0.6630391995858198,0.7221517811531434,0.5176651573269033,0.7286873749958868,0.7837751779448057,0.4655713467469195,0.6148100988993297,0.768189837749616,0.42169127195320605,0.6159286836807478,0.3938741685187726,0.6856782731364314,0.629959821210053,0.49543265620821403,0.5722176427350496,0.35246892735471674,0.6141831334259675,0.605191875424751,0.7698204363509937,0.7723573199669796,0.768426147047869,0.47502076623011197,0.36688323524899175,0.5506613001885756,0.36394856198799774,0.44279980747243747,0.5702048006242326,0.6140010823893108,0.12719725974336402,0.5272224047899824,0.6092886372246094,0.6454836851177669,0.7272339779015059,0.6842852212990712,0.0665237409781834,0.3453028709258208,0.7868570737537963,0.714368061235434,0.5332913315288634,-0.19061445385791384,0.7838287482746875,0.6755580561770437,0.7988546511492972,0.7249197485175265,0.7611210022783684,0.6829186986924303,0.029496658498119912,0.41081070637039596,0.18545510551914596,0.6982100909605374,0.44230230742915716,0.664861041010967,0.7326443790778326,0.21618523651264512,0.45796406610770696,0.8112066468637419,0.5701341424889428,0.6692587030954317,0.44483139382584014,0.6990754865366139,0.7592921022155733,0.5622821078689645,0.42958370740925494,0.6891808549694575,0.5269341812725429,0.6710834860564381,0.1629526193197113,0.42053542493013596,0.25094211806259525,0.7947754445601578,0.6940111234905714,0.3715194095023602,0.59775608356142,0.7738804583566525,0.6160971249437583,0.46794713236125285,0.7822431762160051,0.7915962783153543,0.7056472510138251,0.7657694321730104,0.6683772026951703,0.6982122438420842,0.8357246442390258,0.650482602465819,0.6653871948539699,0.5767962548523816,0.5987905012083157,0.17534375282408443,0.5423400826773556,0.6782618165559972,0.2586029318326411,0.27324851745976225,0.7529294890049222,0.7118515647817414,0.26390794217819197,0.43310657800838676,0.7603703572044411,0.6316707945423632,0.7195945621965836,0.5924184131284254,0.4160637172914067,0.6408293913558732,0.5698021939621029,0.4387491575640226,0.6854157237549457,0.3608971505242747,0.6054564698420098,0.6270521104690916,0.6366195272158017,0.46479950135189324,0.5888305651903057,0.7710492108966529,0.5707841713654295,0.6468174058540531,0.7879304303874729,0.13297085853725343,0.5404031924961833,0.7277470132994878,0.5005989739308501,0.45562410029110667,0.5469562117173253,0.5025364402182348,0.7571429491388479,0.6865977135499364,0.17680263519660935,0.45731900985499735,0.7326758720501886,0.6405220850730535,0.6858273109892098,0.3249269808174188,0.6425581320616285,0.5595817859568808,0.7821659631006658,0.5499670060180882,0.1671464026931816,-0.006046445507406077,0.21551685487830685,0.8911513345218169,0.2229826848279061,0.3025459968836813,0.5391851024282319,0.018330552797968774,0.01024611676428871,0.6361526477954756,0.7739834159484482,1.0,0.510029706647537,0.7574194040093063,0.7068973461498935,0.3876861107581959,0.7156790010414816,0.5620657048304988,0.4276330499121625,0.7723135302319978,0.7922288732978435,0.606640162261255,0.6942494120942734,0.7048646335525207,0.7475073789467976,0.7165584393920451
WAXPUSDT,0.3461973442146434,0.092860291056776,0.28944515690308326,0.3180578501020255,0.28859388835825794,0.11269350817726019,0.33218063146726734,0.1765464883947472,0.8326876122508176,0.2865728201263059,0.029940831763122375,0.2511245581520399,0.2640478101201409,0.3839565765963503,0.5241972203276725,0.35133151855264616,0.24855713227467693,0.6134063222603794,0.3303471337195605,0.26185726923946434,0.2705467189340454,0.39174343176986265,0.33514233810491056,0.24379851607171146,0.3150349014058983,0.23945257921001933,0.2043950523733258,0.4389490948427601,0.1804269504011267,0.19122149512439024,0.3639513015352617,0.3222818649531459,0.3185315340779582,0.22963797686663975,0.439755925594533,0.1468009715103755,0.14577013813952117,0.27392625978074936,0.14866252855502887,0.16919777417041604,0.34776318703606984,0.20405263820082567,0.03698794218546292,0.19379579637847685,0.2156337152971858,0.3511905901667584,0.3375323287695563,0.196199471687427,0.033655111273291176,0.048745688804624474,0.5077267074998104,0.291501732781363,0.12797542380326096,0.0033910124235438845,0.37638526990792354,0.3412218652705639,0.3411343899925335,0.36536561939379164,0.40037369135676004,0.257034351521902,0.07561803111732315,0.1938713289906163,-0.12073527876756511,0.3558474688754063,0.10322539264475379,0.2520902249153598,0.346729840580321,-0.11349230701722822,0.19935459359419624,0.3577815638362587,0.2873916784633979,0.3471305351812112,0.1263571725462844,0.3575966307420338,0.30009748516105755,0.2636614765417242,0.03655020340038585,0.3945048261577095,0.4544197614636953,0.20433344801376263,0.15998432174398175,0.11332450132439616,0.05679671922906295,0.35658300284894684,0.2921885882613458,0.040095826297714736,0.23009916512777384,0.38388823634821895,0.30830870606285155,-0.048725240298618605,0.477792478315365,0.4398372160224661,0.32541738656691555,0.3167867505446172,0.37423220118225653,0.39722819297305945,0.3595375259335284,0.1703618685016625,0.19213434720452374,0.2539781894057263,0.5109540454195493,0.15288114882851098,0.29477510069316765,0.3831851160988178,0.07995378909575308,0.007739019764173319,0.35270629953672605,0.3607698373421479,0.16574966987726997,-0.21959910540823366,0.3362192798320763,0.22562377595938563,0.3077246878574973,0.54152221143949,0.13734466085252892,0.18291659545617164,0.33117887807090524,0.02704493675149896,0.25582732114117546,0.407414937629876,0.22607110199328584,0.44568484911668543,0.2564161164596947,0.23590471976500596,0.20654992644442446,0.30439317510395997,0.256705100714837,0.24535957783883444,0.3799857467848474,-0.004017068063015394,0.2187685464746394,0.4753264435472005,0.15962076774373815,0.39861178101988115,0.6687361956243187,0.2516972894817472,0.40565847103145686,0.33679298106674155,0.15755697565050136,0.22502986891057666,0.4003519736865618,0.2650395801153684,0.34285124354205315,0.18637171335683528,0.31815357988651055,0.21848675554528427,0.3594248160029434,0.42414755003968263,0.1253422902629269,0.16539818075483514,-0.07557475942705594,0.5948593073884036,0.19577411919624127,0.15751856066143527,0.2830714671243267,0.33408236937519176,0.1190085677473223,0.24246470240809,0.23575603785811505,0.510029706647537,1.0,0.4151900983236735,0.18991738891748108,0.1865985373561462,0.2514651377414408,0.3098412137022637,0.26233809084610715,0.3525364196992567,0.5566317931943982,0.44334456574203834,0.18986421785630322,0.20265080742019378,0.3147592120010616,0.42861234984821983
WIFUSDT,0.7943497226972981,0.18786011567290573,0.7505232377516935,0.7392467419439273,0.8322977644797287,0.22018652585850657,0.5595368192859282,0.3118897199176788,0.4187753290603262,0.6306638712957371,0.2955279661101755,-0.1416257916289879,0.7058212433945237,0.707483745183505,0.7450695092562398,0.740209853757208,0.5413051497726882,0.6257305892766188,0.7469306997160647,0.6026974151058248,0.5581090344158293,0.8178554309726803,0.4527011666178904,0.5116609679749271,0.4835526062934678,0.6379201116348044,0.6980813914558641,0.39093365876518477,0.47572933150798985,0.36229758473903684,0.44751047104006436,0.6465299254969789,0.8161076162614924,0.8523662767044975,0.7985953395604053,0.5548313113846104,0.44775769179481384,0.5872999001879101,0.5415151100136258,0.37089084608848916,0.6820822962997267,0.7239632247539767,0.021406077946340297,0.45007697823675424,0.6720766808629484,0.5832737253550122,0.8029081103131432,0.7228385393344687,0.1085907094671776,0.46249687322810534,0.7374462210736684,0.7319741141311318,0.6326133758918605,-0.04666048131338682,0.8256436973473823,0.7120648984374015,0.8211036855826558,0.8039963352245109,0.7957933989287833,0.8107915799435378,0.1933691296239479,0.2871878216961364,0.16051372421985058,0.735960139899949,0.46575339690332773,0.5130040642524463,0.7135991993679656,0.15961277244361022,0.5847282504966617,0.8457080532411164,0.5754191917685941,0.5889954819034791,0.3826725560911506,0.6819861477387971,0.7266863043768638,0.6230437379971476,0.39277537634609205,0.687382855264358,0.5311791220350793,0.6641974760945419,0.307797745821881,0.2788282443043024,0.16676624851519875,0.8293067850273584,0.6077585696370843,0.3031861374095264,0.6014933324687662,0.7789061184465468,0.5411364852061825,0.37257951705055875,0.7111418967827529,0.7886057080748167,0.7124345547551044,0.7668369734557473,0.5402307946400019,0.6909218823040872,0.7366668449437598,0.7215576984841884,0.7688174063550847,0.4724881700396275,0.43808092800346904,0.12059016852643335,0.704919850615851,0.6237177777399059,0.276542532319135,0.323747863078777,0.7240871040328525,0.6749371551967835,0.29164648483651007,0.32983891143238214,0.8183722556275635,0.8230076243719578,0.839136703050293,0.7495091507339653,0.2648913896460011,0.5985667691843586,0.5556519672200266,0.29090484893063556,0.775213089522329,0.28266805614227314,0.4886342410222771,0.536053741194083,0.676873440003201,0.54729394858533,0.6288904058750169,0.7405577973809736,0.6775310307410551,0.5588685007975721,0.8221258880528785,0.32111358766937886,0.6233128876359175,0.8323423352303418,0.4485204176693768,0.4163830481180719,0.5660077200001931,0.5033217273316919,0.7799761741358385,0.7507292100592525,0.3578909034929215,0.42341520646594183,0.8290735210960578,0.7143453706425571,0.7180685376667615,0.20028166482953208,0.5099507631590575,0.6049157730601186,0.8568826233625114,0.6429988981834409,0.16893343039519762,-0.17282032542156867,0.31708066307333616,0.7712123509791081,0.2790503424649421,0.43773015752586414,0.6416719012343131,0.017154991728684434,0.2680889566048653,0.6751630087890952,0.8132060793492328,0.7574194040093063,0.4151900983236735,1.0,0.8234094308524588,0.49349098983775097,0.7123319665648934,0.7856296205108813,0.5739428037753118,0.8179075157603619,0.7876725045923748,0.6009122072141186,0.7447451473957706,0.7034490351102716,0.7305464543110488,0.7103490662517395
WLDUSDT,0.794439261312075,0.2152663084330826,0.774186181968169,0.6407798719956062,0.762186862248495,0.261779665817008,0.4802481336185189,0.2776078810927325,0.24983516513300105,0.7186551587087369,0.3854254622742499,-0.17426576834376326,0.5904015071649671,0.7026580147838885,0.5353812571184209,0.74887434226848,0.4338420980935014,0.6085517934292656,0.6948862063270618,0.523855602896491,0.5606784046993643,0.7612558850255791,0.42822548393973625,0.584147929156731,0.462023002474063,0.5602335289447832,0.6269462051942019,0.2645910668828508,0.4320014902208143,0.37601630622763627,0.45832386654675106,0.6625304861331198,0.7825580557869928,0.7874956381749035,0.7854357308550342,0.5793632337404843,0.2350094395897544,0.5541770667584747,0.5848794969536043,0.3739562403508149,0.6107100140655775,0.7415958940879485,-0.00455847047100779,0.5982308939115607,0.6313858771158444,0.4925886866672357,0.7699839643526043,0.6186514824109001,0.07437208854913076,0.3516296880926365,0.6566382044480045,0.7240777563116705,0.769997498878615,-0.09524816707229321,0.740353809553062,0.5957005455864295,0.7962468105932329,0.6956308747978387,0.7001062430469991,0.7741652164168479,0.11566263316488541,0.259784751975054,0.3203586498065774,0.5917145656412863,0.3298596664965645,0.4077506101509752,0.6858392536251509,0.18991983153368308,0.46381861695683446,0.7910291610963107,0.5609207257643541,0.46413333209767643,0.5127189794006209,0.6385342431006361,0.6785474055738722,0.5725779357268503,0.4580455190352466,0.5932837033158217,0.45081105097337115,0.6495559706806123,0.19060716665492627,0.260510018257236,-0.06956406962430726,0.7452674237335531,0.621291965733221,0.44694431880185065,0.5889318106415404,0.7476458603528651,0.6275872287352712,0.3559863769725518,0.5771594747980432,0.7047680281074762,0.6591001579317254,0.7236305908054138,0.4924948762578504,0.7440915912651273,0.7414976353060185,0.6761836951269448,0.7483780742262262,0.43109843113254115,0.415191051474303,0.07723624677402326,0.5558631503283366,0.5261626976378599,0.24705795749036358,0.2829246447258855,0.6739379365667395,0.6730049403428799,0.1523037560382612,0.39806762749922947,0.808257860384752,0.7116275138152158,0.7816233290676609,0.6498368300942259,0.19288915661538825,0.583041639135627,0.5040956374587092,0.39348081249970523,0.7678628120974246,0.19450675842513948,0.4279846192196766,0.465409725151648,0.607649722759172,0.5662870264290671,0.5814727960487261,0.6742225450387582,0.7706693890163837,0.5735502380393627,0.7603963904255543,0.4327008362624545,0.5937963629488591,0.6708559372938371,0.4576685087219821,0.4170729082878544,0.4578628988165103,0.43652744501003826,0.7424687077969264,0.669797573966453,0.12394069712490587,0.3335433193551619,0.7636878755029501,0.6840921199856156,0.6555801387345985,0.2611610093466738,0.44668714648584384,0.6106687479732911,0.7831405547990307,0.5166881817934209,0.22052886595983612,0.04308041662805121,0.3608201663712344,0.6322770810882478,0.31654995189513824,0.42611936559245683,0.6528326092808392,-0.08975473448336672,-0.012099248310843984,0.5368209925613205,0.784864984486474,0.7068973461498935,0.18991738891748108,0.8234094308524588,1.0,0.4023929765677804,0.6479508466933424,0.6585741512344114,0.5219768324210872,0.7964094510894931,0.6770385731548375,0.5592641425428405,0.6736861228700197,0.7501875165965775,0.66011138802382,0.665741695166466
WLFIUSDT,0.47284776709667775,0.06350197079739456,0.39555977675698584,0.37439110264873227,0.49254516781353375,0.13679519587612343,0.24313244306953852,0.30358057714013237,0.21587008733394322,0.4046956644941177,0.16092393065734115,0.11993124804230171,0.30833399767930647,0.37775409367567275,0.46822978761965844,0.10545958289738509,0.3064665633010412,0.2808514263684985,0.42201977277158914,0.2551119099811201,0.2637782935522208,0.5281167713261841,0.04150404606000235,0.31416654677268796,0.3353817370201272,0.32313960175386713,0.4339908938055343,0.2909196263388961,0.4468489250886466,0.09190404366270527,0.30823831324572537,0.4522645573751903,0.49649236389939544,0.5030489030464583,0.4372173655757546,0.319052366155259,0.0843855376052515,0.14517271530102865,0.35845389815728634,-0.06655553353337108,0.2014206813289842,0.3682915747105961,0.12596213027541905,-0.02778489184303132,0.20523255866034842,0.36255653488922707,0.5241131732930071,0.281500260321162,0.12891717719193746,0.35548057162598395,0.4037984944460935,0.4340068379306505,0.2083520614791442,-0.5277698568356174,0.43950266518521003,0.5370550775248236,0.4554380102635419,0.4498849482069374,0.49965300758045766,0.3767351838906944,0.16886359415898794,0.049127365807412275,0.07908236170904931,0.3982156412320585,0.22927598430921126,0.3783037755672248,0.39892989873497275,0.0331873388274116,0.33406121366242786,0.5679802737138064,0.22526225632780292,0.2461758493090205,-0.0790847833697892,0.31883746281745967,0.4305973561771571,0.30567811178962967,0.22351434455661084,0.443190731245098,0.25803764711829147,0.3336025325782229,0.30505198428709185,0.2068689166124614,0.19964332763247078,0.360255017920116,0.4041963944310744,0.13725506340512583,0.3633456804389797,0.5190058670051344,0.10237603032591522,0.22498311573035537,0.3145382560314086,0.46860890939722877,0.09757568295547457,0.45186345902092007,0.40217691405978484,0.19155954359149843,0.2561035441954468,0.29203627249434067,0.3784262067467008,0.15807348865230686,0.265377817446781,0.0021478117850633124,0.4556657844419602,0.28068675702654083,0.11117375871091134,0.23004845953658204,0.35569401899878283,0.35739454448841956,0.18306486815917367,0.3206235100271713,0.4327947795783803,0.45727601564292447,0.5142936671864671,0.5056683538076941,-0.026315593451577232,0.44209929835622225,0.2165295937425376,0.026311964688353656,0.3708830234696863,-0.1532180184285073,0.33611316100215044,0.24561692462629978,0.38867487015639807,0.4625197545358694,0.2911994755997578,0.4083634375686984,0.22686665638509668,0.35844334153894714,0.5270677191230517,-0.007999766319987615,0.25959283057771465,0.545893738237282,0.21343543684117838,0.28389668380099586,0.13460417948198433,0.26655900781710706,0.4692443820401708,0.4394654253613972,0.10646023346348343,0.17425128615933275,0.4873733845700227,0.4053674661882198,0.45143571265921706,0.1803993353701556,0.19194614470646099,0.3014926736557482,0.46637603427389274,0.2689372984274845,0.38943204455696345,-0.09656794581835018,0.2467570085632448,0.2904253864742935,0.14219274488197298,0.18829362838805327,0.4241849773839014,0.2564601194490299,0.281723871616065,0.44168022521690065,0.42518626567094187,0.3876861107581959,0.1865985373561462,0.49349098983775097,0.4023929765677804,1.0,0.45336605102289396,0.517351657433167,0.38706109889177126,0.49384778601748647,0.36975511841898684,0.1578842068167211,0.30303713286796374,0.2613234969624631,0.3469998212167996,0.4466172094067194
XECUSDT,0.7900074969529035,0.14058215397290205,0.773867221851876,0.6800125671342867,0.842462140377316,0.33600882086224876,0.47366337414628495,0.32927804710532993,0.40628963481628644,0.35203225469880683,0.2374168268116468,-0.029089945491467664,0.738005608062832,0.6666937143261745,0.6452908422338649,0.6858772390913054,0.5326223091167086,0.6271032338245185,0.6523320406140138,0.5622019926939209,0.7907278527214626,0.8769791591286773,0.34284137382463986,0.5963059304993057,0.6459934962002123,0.6374172580932737,0.7587964846329137,0.48106544832681497,0.5246956472183574,0.377267635220569,0.45304662873770885,0.7187816244420067,0.7590761108383864,0.8016202982361924,0.7583827364703282,0.7124219520919025,0.4636578808051693,0.6443876698332228,0.5327684404701257,0.45796388618307965,0.4356379727075291,0.7884705936575436,-0.004872831611530202,0.5190861053793707,0.5987916283208825,0.6262326856778425,0.8033874479440674,0.5917213634127622,0.35783276127636215,0.4303471389343176,0.8479681430314032,0.764670704814594,0.5641240560696632,-0.21123202130179045,0.8516278371443036,0.8376501239478167,0.7817601355031301,0.6777109407411064,0.7889679397634413,0.8215004887419434,0.2543382491408343,0.40768466687434257,0.24632894161915347,0.7554640706045325,0.6438669815569035,0.6296386924647803,0.6903084884132732,0.2773126105688411,0.4547196833142102,0.7766445927195714,0.5758479511061929,0.5849976921132769,0.39800101011842826,0.6416266630712306,0.7466028500919892,0.5953893697959193,0.2610044992741513,0.7074520248651541,0.6283554002581074,0.6409036076489989,0.16748042492615217,0.5424773922235666,0.38292124570675684,0.721749925024373,0.7346599498701591,0.4780061714478169,0.7177248888128783,0.8437466840263135,0.570219365124402,0.4311431526896878,0.7600719982396053,0.8523991475239021,0.6974658272560148,0.8684049417958857,0.6512374298604132,0.6774109589139982,0.728221190326654,0.6671183262447964,0.6622701745209978,0.6575536546903179,0.24318320532873325,0.16556247889385475,0.5619203337202797,0.4925888443669976,0.46934266068797176,0.3827820303737258,0.6943904324815532,0.6895400031806801,0.18396555650465102,0.4909877082366727,0.7665345853982127,0.6833651490339154,0.7694171984551896,0.695253272920124,0.3916893775799887,0.6380020030019472,0.642098114835588,0.1562549872521931,0.6427880833539257,0.12618771624673955,0.6780451083736595,0.6476017816668961,0.7192432431522436,0.43851664928172357,0.5093727466489045,0.5801045228978323,0.6598248129465568,0.702212267463082,0.8522637709208148,0.32025666577779394,0.6390206890721667,0.8081938998843705,0.3935345047970263,0.3336329365524662,0.496333279879558,0.6822633813198625,0.8183354045986319,0.7647921092460922,0.21014916297131714,0.6789086956093321,0.7932346301096301,0.7384552562176036,0.8123307183966864,0.3368839331535146,0.7482729888072034,0.7346158951716543,0.8163333414708038,0.5614412743728715,0.2685226541949384,-0.16012287952780968,0.18675873652305525,0.7261419231088436,0.11798333541624867,0.43378335705091503,0.6787679013786342,-0.030884284106034252,-0.003674572664438954,0.8563511686383841,0.8167578505131681,0.7156790010414816,0.2514651377414408,0.7123319665648934,0.6479508466933424,0.45336605102289396,1.0,0.7141297680081228,0.5254519510457701,0.7857950222043758,0.7868694182286256,0.64316683915658,0.7322322649044334,0.7343939428290404,0.7773085381803456,0.7950988202276879
XLMUSDT,0.7602191949602446,0.00987875769764233,0.783057455371468,0.6564403538174952,0.8224445988152221,0.1407826557945633,0.44475664970874607,0.2852692724310199,0.3700794841783894,0.5632282419613441,0.20526498361053996,-0.10368765543027743,0.6593826763422723,0.6194637883021364,0.7185786358821518,0.6755749028044816,0.42765581083450543,0.5931334128646066,0.5620828561792315,0.6381326435227062,0.65080472616112,0.7948569400144424,0.3544895996851794,0.47803550177572995,0.5982044287691746,0.52813657755764,0.7308118023446577,0.35759086637866183,0.28429322606451063,0.3440089856752406,0.402480643348721,0.7213791932344968,0.7737771457387013,0.7786667270132258,0.7568708726933898,0.6149191976704681,0.47823156099298914,0.6869709616159945,0.5141847278200672,0.33189329690748814,0.537017120910968,0.7481971635986292,-0.09686191452839209,0.3567243036278696,0.7006185361884146,0.4659481919236633,0.7984083152167413,0.4385433171994768,0.19378661195589175,0.4248651889889242,0.6645768672970362,0.710601305950874,0.6319059204743115,-0.13405860454527002,0.7484071731880128,0.755489837930244,0.7659809737178963,0.7853788884105669,0.711301137085429,0.7461717215851829,0.01214181120423956,0.31853254864402025,0.11609319220414091,0.7320318139062449,0.5031178374404452,0.5776553162026996,0.6212223285718103,0.10411451637882695,0.4158991504502079,0.8081142018538452,0.4423735242088872,0.5092250866731695,0.33073761241509236,0.4688786176979307,0.6836632863289939,0.6257994109685018,0.12780680538967332,0.6706229943170366,0.5888078767411937,0.5645185654418321,0.36009732647586695,0.3154990108152292,0.30395534284232895,0.6415770108232602,0.5152756947449281,0.5072737592173194,0.6910844325921817,0.7969037595723888,0.5540561243450336,0.33071625083876754,0.6244819970845367,0.8072280525346727,0.6103491351991014,0.6895012119457106,0.476361922496218,0.604395425510357,0.6680110069767381,0.46851087353956267,0.6474907538799607,0.5080528760142023,0.29676130677137136,0.09358526806754194,0.7521862702076979,0.4465832720930749,0.24351819030811991,0.4513935933024484,0.6295816735670307,0.6053325332502673,0.2701636495958338,0.31673601759601855,0.812786705634935,0.7347133980326185,0.7259523037157545,0.7125298341350053,0.20115564981461093,0.48232304958603023,0.5248901753259337,0.1575485589518273,0.6442824135793143,0.37477738237918823,0.559902631594188,0.5862593490053781,0.6203647784806957,0.6161590057847915,0.5559059805428828,0.5951917344186254,0.5698658839910103,0.4838558735531429,0.764879498673992,0.28354712502212454,0.6218765477346638,0.8286489000437318,0.37522785638089573,0.26976770650347065,0.4286575377428303,0.4789095221680637,0.7714202171164434,0.7870707917197424,0.37786910938081286,0.4965923713761057,0.773462495846507,0.6900263467097254,0.745735149493028,0.11330646822514386,0.4793207104280097,0.4880361630676197,0.785007640774459,0.6573210034935563,0.41159557967383587,-0.03916379540018825,0.1869737738618191,0.6452504442910282,0.03980211065191319,0.44073511219850864,0.7426677657303169,-0.10284760447218226,0.15353898283860426,0.6825334584355236,0.809446715662859,0.5620657048304988,0.3098412137022637,0.7856296205108813,0.6585741512344114,0.517351657433167,0.7141297680081228,1.0,0.6256575393498132,0.7400415728514141,0.7579696391407802,0.5946193273588325,0.5207973586378764,0.5977082606229568,0.6409971407323262,0.7267331612310233
XNOUSDT,0.6302194749736828,-0.024568247900193466,0.559708339809204,0.39502683282578865,0.6081711099978521,0.3036995430068139,0.3623901826400512,0.23016559082516885,0.42688503831475344,0.5844940679502204,0.1305730777772595,0.07076196785363678,0.4923495500490701,0.7298203072193684,0.40054418286075677,0.558655769549021,0.1061673930006072,0.5568732751398371,0.5275671236424324,0.5415680425407307,0.48212119012248067,0.6642318225285819,0.4771062495044162,0.460505916408567,0.4205232860864763,0.5945282597848762,0.5333480050696895,0.4295448362948556,0.3806530872809301,0.2942756098664138,0.5629043379816011,0.6357593731580914,0.6305527387969678,0.5759760828616474,0.6202334180373371,0.5749504553446172,0.29307550778267016,0.6065739023700417,0.40115992529431405,0.2254943335476703,0.4329590299692096,0.5619141188068457,-0.05468267644738832,0.3636171937201512,0.44834029095788164,0.5325937841114221,0.5161064778218624,0.30075599490941696,0.2433627223128471,0.21775149651730447,0.5076700032727098,0.39313104534264065,0.5293707219169675,-0.1877388437213993,0.571452710175741,0.587987915534944,0.5635364391064999,0.41065021182439143,0.5532360140719597,0.6370759395500406,0.2709595133836055,0.133707698459828,-0.02524760377268557,0.584553921544547,0.2993805983355284,0.3388043732757669,0.581274880491656,0.27244682501296896,0.20505173026043502,0.575199725259979,0.5241220919441065,0.4638373890959856,0.4431466117120247,0.4370263983601434,0.5912122123799441,0.4348867112068351,0.12000815277285386,0.6008152555321791,0.6106093057984093,0.57596292218179,0.2676188814273087,0.3112721857296459,0.24439976556298498,0.42763411823325204,0.6184292349386942,0.4791985093237293,0.6007751065597037,0.6022894084994603,0.446854104740639,0.0970878739654282,0.44440845705995485,0.5508170166264199,0.4490592999662099,0.6386317460321795,0.40872492537906707,0.5816650201559954,0.47906147979598535,0.34776267355001733,0.565110223647157,0.3016499886182168,0.43423924200365066,0.2206080875611633,0.5322360957751796,0.2880724564856805,0.30872918355802703,0.3866633489545255,0.4593470587501446,0.5787298151680235,0.25901081068308374,0.3628259940114371,0.6930669866433005,0.4871195353656066,0.6808149423472082,0.5900453166620456,0.010797353450011217,0.5606177244705277,0.3651908888074061,0.29486059506138673,0.5898050567693618,0.23555955727740507,0.37734965959745037,0.5417226513489268,0.4813828010091307,0.4926392183669278,0.5622811144133654,0.4328216276297686,0.5413057577091824,0.3117337201927946,0.6348738411557735,0.21389655595801607,0.4148283919098135,0.6053123448357308,0.36848037596619726,0.43858832574986306,0.49091568644317407,0.4398970990634327,0.565762616408116,0.499583481208572,0.04931147303345787,0.5451454400309512,0.7037273534134528,0.464388314611101,0.583651226482733,0.31698232964019596,0.48289898603073356,0.5704705782901214,0.5820153525667875,0.469299063351264,0.2728448455338606,-0.16831653078629624,0.241039661041166,0.4983991123933453,0.08314622160707309,0.28721428817457334,0.6077415374588495,0.0848163015942096,0.018817943623105324,0.5089194284341908,0.5119203955911044,0.4276330499121625,0.26233809084610715,0.5739428037753118,0.5219768324210872,0.38706109889177126,0.5254519510457701,0.6256575393498132,1.0,0.46811130221933217,0.6028339897527921,0.656494411467789,0.3832023186001608,0.4119846368866162,0.5586793977929635,0.5579021120406991
XRPUSDT,0.8975077107168868,0.23902486048132351,0.861148020977935,0.8224460478793774,0.8925821142829994,0.22890752429344674,0.5292463662654118,0.37947165287492796,0.454839139036664,0.5298553123349165,0.29744484484445266,-0.020812271119051488,0.7701388288916625,0.733423491121886,0.6845271256683472,0.7897425235995442,0.5990314461474442,0.7050711358929642,0.7548349469644785,0.5750521051113784,0.7061802332078103,0.8848749388986327,0.46206606009402895,0.6310617872203445,0.6053913445694026,0.5765187642268851,0.6798476395726226,0.4482255564847766,0.6237299594179135,0.3496103212697846,0.5421369541630235,0.7758042392434575,0.9234098554795716,0.8688304823028217,0.8922526079493714,0.6575127052611383,0.4348019317514036,0.6174080486096297,0.5483138041985789,0.40022378508328554,0.5741109946470374,0.77369632541267,-0.0619992643844224,0.5428331497858735,0.6613105798349316,0.5706807667970173,0.9159509172830733,0.7702172771740289,0.0982930027043347,0.2712186043996787,0.8590061892214184,0.8624047749583837,0.7352425061864217,-0.18173698767125032,0.9379878174177978,0.8081421977728283,0.956385968945228,0.8200000555826903,0.8784859380384122,0.8728759699731778,0.15239477262519172,0.3902718954055764,0.3273050559600605,0.7843230876609744,0.36445845965970514,0.6157539557051142,0.726141883250751,0.15013461179524257,0.7256640474749474,0.8921699575278014,0.5406566589010245,0.498598474108548,0.47705817894934804,0.7858203274056694,0.7793311140578901,0.6205658536899507,0.362143732932479,0.7739935949090009,0.5630096949176241,0.633978259090273,0.25750990217987146,0.3984624360526822,0.23574462318557415,0.883764910757004,0.7478618312527381,0.36320388896388267,0.7660215199628997,0.893973017175069,0.7222284156889399,0.3763990951658705,0.6843682427722901,0.8996900794700892,0.675658676425897,0.8109268725471933,0.6131795453276777,0.785676249109585,0.8453966940698368,0.7618775512560271,0.7865403266052985,0.5056148494169491,0.4904087232587005,0.07078298624827567,0.7706710044178573,0.6232861931348042,0.16073052045540137,0.1426911136023867,0.815119160569989,0.7629033433370704,0.20762390118878155,0.3650207213249427,0.8860190042898507,0.8747507868021469,0.8723154231989423,0.7394234585425565,0.19466325970745163,0.6216670534408747,0.7077787320520335,0.24189836603622314,0.7782642170129066,0.16824378912727123,0.5401145388346021,0.5891010365563942,0.6663155235768946,0.524676340829437,0.49690244907191006,0.7520420594540806,0.6986057113646846,0.6329276379859825,0.8667317962140647,0.3513036612175707,0.6391696960530815,0.7956056381455516,0.4812690917581096,0.42513226043372343,0.5345277784914383,0.7043434981844304,0.889363003161747,0.784975451324564,0.21204958267325413,0.5531206552269253,0.856554978645761,0.7928250103527801,0.8200082376387157,0.2559174637963494,0.5828187152301652,0.6226927956365859,0.8975954955789059,0.6222821910148916,0.3131509734803226,-0.12294986666970241,0.24931107100393055,0.7314663444601952,0.3121804974140803,0.4295887013737693,0.7474271383805048,-0.07886634822744099,0.08824710580316322,0.7333598321038659,0.8470753987815521,0.7723135302319978,0.3525364196992567,0.8179075157603619,0.7964094510894931,0.49384778601748647,0.7857950222043758,0.7400415728514141,0.46811130221933217,1.0,0.7771922258111656,0.6787679385920629,0.7581486209339897,0.8226626020471286,0.8030762560241109,0.8291505189404049
XTZUSDT,0.7904648523960286,0.0037220550755834515,0.8352329329341065,0.7390896447873286,0.7818503252977549,0.1992453393321983,0.49363969642140787,0.381867110573999,0.6095471955257026,0.4348334578023376,0.2540939323356713,0.04951554423262194,0.6876301162920637,0.7187110339738011,0.7376489811932531,0.756829856823606,0.40612885919220876,0.7190651613155219,0.7320310547182834,0.6400635018770788,0.7278386233986182,0.8241326251347134,0.40471932423149276,0.5248557342614715,0.5891899931126675,0.6209647219240749,0.7050480580765968,0.5176962189768399,0.4657997203330383,0.31193204651525497,0.5652095241864803,0.7390309166681445,0.791063639298535,0.764851631573465,0.7993536820255898,0.6158660097924497,0.4626706111134082,0.6971674432907397,0.40546962574666906,0.4507303258417197,0.591013261043563,0.7328443455421325,-0.047330766711654586,0.5121377814165894,0.6054747570745342,0.5775779307766966,0.771684296466337,0.5498740255755923,0.13859917402450297,0.3732173751291817,0.7974922967187734,0.7596629633879091,0.5830766238989002,-0.0938815720170841,0.7990951647084314,0.7368119045976447,0.7914327661993007,0.6990853407018222,0.7855434829972179,0.7816531174940737,0.04919201240910654,0.32287466657399805,0.03415953089167175,0.8003389880727511,0.5664698330527674,0.5461604736253636,0.6824277395881647,0.13688401838082523,0.4115780849503306,0.7533103818513436,0.5515924423341526,0.6103689182884074,0.47490451375011294,0.5916641423841582,0.782345835139604,0.6120933142043279,0.3747852865744888,0.6857767542696108,0.594206702847883,0.7062791344149719,0.2054992493753057,0.3477458930761133,0.21043254252979304,0.7259894186742586,0.6328128277974949,0.3300849391989333,0.6254391390770532,0.8145503329221818,0.6505409860327088,0.19559033435141815,0.7684362261652515,0.8274223007570395,0.717267889850879,0.7392339278108244,0.5885054863876473,0.7517673341823486,0.7338340275852,0.5893067227884261,0.6701293927557531,0.6158405350035058,0.3539187181514252,0.14888493643334952,0.602033046454557,0.5683861982647618,0.35965210812217574,0.28426435743312334,0.7913623011898634,0.7656397078577232,0.19718862507636978,0.2673012771302903,0.8276695248473778,0.6999515193182739,0.7898497064588742,0.7063130435424908,0.2637817930577194,0.5325261438121004,0.5889025648015858,0.2682922591778311,0.6371265800574726,0.5193828761113111,0.6494224226239489,0.627126161846284,0.6473399386750496,0.5857762687763627,0.5005682870057401,0.5826062973256624,0.7071972005996214,0.5080401543392676,0.8519802837143433,0.17528906945229863,0.6419412662080983,0.8295985249013459,0.47538713877246414,0.335578555103615,0.6856130545939314,0.577325810981814,0.8415216189943243,0.7315655221886407,0.14124080513738055,0.6104806582610385,0.8490625278396988,0.6568850944658153,0.763425201657733,0.29947243625437286,0.6398495676496667,0.5601373852357894,0.832078226207969,0.6703698863507721,0.40212471504770125,-0.14109357614513757,0.21790571234446024,0.7900112544775402,0.1378801088965156,0.37558786373382896,0.6906951052545058,0.0356440836478176,0.15367349832411048,0.7033439190923362,0.8024512007627166,0.7922288732978435,0.5566317931943982,0.7876725045923748,0.6770385731548375,0.36975511841898684,0.7868694182286256,0.7579696391407802,0.6028339897527921,0.7771922258111656,1.0,0.8181968936354321,0.656593773723213,0.7097394518062758,0.7348812178036039,0.7569270868156934
YFIUSDT,0.7019433167348968,-0.05124069743452429,0.7128659530409067,0.703552651808461,0.6599098239584935,0.2249202180017422,0.40299095693724807,0.3085441848079452,0.5321858282935739,0.4042315660626339,0.2326332893505314,0.1543687774212815,0.6006996192731199,0.798346181533703,0.6006750302133415,0.7028302849760161,0.2734502990329959,0.7067147609023522,0.7001337308335782,0.47135858919818324,0.6045811366427685,0.6852897079637622,0.5122641564354196,0.5125975672641256,0.513967448700791,0.6314663000218712,0.5758517949908258,0.47195225868130397,0.5184226096123473,0.1954613260797954,0.5609992840627487,0.660662078712363,0.7433645701758353,0.6512105354215626,0.6941342033145973,0.5496443584932618,0.3422595880288795,0.7834057402938949,0.29912707069535227,0.4493154541977267,0.6653172468281888,0.5991297163133753,-0.02743474024730893,0.505992188839408,0.45805651300869626,0.6865575712987354,0.618701906196714,0.5587436220360974,0.07781275134266741,0.115687941173174,0.7203812571329967,0.5830639762758628,0.5440995468461597,0.031214160083426663,0.745510653744709,0.6450848332047163,0.691214723166954,0.5570537840669854,0.7570999195751874,0.6865649378935897,0.09382782931842679,0.3453373595520257,0.07905371413149548,0.7471607711736541,0.35966384577463295,0.5048294519272877,0.6231890338834674,0.18416357107887144,0.4145081298289639,0.6085624083742057,0.5589683468837198,0.597372149275216,0.5840849977942054,0.5941701450301603,0.739444760041926,0.5100281153900368,0.1310874132463285,0.7571071885281261,0.6749511819615849,0.6318998943732772,0.08560103619086486,0.3651356083939397,0.23459292795532632,0.6242867881431576,0.6122186214203071,0.3751514392731861,0.6008093823735434,0.6790755268375518,0.6717879336139017,0.0475509512621463,0.6743848115470097,0.7141645532294648,0.646468178287383,0.686050665355774,0.5817292373562535,0.7753181951574792,0.6535687676238098,0.5455038150691822,0.5850545998071003,0.4520080266781658,0.3591984765289795,0.24758521127271607,0.5703065558327646,0.5718064768229613,0.30723280774885947,0.0816112611323034,0.684294914128696,0.7056936913923543,0.19754225355441674,0.2335892458390079,0.7679326671287279,0.5699933844297312,0.6776734164469828,0.6375479035003926,0.2277896710488096,0.5273546987666915,0.6370555361164861,0.13921196226722832,0.5746280720879113,0.38006517099931647,0.4693136734312742,0.6140568034825857,0.638157704641158,0.4310538957671774,0.4454122482705555,0.5730532519794993,0.6920835672893484,0.43901452941890917,0.7530684727269411,0.20076535727758799,0.4518340126015884,0.6112085581171354,0.4276000867256659,0.3368026683912947,0.5990892286621876,0.6373486813755943,0.7261520422176639,0.6109547839156055,0.0936975250322728,0.7358543856157028,0.7659486969294599,0.47747416127188524,0.7277953590789578,0.4830356183142412,0.6651713697507088,0.5864217981115644,0.7374759232436184,0.5570434903721432,0.28647753811428617,-0.1438270624804278,0.01481785623259917,0.654739502375065,0.28453513945375103,0.29654145516370006,0.5529806081669995,0.09285263812891285,0.006332123111145118,0.5563058364750748,0.6013975159063353,0.606640162261255,0.44334456574203834,0.6009122072141186,0.5592641425428405,0.1578842068167211,0.64316683915658,0.5946193273588325,0.656494411467789,0.6787679385920629,0.8181968936354321,1.0,0.5599077999111142,0.6235436064695219,0.6593605608805416,0.7514612228866167
ZECUSDT,0.7186154251857275,0.015480125161295419,0.629616574582406,0.6315548375047048,0.7157770439359548,0.22798586992236222,0.4185083275235689,0.1436300290837561,0.41578204351297815,0.41044627335194045,0.28805004406437745,-0.010510175138690772,0.6525627718665838,0.620215191985561,0.5525362699644032,0.7080021633583123,0.6116968911713079,0.5269790625944349,0.7843421313839856,0.5145039485889226,0.4547242602958639,0.7345461075721084,0.2792376867505822,0.5324819925583248,0.5068375693054226,0.5011854787426622,0.5590283435027532,0.41398068359232804,0.4340245042388641,0.3589574966503061,0.2513773242105251,0.5820361898037127,0.7289820072427432,0.7878844552410232,0.6986762526201681,0.5903691224147566,0.23473716759953478,0.46788279559259355,0.45684483583392366,0.33680596472014757,0.3982516775570268,0.7511430904037787,-0.05532703366516723,0.5616051248170308,0.5203772262610052,0.38532136497419517,0.7247496483425694,0.7547986457988417,0.10611130772292729,0.28712548520699227,0.7229487049246097,0.7351247524678597,0.6556916388646328,-0.02040470456468304,0.7881788139997644,0.635055196799789,0.7742548410309639,0.597430876428138,0.7333679688865197,0.7612206218930729,0.2664088705909149,0.5110362762044177,0.18247746319462854,0.7126985255991143,0.3370523247944394,0.5943783651749662,0.5850252637037535,0.10432874278482036,0.5902102612051446,0.718113394169156,0.4876861901456759,0.35450017574189924,0.41894581109588425,0.6846833178657867,0.6725751571346508,0.37669925767097656,0.3493788069564495,0.6216133079050573,0.3926835527458228,0.6114589701978869,0.04485654122235128,0.5485597958704208,0.34026873559094106,0.7890612476768771,0.5964835922832974,0.2506549026997932,0.6626389442978159,0.7204750400170628,0.5015231442805265,0.3163795770881574,0.6379314138915547,0.6694629252795683,0.655786840284704,0.760667177723211,0.4683727142929424,0.6309496825395694,0.6696825525312181,0.7142886326518367,0.6395231894798835,0.3612376030561782,0.3288740930668394,-0.03578402900337161,0.6195471637879474,0.4865455885077221,0.12112757904265774,0.16230234636094668,0.7560071521375186,0.7470954169502058,0.006007212914387986,0.6260398959338286,0.7372621463189697,0.7253535234053228,0.7174543576007322,0.46651331557208625,0.3256152536678963,0.4925711617571298,0.5751915605551544,0.09650806981552022,0.7205622175393445,0.055461032335757846,0.3946477634046445,0.5386675418908999,0.5914134809435818,0.3608771873682022,0.348080444247413,0.593673276866611,0.6018406766330442,0.5904941469849135,0.6928061358288002,0.3360605219152352,0.4772093968306493,0.5709758829167377,0.5306468363205299,0.2685834375690043,0.4882778799882099,0.4871261388483327,0.6774789886536545,0.5667279212112598,0.25575387779518566,0.3374039492692305,0.7523010116145459,0.6366193987807248,0.6354168705622089,0.18605917310791464,0.5914287559712348,0.7139441099770524,0.7663352778153262,0.518098616514081,0.19563586706680647,-0.2703083814235452,0.1685144006795156,0.6240868014352046,0.0818439005421273,0.24966344435716686,0.5694940093628544,0.0034879634637343475,0.13740366568873125,0.6174369436260462,0.7914168029689668,0.6942494120942734,0.18986421785630322,0.7447451473957706,0.6736861228700197,0.30303713286796374,0.7322322649044334,0.5207973586378764,0.3832023186001608,0.7581486209339897,0.656593773723213,0.5599077999111142,1.0,0.8057041845537298,0.6445769919413255,0.6477597114951047
ZENUSDT,0.8200560901583096,0.05509053993414152,0.8167960242704569,0.8093379885551705,0.7643966447619236,0.12653992388173235,0.4876290606237264,0.31025739439281846,0.36487629112519426,0.47208795004885784,0.3658254263686168,-0.10576389377842785,0.735908602835744,0.7136904920275912,0.5778140873663286,0.7862034319509924,0.5991028496862548,0.6590189982296908,0.7285624219382173,0.5641960866472752,0.6448949204028885,0.8121923234226903,0.4924461013242239,0.5972105253754862,0.5570445410810454,0.4951570107826239,0.6243974252851157,0.44423122237406804,0.48388536257043635,0.3299520279719646,0.3448892368425129,0.7861282023138132,0.8116481567278352,0.8221712950229199,0.8067362693798429,0.7044055419465777,0.4332452305254352,0.5283592806998445,0.5516838111835122,0.489717835289562,0.5348388758286575,0.7303628106760741,-0.20904204054258074,0.7638940622310155,0.6098739344279673,0.4547377409173784,0.7999169852687397,0.687892347776039,0.05923441650098385,0.32948091983068106,0.8281039997194105,0.8482402284460652,0.7510455496371214,-0.23019924288951443,0.8305592124637224,0.705901021546343,0.8559293307913627,0.655789462706222,0.7415298077377472,0.8513718396465184,0.15754633596319303,0.4038274146524486,0.31012750366404057,0.6936548096335893,0.46286893627223463,0.6307944966968099,0.6761635459918967,0.1359526704830349,0.571471000780346,0.720954976978302,0.5434773471277309,0.44486900756562825,0.6579368291984815,0.7398204218303999,0.7852097118654744,0.45361206376869784,0.39588382233105923,0.6970076041711664,0.4924500553340647,0.7164982025578316,-0.046401843220508644,0.4667910661474991,0.2372620453633722,0.8002289168796971,0.6843686843879148,0.3987094260570863,0.7453667099575442,0.826539942404978,0.8014854563837444,0.3968364758061234,0.6853024304778523,0.8103238709452396,0.7113080344499141,0.7480321936411299,0.5048974699312935,0.7999031018531845,0.7917903984816985,0.7115934094450758,0.7467624377396846,0.6035459850000735,0.28059908324437105,0.06638650119378792,0.7493689149930903,0.5513623557209522,0.2916554501656824,0.1763633666834155,0.8126155558438732,0.7765596754573488,-0.01522414316718412,0.5129193458317585,0.8288331931004782,0.75381707242724,0.7888791702685498,0.4944725712068755,0.2516904741345507,0.5751452218033367,0.7020194008553651,0.3198410267869229,0.7178450063119102,0.11722658580836962,0.6094135536995926,0.526974364278272,0.618525197263537,0.40608600248755405,0.48312999322679223,0.6374123767166066,0.7333545314134895,0.6805243053891414,0.7824517311412226,0.40415908379774756,0.5598861970531805,0.6446408988330954,0.6084382902721418,0.31216968335789025,0.4570716901856338,0.5723371523411663,0.8067457465831682,0.6601769834361014,0.24325581290209367,0.4410944492088725,0.7774869537033186,0.6933821465843405,0.7671536480640105,0.2630026615942981,0.6290848987430837,0.715746693763163,0.8283101246176915,0.4937960823853109,0.28381277164538665,-0.20422525584404133,0.2884542718177647,0.6665106902031451,0.055018974394710284,0.218811538941341,0.7675038403303486,0.0356353633244426,0.12154401293491099,0.6468997446845492,0.8367983687911623,0.7048646335525207,0.20265080742019378,0.7034490351102716,0.7501875165965775,0.2613234969624631,0.7343939428290404,0.5977082606229568,0.4119846368866162,0.8226626020471286,0.7097394518062758,0.6235436064695219,0.8057041845537298,1.0,0.7018385236033385,0.7274950847048852
ZILUSDT,0.8401522647088254,0.1599702061221445,0.7689298298959891,0.7803003888240941,0.8175105145314397,0.2996463771718395,0.6236231117817896,0.4663483030507164,0.43946696664432056,0.4280353883894974,0.3463871148807453,-0.018622000634442346,0.8697911219336087,0.7545273067385436,0.4945172966079612,0.7341994069730032,0.4776474597224026,0.6593924222499423,0.6248628869930535,0.530428663784991,0.7822847419020948,0.8295202497939994,0.48764106647737904,0.632737813424411,0.5432415935209122,0.7441361567656909,0.6410216024445639,0.45624628673985046,0.5724576324113234,0.37616130026086847,0.6165541872976072,0.7339156627415695,0.7775937286122379,0.775914934515935,0.8008503828768528,0.6478568882542954,0.6003571336023628,0.6652732533803825,0.4097536686182666,0.37820014734475843,0.6104447875404406,0.7337880564643645,-0.02301274160329317,0.46078777290255235,0.66359884824488,0.5780871184795974,0.7609773640219545,0.6517891472248135,0.16266173540094503,0.1841037971583742,0.8503729891730134,0.7661008838817671,0.6153343398324227,-0.19213133376224556,0.8247467828043957,0.6601975983882372,0.8271740103544017,0.7609825585106667,0.7895770703895981,0.7975489573008194,0.1605348174184846,0.41391719256693593,0.24502549323060374,0.6946491488405868,0.5566868932455336,0.5360440747938772,0.8449317243915093,0.3899272582614989,0.4758053376724934,0.8029969601620961,0.6550828872462529,0.6600317286996136,0.5370633771318422,0.7360225230700159,0.7617887494671176,0.7140176335598317,0.1666569424067854,0.7696027723155997,0.5713867099804157,0.6703727016745984,0.2568585991133494,0.4323593359701995,0.33279135569810564,0.7564517156522963,0.7517547324844724,0.48819422752170355,0.7587483955564884,0.8315860427360022,0.6171324772351073,0.36607819328245705,0.6976792730254573,0.7998546389737144,0.7231537799906237,0.8079320269723291,0.5933742630170419,0.7543624031856081,0.7547479233749989,0.6927308260979693,0.8451328945366464,0.7238120525262981,0.3926361644720304,0.18127410540170977,0.7178581374305919,0.5552840532514561,0.3533799320387462,0.2659878882312213,0.7396178240558389,0.7588555228322379,0.3932716886368938,0.49110299536536595,0.8188147227713779,0.7063870573878599,0.859053974944049,0.737387567764538,0.19422092414584569,0.6296969918687043,0.6751291953335196,0.39245200237611916,0.7447279719933879,0.23214458994354548,0.6606820999313721,0.6379742927928405,0.7331361387118727,0.5405140139305546,0.6622492321000981,0.6157282625530517,0.7094040218265749,0.5632321274314842,0.8310787567222448,0.3436950570250254,0.6889079533626518,0.7971083549600148,0.5626936695479904,0.5707017439928055,0.508824571882072,0.7250129661550189,0.8082431435294225,0.7793805211278958,0.27319413790191255,0.6376798566052136,0.8465957260133429,0.7994770207892397,0.8230232486484897,0.3080588579516953,0.6884330100830466,0.5602306473361404,0.7908092647719992,0.45919059522212324,0.03562039682746266,-0.21944735332815715,0.40047429986999045,0.770157412951633,0.27663299889818,0.3394102213932312,0.700131626875375,0.019295943163357997,0.0701819857800443,0.6906397649022388,0.7696910536009979,0.7475073789467976,0.3147592120010616,0.7305464543110488,0.66011138802382,0.3469998212167996,0.7773085381803456,0.6409971407323262,0.5586793977929635,0.8030762560241109,0.7348812178036039,0.6593605608805416,0.6445769919413255,0.7018385236033385,1.0,0.7833511091100037
ZRXUSDT,0.831698360033124,-0.0018593852093016995,0.8069416097466158,0.7384967241523218,0.7978997958089967,0.16738242299165404,0.45500593419854557,0.4874341328005347,0.501870233367822,0.4685471431266717,0.31835414299720804,-0.05056760926574391,0.6931469747383381,0.7793374435558444,0.7428584285355029,0.7249867841214934,0.45954315761441156,0.7417844987323551,0.6193565763095006,0.46271584877313876,0.7356692694998368,0.8493558629193534,0.3967616378876177,0.7075763411822431,0.6102339632509038,0.5620175322962551,0.7507731690683956,0.44316097354500206,0.4498365880235062,0.36256015923786755,0.47285760310310354,0.7010659974281538,0.8349410725898685,0.8050061693238566,0.8305902880968241,0.5645676652088282,0.4050388084813376,0.6783834598798939,0.44941188685150435,0.3085586587892721,0.5841296005906715,0.7338217037847288,-0.010518365164879046,0.5074832836120853,0.6758685071438529,0.7170998465949905,0.8460535258642727,0.5852601272976401,0.17554031585007784,0.3037035107417435,0.8531737645088427,0.6983497534816592,0.5713371306935922,-0.19034565443647652,0.8674583176050091,0.7818274405226411,0.8402120813891812,0.7218251038413273,0.8339537246992363,0.7873702991683407,0.296120443900245,0.4600641949114894,0.1456721317794853,0.7347889292856834,0.40687944866051806,0.5919577050258756,0.7335704807998901,0.19503243774929363,0.5381213643096142,0.8392311850511182,0.4534508769195777,0.516551866321259,0.5524212737114119,0.5790256866470845,0.8606496141350389,0.6227185232248191,0.09626288606108672,0.7930665211225948,0.7003521932680808,0.6482909815732457,0.21999434145493002,0.47213186712108957,0.2742962889278838,0.7511975930637873,0.6910739118205549,0.4343951762272091,0.7149703441953441,0.8556601217099161,0.7392084092385426,0.3437755524044129,0.7704261041340904,0.8538944665046813,0.6973997974126493,0.8065487703052744,0.6474070766732155,0.7432891697363991,0.7218259203702126,0.6312516150508011,0.7013116754391266,0.5575091990578995,0.4766147259924757,-0.017071358294418325,0.7327757267435399,0.5979986216203715,0.2635294812210058,0.25838347349469115,0.6842125961708101,0.7873854808126112,0.1339593013085915,0.46333464900553195,0.7918876435076136,0.6575868755661441,0.7726277868020655,0.7150736635468046,0.2803482252471398,0.6065619282340421,0.6768234578800049,0.10425501750561303,0.6645038204835293,0.2359497889680362,0.6497447034650737,0.7745093549489458,0.7718527642897071,0.48230141314485814,0.5568338855127548,0.7817657825402072,0.7134955444513731,0.5790939636867694,0.8624627329107049,0.3500791359285947,0.6048224365590678,0.7934041533752453,0.5796813088511434,0.5557490783678521,0.48459930707423615,0.7593479899205023,0.7826492160944418,0.7583322724724157,0.23366845097319452,0.6702568653930117,0.7859147155951401,0.6936764718827434,0.79954490951687,0.4483353737492902,0.7107791472472638,0.6162982025241508,0.7818798963898539,0.6391449961240739,0.27807135036999403,-0.21772585474327222,0.16002478393988526,0.7376251167002625,0.1983270075649255,0.2221210618863732,0.6762066275375673,0.03684474823017975,0.0036921738420117364,0.6789567918613616,0.7783536289927405,0.7165584393920451,0.42861234984821983,0.7103490662517395,0.665741695166466,0.4466172094067194,0.7950988202276879,0.7267331612310233,0.5579021120406991,0.8291505189404049,0.7569270868156934,0.7514612228866167,0.6477597114951047,0.7274950847048852,0.7833511091100037,1.0
